SQ_CANDIDATO,cluster_bisecting,cluster_nome
80002531643,Economicos com Poucos Bens,Economicos com Poucos Bens
80002531644,Contidos Sem Bens,Contidos Sem Bens
80002531645,Gastadores de Elite,Gastadores de Elite
80002531646,Gastadores de Elite,Gastadores de Elite
80002531647,Gastadores de Elite,Gastadores de Elite
80002531648,Contidos Sem Bens,Contidos Sem Bens
80002531649,Gastadores de Elite,Gastadores de Elite
80002531650,Economicos com Poucos Bens,Economicos com Poucos Bens
80002531651,Economicos com Poucos Bens,Economicos com Poucos Bens
80002531652,Economicos com Poucos Bens,Economicos com Poucos Bens
80002535609,Gastadores de Elite,Gastadores de Elite
80002535610,Gastadores de Elite,Gastadores de Elite
80002535611,Gastadores de Elite,Gastadores de Elite
80002535612,Gastadores de Elite,Gastadores de Elite
80002535613,Intermediários,Intermediários
80002536274,Gastadores de Elite,Gastadores de Elite
80002536275,Intermediários,Intermediários
80002536276,Gastadores de Elite,Gastadores de Elite
80002536277,Gastadores de Elite,Gastadores de Elite
80002536278,Gastadores de Elite,Gastadores de Elite
80002536279,Gastadores de Elite,Gastadores de Elite
80002538189,Intermediários,Intermediários
80002538190,Contidos Sem Bens,Contidos Sem Bens
80002538191,Intermediários,Intermediários
80002538192,Gastadores de Elite,Gastadores de Elite
80002538193,Economicos com Poucos Bens,Economicos com Poucos Bens
80002538194,Gastadores de Elite,Gastadores de Elite
80002538195,Economicos com Poucos Bens,Economicos com Poucos Bens
80002538196,Gastadores de Elite,Gastadores de Elite
80002538197,Economicos com Poucos Bens,Economicos com Poucos Bens
80002538198,Gastadores de Elite,Gastadores de Elite
80002538199,Contidos Sem Bens,Contidos Sem Bens
80002540550,Gastadores de Elite,Gastadores de Elite
80002540551,Gastadores de Elite,Gastadores de Elite
80002540552,Economicos com Poucos Bens,Economicos com Poucos Bens
80002540553,Contidos Sem Bens,Contidos Sem Bens
80002540554,Economicos com Poucos Bens,Economicos com Poucos Bens
80002540555,Gastadores de Elite,Gastadores de Elite
80002540556,Contidos Sem Bens,Contidos Sem Bens
80002540557,Contidos Sem Bens,Contidos Sem Bens
80002540558,Contidos Sem Bens,Contidos Sem Bens
80002540559,Contidos Sem Bens,Contidos Sem Bens
80002541001,Gastadores de Elite,Gastadores de Elite
80002541002,Gastadores de Elite,Gastadores de Elite
80002541003,Gastadores de Elite,Gastadores de Elite
80002541004,Gastadores de Elite,Gastadores de Elite
80002541005,Gastadores de Elite,Gastadores de Elite
80002541006,Gastadores de Elite,Gastadores de Elite
80002541007,Gastadores de Elite,Gastadores de Elite
80002541008,Gastadores de Elite,Gastadores de Elite
80002541009,Gastadores de Elite,Gastadores de Elite
80002541010,Gastadores de Elite,Gastadores de Elite
80002541011,Intermediários,Intermediários
80002541092,Economicos com Poucos Bens,Economicos com Poucos Bens
80002541093,Economicos com Poucos Bens,Economicos com Poucos Bens
80002542389,Gastadores de Elite,Gastadores de Elite
80002542390,Gastadores de Elite,Gastadores de Elite
80002542391,Contidos Sem Bens,Contidos Sem Bens
80002542392,Gastadores de Elite,Gastadores de Elite
80002542393,Gastadores de Elite,Gastadores de Elite
80002542394,Intermediários,Intermediários
80002542395,Gastadores de Elite,Gastadores de Elite
80002542396,Gastadores de Elite,Gastadores de Elite
80002542397,Gastadores de Elite,Gastadores de Elite
80002542398,Intermediários,Intermediários
80002542399,Contidos Sem Bens,Contidos Sem Bens
80002542403,Gastadores de Elite,Gastadores de Elite
80002542404,Gastadores de Elite,Gastadores de Elite
80002542405,Gastadores de Elite,Gastadores de Elite
80002542406,Gastadores de Elite,Gastadores de Elite
80002542407,Gastadores de Elite,Gastadores de Elite
80002542408,Gastadores de Elite,Gastadores de Elite
80002542409,Gastadores de Elite,Gastadores de Elite
80002542410,Gastadores de Elite,Gastadores de Elite
80002542411,Gastadores de Elite,Gastadores de Elite
80002542412,Intermediários,Intermediários
80002542413,Gastadores de Elite,Gastadores de Elite
80002549124,Economicos com Poucos Bens,Economicos com Poucos Bens
80002549125,Economicos com Poucos Bens,Economicos com Poucos Bens
80002549398,Gastadores de Elite,Gastadores de Elite
80002549399,Contidos Sem Bens,Contidos Sem Bens
80002549400,Gastadores de Elite,Gastadores de Elite
80002549401,Gastadores de Elite,Gastadores de Elite
80002549402,Gastadores de Elite,Gastadores de Elite
80002549403,Gastadores de Elite,Gastadores de Elite
80002549468,Gastadores de Elite,Gastadores de Elite
80002549469,Gastadores de Elite,Gastadores de Elite
80002549470,Gastadores de Elite,Gastadores de Elite
80002549471,Gastadores de Elite,Gastadores de Elite
80002549472,Contidos Sem Bens,Contidos Sem Bens
80002549473,Contidos Sem Bens,Contidos Sem Bens
80002549474,Contidos Sem Bens,Contidos Sem Bens
80002549475,Gastadores de Elite,Gastadores de Elite
80002549476,Gastadores de Elite,Gastadores de Elite
80002549477,Gastadores de Elite,Gastadores de Elite
80002549478,Intermediários,Intermediários
80002549693,Intermediários,Intermediários
80002549694,Gastadores de Elite,Gastadores de Elite
80002549695,Gastadores de Elite,Gastadores de Elite
80002549696,Gastadores de Elite,Gastadores de Elite
80002549697,Gastadores de Elite,Gastadores de Elite
80002549698,Intermediários,Intermediários
80002549699,Intermediários,Intermediários
80002549700,Gastadores de Elite,Gastadores de Elite
80002549701,Gastadores de Elite,Gastadores de Elite
80002549702,Intermediários,Intermediários
80002549703,Intermediários,Intermediários
80002550807,Gastadores de Elite,Gastadores de Elite
80002550808,Economicos com Poucos Bens,Economicos com Poucos Bens
80002550809,Economicos com Poucos Bens,Economicos com Poucos Bens
80002550810,Contidos Sem Bens,Contidos Sem Bens
80002550811,Economicos com Poucos Bens,Economicos com Poucos Bens
80002550812,Economicos com Poucos Bens,Economicos com Poucos Bens
80002550813,Contidos Sem Bens,Contidos Sem Bens
80002550814,Contidos Sem Bens,Contidos Sem Bens
80002550815,Economicos com Poucos Bens,Economicos com Poucos Bens
80002550816,Economicos com Poucos Bens,Economicos com Poucos Bens
80002550817,Contidos Sem Bens,Contidos Sem Bens
80002551825,Economicos com Poucos Bens,Economicos com Poucos Bens
80002551826,Economicos com Poucos Bens,Economicos com Poucos Bens
80002551827,Economicos com Poucos Bens,Economicos com Poucos Bens
80002551828,Economicos com Poucos Bens,Economicos com Poucos Bens
80002551829,Economicos com Poucos Bens,Economicos com Poucos Bens
80002551830,Economicos com Poucos Bens,Economicos com Poucos Bens
80002551831,Economicos com Poucos Bens,Economicos com Poucos Bens
80002551832,Economicos com Poucos Bens,Economicos com Poucos Bens
80002552141,Economicos com Poucos Bens,Economicos com Poucos Bens
80002552142,Economicos com Poucos Bens,Economicos com Poucos Bens
80002552163,Gastadores de Elite,Gastadores de Elite
80002552164,Economicos com Poucos Bens,Economicos com Poucos Bens
80002552165,Economicos com Poucos Bens,Economicos com Poucos Bens
80002552166,Economicos com Poucos Bens,Economicos com Poucos Bens
80002552167,Intermediários,Intermediários
80002552168,Economicos com Poucos Bens,Economicos com Poucos Bens
80002552169,Economicos com Poucos Bens,Economicos com Poucos Bens
130002533231,Gastadores de Elite,Gastadores de Elite
130002533232,Gastadores de Elite,Gastadores de Elite
130002533233,Contidos Sem Bens,Contidos Sem Bens
130002533234,Gastadores de Elite,Gastadores de Elite
130002533235,Economicos com Poucos Bens,Economicos com Poucos Bens
130002533236,Gastadores de Elite,Gastadores de Elite
130002533237,Gastadores de Elite,Gastadores de Elite
130002533238,Intermediários,Intermediários
130002533239,Economicos com Poucos Bens,Economicos com Poucos Bens
130002533240,Gastadores de Elite,Gastadores de Elite
130002533241,Economicos com Poucos Bens,Economicos com Poucos Bens
130002533242,Contidos Sem Bens,Contidos Sem Bens
130002533243,Gastadores de Elite,Gastadores de Elite
130002533244,Gastadores de Elite,Gastadores de Elite
130002533245,Gastadores de Elite,Gastadores de Elite
130002533246,Contidos Sem Bens,Contidos Sem Bens
130002533247,Gastadores de Elite,Gastadores de Elite
130002533248,Gastadores de Elite,Gastadores de Elite
130002533249,Economicos com Poucos Bens,Economicos com Poucos Bens
130002533250,Economicos com Poucos Bens,Economicos com Poucos Bens
130002533251,Economicos com Poucos Bens,Economicos com Poucos Bens
130002533252,Gastadores de Elite,Gastadores de Elite
130002533253,Economicos com Poucos Bens,Economicos com Poucos Bens
130002533254,Economicos com Poucos Bens,Economicos com Poucos Bens
130002533255,Gastadores de Elite,Gastadores de Elite
130002533256,Economicos com Poucos Bens,Economicos com Poucos Bens
130002533257,Economicos com Poucos Bens,Economicos com Poucos Bens
130002533258,Gastadores de Elite,Gastadores de Elite
130002533259,Contidos Sem Bens,Contidos Sem Bens
130002533260,Gastadores de Elite,Gastadores de Elite
130002533261,Economicos com Poucos Bens,Economicos com Poucos Bens
130002533262,Gastadores de Elite,Gastadores de Elite
130002533263,Contidos Sem Bens,Contidos Sem Bens
130002533264,Gastadores de Elite,Gastadores de Elite
130002533265,Economicos com Poucos Bens,Economicos com Poucos Bens
130002533266,Economicos com Poucos Bens,Economicos com Poucos Bens
130002533267,Contidos Sem Bens,Contidos Sem Bens
130002533268,Economicos com Poucos Bens,Economicos com Poucos Bens
130002533269,Gastadores de Elite,Gastadores de Elite
130002533270,Economicos com Poucos Bens,Economicos com Poucos Bens
130002533271,Gastadores de Elite,Gastadores de Elite
130002533272,Gastadores de Elite,Gastadores de Elite
130002533273,Intermediários,Intermediários
130002534429,Gastadores de Elite,Gastadores de Elite
130002534430,Gastadores de Elite,Gastadores de Elite
130002534431,Contidos Sem Bens,Contidos Sem Bens
130002534432,Economicos com Poucos Bens,Economicos com Poucos Bens
130002534433,Gastadores de Elite,Gastadores de Elite
130002534454,Gastadores de Elite,Gastadores de Elite
130002534455,Economicos com Poucos Bens,Economicos com Poucos Bens
130002534456,Contidos Sem Bens,Contidos Sem Bens
130002534457,Gastadores de Elite,Gastadores de Elite
130002534458,Gastadores de Elite,Gastadores de Elite
130002534459,Gastadores de Elite,Gastadores de Elite
130002534460,Gastadores de Elite,Gastadores de Elite
130002534461,Gastadores de Elite,Gastadores de Elite
130002534462,Gastadores de Elite,Gastadores de Elite
130002534463,Gastadores de Elite,Gastadores de Elite
130002534464,Gastadores de Elite,Gastadores de Elite
130002534465,Intermediários,Intermediários
130002534466,Gastadores de Elite,Gastadores de Elite
130002534467,Intermediários,Intermediários
130002534468,Gastadores de Elite,Gastadores de Elite
130002534469,Contidos Sem Bens,Contidos Sem Bens
130002534470,Gastadores de Elite,Gastadores de Elite
130002534471,Gastadores de Elite,Gastadores de Elite
130002534472,Gastadores de Elite,Gastadores de Elite
130002534473,Economicos com Poucos Bens,Economicos com Poucos Bens
130002534474,Contidos Sem Bens,Contidos Sem Bens
130002534475,Gastadores de Elite,Gastadores de Elite
130002534476,Intermediários,Intermediários
130002534477,Intermediários,Intermediários
130002534478,Intermediários,Intermediários
130002534479,Economicos com Poucos Bens,Economicos com Poucos Bens
130002534480,Gastadores de Elite,Gastadores de Elite
130002534481,Gastadores de Elite,Gastadores de Elite
130002534482,Intermediários,Intermediários
130002534483,Contidos Sem Bens,Contidos Sem Bens
130002534484,Economicos com Poucos Bens,Economicos com Poucos Bens
130002534485,Economicos com Poucos Bens,Economicos com Poucos Bens
130002534486,Gastadores de Elite,Gastadores de Elite
130002534487,Gastadores de Elite,Gastadores de Elite
130002534488,Gastadores de Elite,Gastadores de Elite
130002534489,Contidos Sem Bens,Contidos Sem Bens
130002534490,Gastadores de Elite,Gastadores de Elite
130002534491,Gastadores de Elite,Gastadores de Elite
130002534492,Gastadores de Elite,Gastadores de Elite
130002534493,Contidos Sem Bens,Contidos Sem Bens
130002534494,Intermediários,Intermediários
130002534495,Gastadores de Elite,Gastadores de Elite
130002534496,Contidos Sem Bens,Contidos Sem Bens
130002534497,Contidos Sem Bens,Contidos Sem Bens
130002534498,Intermediários,Intermediários
130002534499,Gastadores de Elite,Gastadores de Elite
130002534500,Contidos Sem Bens,Contidos Sem Bens
130002534501,Economicos com Poucos Bens,Economicos com Poucos Bens
130002534502,Gastadores de Elite,Gastadores de Elite
130002535275,Economicos com Poucos Bens,Economicos com Poucos Bens
130002535276,Gastadores de Elite,Gastadores de Elite
130002535277,Contidos Sem Bens,Contidos Sem Bens
130002535278,Contidos Sem Bens,Contidos Sem Bens
130002535279,Gastadores de Elite,Gastadores de Elite
130002535280,Gastadores de Elite,Gastadores de Elite
130002535281,Contidos Sem Bens,Contidos Sem Bens
130002535282,Gastadores de Elite,Gastadores de Elite
130002535283,Gastadores de Elite,Gastadores de Elite
130002535284,Gastadores de Elite,Gastadores de Elite
130002535285,Gastadores de Elite,Gastadores de Elite
130002535286,Gastadores de Elite,Gastadores de Elite
130002535287,Gastadores de Elite,Gastadores de Elite
130002535288,Intermediários,Intermediários
130002535289,Intermediários,Intermediários
130002535290,Gastadores de Elite,Gastadores de Elite
130002535291,Gastadores de Elite,Gastadores de Elite
130002535292,Economicos com Poucos Bens,Economicos com Poucos Bens
130002535293,Gastadores de Elite,Gastadores de Elite
130002535294,Gastadores de Elite,Gastadores de Elite
130002535295,Gastadores de Elite,Gastadores de Elite
130002535296,Gastadores de Elite,Gastadores de Elite
130002535297,Contidos Sem Bens,Contidos Sem Bens
130002535298,Contidos Sem Bens,Contidos Sem Bens
130002535299,Gastadores de Elite,Gastadores de Elite
130002535300,Gastadores de Elite,Gastadores de Elite
130002535301,Contidos Sem Bens,Contidos Sem Bens
130002535302,Gastadores de Elite,Gastadores de Elite
130002535303,Gastadores de Elite,Gastadores de Elite
130002535304,Gastadores de Elite,Gastadores de Elite
130002535305,Gastadores de Elite,Gastadores de Elite
130002535306,Gastadores de Elite,Gastadores de Elite
130002535307,Economicos com Poucos Bens,Economicos com Poucos Bens
130002535308,Contidos Sem Bens,Contidos Sem Bens
130002535309,Gastadores de Elite,Gastadores de Elite
130002535310,Economicos com Poucos Bens,Economicos com Poucos Bens
130002535311,Economicos com Poucos Bens,Economicos com Poucos Bens
130002535312,Economicos com Poucos Bens,Economicos com Poucos Bens
130002535313,Gastadores de Elite,Gastadores de Elite
130002535314,Gastadores de Elite,Gastadores de Elite
130002535315,Gastadores de Elite,Gastadores de Elite
130002535316,Contidos Sem Bens,Contidos Sem Bens
130002535317,Gastadores de Elite,Gastadores de Elite
130002535318,Gastadores de Elite,Gastadores de Elite
130002535319,Gastadores de Elite,Gastadores de Elite
130002536472,Economicos com Poucos Bens,Economicos com Poucos Bens
130002537181,Contidos Sem Bens,Contidos Sem Bens
130002537182,Gastadores de Elite,Gastadores de Elite
130002537183,Gastadores de Elite,Gastadores de Elite
130002537184,Intermediários,Intermediários
130002537185,Gastadores de Elite,Gastadores de Elite
130002537186,Contidos Sem Bens,Contidos Sem Bens
130002537187,Economicos com Poucos Bens,Economicos com Poucos Bens
130002537188,Gastadores de Elite,Gastadores de Elite
130002537189,Gastadores de Elite,Gastadores de Elite
130002537190,Economicos com Poucos Bens,Economicos com Poucos Bens
130002537191,Contidos Sem Bens,Contidos Sem Bens
130002537192,Economicos com Poucos Bens,Economicos com Poucos Bens
130002537193,Gastadores de Elite,Gastadores de Elite
130002537194,Intermediários,Intermediários
130002537195,Intermediários,Intermediários
130002537196,Intermediários,Intermediários
130002537197,Gastadores de Elite,Gastadores de Elite
130002537198,Gastadores de Elite,Gastadores de Elite
130002537199,Intermediários,Intermediários
130002537200,Gastadores de Elite,Gastadores de Elite
130002537201,Gastadores de Elite,Gastadores de Elite
130002537202,Gastadores de Elite,Gastadores de Elite
130002537203,Gastadores de Elite,Gastadores de Elite
130002537204,Intermediários,Intermediários
130002537205,Contidos Sem Bens,Contidos Sem Bens
130002537206,Gastadores de Elite,Gastadores de Elite
130002537207,Economicos com Poucos Bens,Economicos com Poucos Bens
130002537208,Contidos Sem Bens,Contidos Sem Bens
130002537209,Gastadores de Elite,Gastadores de Elite
130002537210,Economicos com Poucos Bens,Economicos com Poucos Bens
130002537211,Economicos com Poucos Bens,Economicos com Poucos Bens
130002537212,Contidos Sem Bens,Contidos Sem Bens
130002537213,Contidos Sem Bens,Contidos Sem Bens
130002537214,Contidos Sem Bens,Contidos Sem Bens
130002537215,Gastadores de Elite,Gastadores de Elite
130002537216,Intermediários,Intermediários
130002537217,Contidos Sem Bens,Contidos Sem Bens
130002537218,Contidos Sem Bens,Contidos Sem Bens
130002537219,Contidos Sem Bens,Contidos Sem Bens
130002537220,Contidos Sem Bens,Contidos Sem Bens
130002537221,Contidos Sem Bens,Contidos Sem Bens
130002537222,Intermediários,Intermediários
130002537223,Gastadores de Elite,Gastadores de Elite
130002537224,Gastadores de Elite,Gastadores de Elite
130002537225,Gastadores de Elite,Gastadores de Elite
130002537226,Gastadores de Elite,Gastadores de Elite
130002538252,Economicos com Poucos Bens,Economicos com Poucos Bens
130002538253,Intermediários,Intermediários
130002538254,Economicos com Poucos Bens,Economicos com Poucos Bens
130002538255,Economicos com Poucos Bens,Economicos com Poucos Bens
130002538256,Economicos com Poucos Bens,Economicos com Poucos Bens
130002538257,Gastadores de Elite,Gastadores de Elite
130002538258,Economicos com Poucos Bens,Economicos com Poucos Bens
130002538259,Gastadores de Elite,Gastadores de Elite
130002538260,Economicos com Poucos Bens,Economicos com Poucos Bens
130002538261,Intermediários,Intermediários
130002538262,Economicos com Poucos Bens,Economicos com Poucos Bens
130002538263,Economicos com Poucos Bens,Economicos com Poucos Bens
130002538264,Contidos Sem Bens,Contidos Sem Bens
130002538265,Economicos com Poucos Bens,Economicos com Poucos Bens
130002538266,Economicos com Poucos Bens,Economicos com Poucos Bens
130002538267,Intermediários,Intermediários
130002538268,Economicos com Poucos Bens,Economicos com Poucos Bens
130002538269,Economicos com Poucos Bens,Economicos com Poucos Bens
130002538270,Economicos com Poucos Bens,Economicos com Poucos Bens
130002538271,Economicos com Poucos Bens,Economicos com Poucos Bens
130002538272,Economicos com Poucos Bens,Economicos com Poucos Bens
130002538273,Economicos com Poucos Bens,Economicos com Poucos Bens
130002538274,Intermediários,Intermediários
130002538275,Economicos com Poucos Bens,Economicos com Poucos Bens
130002538276,Contidos Sem Bens,Contidos Sem Bens
130002538277,Economicos com Poucos Bens,Economicos com Poucos Bens
130002538278,Intermediários,Intermediários
130002538279,Gastadores de Elite,Gastadores de Elite
130002538280,Economicos com Poucos Bens,Economicos com Poucos Bens
130002538281,Economicos com Poucos Bens,Economicos com Poucos Bens
130002538282,Economicos com Poucos Bens,Economicos com Poucos Bens
130002538283,Economicos com Poucos Bens,Economicos com Poucos Bens
130002538284,Economicos com Poucos Bens,Economicos com Poucos Bens
130002538285,Economicos com Poucos Bens,Economicos com Poucos Bens
130002538286,Contidos Sem Bens,Contidos Sem Bens
130002538287,Gastadores de Elite,Gastadores de Elite
130002538288,Contidos Sem Bens,Contidos Sem Bens
130002538289,Economicos com Poucos Bens,Economicos com Poucos Bens
130002538290,Economicos com Poucos Bens,Economicos com Poucos Bens
130002538291,Economicos com Poucos Bens,Economicos com Poucos Bens
130002538292,Gastadores de Elite,Gastadores de Elite
130002538293,Contidos Sem Bens,Contidos Sem Bens
130002538294,Economicos com Poucos Bens,Economicos com Poucos Bens
130002538295,Contidos Sem Bens,Contidos Sem Bens
130002538296,Economicos com Poucos Bens,Economicos com Poucos Bens
130002538297,Intermediários,Intermediários
130002538298,Economicos com Poucos Bens,Economicos com Poucos Bens
130002538299,Intermediários,Intermediários
130002538300,Economicos com Poucos Bens,Economicos com Poucos Bens
130002538301,Gastadores de Elite,Gastadores de Elite
130002538302,Contidos Sem Bens,Contidos Sem Bens
130002538303,Contidos Sem Bens,Contidos Sem Bens
130002538304,Gastadores de Elite,Gastadores de Elite
130002538305,Economicos com Poucos Bens,Economicos com Poucos Bens
130002538960,Contidos Sem Bens,Contidos Sem Bens
130002538961,Economicos com Poucos Bens,Economicos com Poucos Bens
130002538962,Economicos com Poucos Bens,Economicos com Poucos Bens
130002538963,Contidos Sem Bens,Contidos Sem Bens
130002538964,Contidos Sem Bens,Contidos Sem Bens
130002538965,Gastadores de Elite,Gastadores de Elite
130002538966,Economicos com Poucos Bens,Economicos com Poucos Bens
130002538967,Gastadores de Elite,Gastadores de Elite
130002538968,Gastadores de Elite,Gastadores de Elite
130002538969,Contidos Sem Bens,Contidos Sem Bens
130002538970,Contidos Sem Bens,Contidos Sem Bens
130002538971,Economicos com Poucos Bens,Economicos com Poucos Bens
130002538972,Economicos com Poucos Bens,Economicos com Poucos Bens
130002538973,Contidos Sem Bens,Contidos Sem Bens
130002539640,Contidos Sem Bens,Contidos Sem Bens
130002539641,Economicos com Poucos Bens,Economicos com Poucos Bens
130002539714,Gastadores de Elite,Gastadores de Elite
130002539715,Gastadores de Elite,Gastadores de Elite
130002539716,Intermediários,Intermediários
130002539717,Contidos Sem Bens,Contidos Sem Bens
130002539718,Economicos com Poucos Bens,Economicos com Poucos Bens
130002539719,Economicos com Poucos Bens,Economicos com Poucos Bens
130002539720,Gastadores de Elite,Gastadores de Elite
130002539721,Contidos Sem Bens,Contidos Sem Bens
130002539722,Gastadores de Elite,Gastadores de Elite
130002539723,Gastadores de Elite,Gastadores de Elite
130002539724,Contidos Sem Bens,Contidos Sem Bens
130002539725,Economicos com Poucos Bens,Economicos com Poucos Bens
130002539726,Gastadores de Elite,Gastadores de Elite
130002539727,Gastadores de Elite,Gastadores de Elite
130002539728,Gastadores de Elite,Gastadores de Elite
130002539729,Contidos Sem Bens,Contidos Sem Bens
130002539730,Gastadores de Elite,Gastadores de Elite
130002539731,Contidos Sem Bens,Contidos Sem Bens
130002539732,Intermediários,Intermediários
130002539733,Intermediários,Intermediários
130002539734,Gastadores de Elite,Gastadores de Elite
130002539735,Economicos com Poucos Bens,Economicos com Poucos Bens
130002539736,Contidos Sem Bens,Contidos Sem Bens
130002539737,Economicos com Poucos Bens,Economicos com Poucos Bens
130002539738,Intermediários,Intermediários
130002539739,Contidos Sem Bens,Contidos Sem Bens
130002539740,Intermediários,Intermediários
130002539741,Gastadores de Elite,Gastadores de Elite
130002539836,Economicos com Poucos Bens,Economicos com Poucos Bens
130002539837,Economicos com Poucos Bens,Economicos com Poucos Bens
130002539838,Economicos com Poucos Bens,Economicos com Poucos Bens
130002539839,Gastadores de Elite,Gastadores de Elite
130002539840,Gastadores de Elite,Gastadores de Elite
130002539841,Gastadores de Elite,Gastadores de Elite
130002539842,Gastadores de Elite,Gastadores de Elite
130002539843,Contidos Sem Bens,Contidos Sem Bens
130002539844,Economicos com Poucos Bens,Economicos com Poucos Bens
130002539845,Intermediários,Intermediários
130002539846,Economicos com Poucos Bens,Economicos com Poucos Bens
130002539847,Gastadores de Elite,Gastadores de Elite
130002539848,Intermediários,Intermediários
130002539849,Economicos com Poucos Bens,Economicos com Poucos Bens
130002539850,Gastadores de Elite,Gastadores de Elite
130002539851,Contidos Sem Bens,Contidos Sem Bens
130002539852,Contidos Sem Bens,Contidos Sem Bens
130002539853,Intermediários,Intermediários
130002539854,Contidos Sem Bens,Contidos Sem Bens
130002539855,Economicos com Poucos Bens,Economicos com Poucos Bens
130002539856,Economicos com Poucos Bens,Economicos com Poucos Bens
130002539857,Economicos com Poucos Bens,Economicos com Poucos Bens
130002539858,Economicos com Poucos Bens,Economicos com Poucos Bens
130002539859,Gastadores de Elite,Gastadores de Elite
130002539860,Gastadores de Elite,Gastadores de Elite
130002539861,Gastadores de Elite,Gastadores de Elite
130002539862,Gastadores de Elite,Gastadores de Elite
130002539863,Economicos com Poucos Bens,Economicos com Poucos Bens
130002539864,Economicos com Poucos Bens,Economicos com Poucos Bens
130002539865,Intermediários,Intermediários
130002539866,Intermediários,Intermediários
130002539867,Economicos com Poucos Bens,Economicos com Poucos Bens
130002539868,Economicos com Poucos Bens,Economicos com Poucos Bens
130002539869,Gastadores de Elite,Gastadores de Elite
130002539870,Gastadores de Elite,Gastadores de Elite
130002539871,Gastadores de Elite,Gastadores de Elite
130002539872,Economicos com Poucos Bens,Economicos com Poucos Bens
130002539873,Economicos com Poucos Bens,Economicos com Poucos Bens
130002539874,Intermediários,Intermediários
130002539875,Intermediários,Intermediários
130002539876,Economicos com Poucos Bens,Economicos com Poucos Bens
130002539877,Gastadores de Elite,Gastadores de Elite
130002539878,Gastadores de Elite,Gastadores de Elite
130002541993,Intermediários,Intermediários
130002541994,Gastadores de Elite,Gastadores de Elite
130002541995,Gastadores de Elite,Gastadores de Elite
130002541996,Gastadores de Elite,Gastadores de Elite
130002541997,Economicos com Poucos Bens,Economicos com Poucos Bens
130002541998,Gastadores de Elite,Gastadores de Elite
130002541999,Gastadores de Elite,Gastadores de Elite
130002542000,Gastadores de Elite,Gastadores de Elite
130002542001,Gastadores de Elite,Gastadores de Elite
130002542002,Gastadores de Elite,Gastadores de Elite
130002542003,Gastadores de Elite,Gastadores de Elite
130002542004,Gastadores de Elite,Gastadores de Elite
130002542005,Gastadores de Elite,Gastadores de Elite
130002542006,Gastadores de Elite,Gastadores de Elite
130002542007,Gastadores de Elite,Gastadores de Elite
130002542008,Gastadores de Elite,Gastadores de Elite
130002542009,Intermediários,Intermediários
130002542010,Intermediários,Intermediários
130002542011,Gastadores de Elite,Gastadores de Elite
130002542012,Gastadores de Elite,Gastadores de Elite
130002542013,Gastadores de Elite,Gastadores de Elite
130002542014,Economicos com Poucos Bens,Economicos com Poucos Bens
130002542015,Intermediários,Intermediários
130002542016,Intermediários,Intermediários
130002542017,Intermediários,Intermediários
130002542018,Gastadores de Elite,Gastadores de Elite
130002542019,Gastadores de Elite,Gastadores de Elite
130002542020,Gastadores de Elite,Gastadores de Elite
130002542021,Intermediários,Intermediários
130002542022,Gastadores de Elite,Gastadores de Elite
130002542023,Gastadores de Elite,Gastadores de Elite
130002542024,Gastadores de Elite,Gastadores de Elite
130002542025,Gastadores de Elite,Gastadores de Elite
130002542026,Gastadores de Elite,Gastadores de Elite
130002542027,Gastadores de Elite,Gastadores de Elite
130002542028,Gastadores de Elite,Gastadores de Elite
130002542029,Economicos com Poucos Bens,Economicos com Poucos Bens
130002542030,Economicos com Poucos Bens,Economicos com Poucos Bens
130002542031,Gastadores de Elite,Gastadores de Elite
130002542032,Economicos com Poucos Bens,Economicos com Poucos Bens
130002542033,Gastadores de Elite,Gastadores de Elite
130002542034,Gastadores de Elite,Gastadores de Elite
130002542035,Economicos com Poucos Bens,Economicos com Poucos Bens
130002542036,Gastadores de Elite,Gastadores de Elite
130002542037,Gastadores de Elite,Gastadores de Elite
130002542038,Economicos com Poucos Bens,Economicos com Poucos Bens
130002542039,Gastadores de Elite,Gastadores de Elite
130002542040,Intermediários,Intermediários
130002542041,Economicos com Poucos Bens,Economicos com Poucos Bens
130002542042,Economicos com Poucos Bens,Economicos com Poucos Bens
130002542043,Gastadores de Elite,Gastadores de Elite
130002542044,Gastadores de Elite,Gastadores de Elite
130002542692,Gastadores de Elite,Gastadores de Elite
130002542693,Contidos Sem Bens,Contidos Sem Bens
130002542694,Intermediários,Intermediários
130002542695,Gastadores de Elite,Gastadores de Elite
130002542696,Economicos com Poucos Bens,Economicos com Poucos Bens
130002542697,Gastadores de Elite,Gastadores de Elite
130002542698,Intermediários,Intermediários
130002542699,Intermediários,Intermediários
130002542700,Gastadores de Elite,Gastadores de Elite
130002542701,Gastadores de Elite,Gastadores de Elite
130002542702,Intermediários,Intermediários
130002542703,Intermediários,Intermediários
130002542704,Gastadores de Elite,Gastadores de Elite
130002542705,Gastadores de Elite,Gastadores de Elite
130002542706,Intermediários,Intermediários
130002542707,Economicos com Poucos Bens,Economicos com Poucos Bens
130002542708,Intermediários,Intermediários
130002542709,Intermediários,Intermediários
130002542710,Gastadores de Elite,Gastadores de Elite
130002542711,Gastadores de Elite,Gastadores de Elite
130002542712,Intermediários,Intermediários
130002542713,Intermediários,Intermediários
130002542714,Gastadores de Elite,Gastadores de Elite
130002542715,Gastadores de Elite,Gastadores de Elite
130002542716,Intermediários,Intermediários
130002542717,Gastadores de Elite,Gastadores de Elite
130002542718,Gastadores de Elite,Gastadores de Elite
130002542719,Economicos com Poucos Bens,Economicos com Poucos Bens
130002542720,Gastadores de Elite,Gastadores de Elite
130002542721,Intermediários,Intermediários
130002542722,Gastadores de Elite,Gastadores de Elite
130002542723,Gastadores de Elite,Gastadores de Elite
130002542724,Gastadores de Elite,Gastadores de Elite
130002542725,Gastadores de Elite,Gastadores de Elite
130002542726,Contidos Sem Bens,Contidos Sem Bens
130002542727,Contidos Sem Bens,Contidos Sem Bens
130002542728,Contidos Sem Bens,Contidos Sem Bens
130002542729,Contidos Sem Bens,Contidos Sem Bens
130002542730,Gastadores de Elite,Gastadores de Elite
130002542731,Gastadores de Elite,Gastadores de Elite
130002542732,Contidos Sem Bens,Contidos Sem Bens
130002542733,Gastadores de Elite,Gastadores de Elite
130002542734,Gastadores de Elite,Gastadores de Elite
130002542735,Intermediários,Intermediários
130002542736,Contidos Sem Bens,Contidos Sem Bens
130002542737,Gastadores de Elite,Gastadores de Elite
130002542738,Gastadores de Elite,Gastadores de Elite
130002542739,Gastadores de Elite,Gastadores de Elite
130002542740,Intermediários,Intermediários
130002542741,Intermediários,Intermediários
130002542742,Gastadores de Elite,Gastadores de Elite
130002542743,Gastadores de Elite,Gastadores de Elite
130002542744,Gastadores de Elite,Gastadores de Elite
130002542745,Gastadores de Elite,Gastadores de Elite
130002543105,Gastadores de Elite,Gastadores de Elite
130002543106,Gastadores de Elite,Gastadores de Elite
130002543107,Economicos com Poucos Bens,Economicos com Poucos Bens
130002543108,Gastadores de Elite,Gastadores de Elite
130002543109,Gastadores de Elite,Gastadores de Elite
130002543110,Economicos com Poucos Bens,Economicos com Poucos Bens
130002543111,Economicos com Poucos Bens,Economicos com Poucos Bens
130002543112,Gastadores de Elite,Gastadores de Elite
130002543593,Economicos com Poucos Bens,Economicos com Poucos Bens
130002543595,Gastadores de Elite,Gastadores de Elite
130002543596,Gastadores de Elite,Gastadores de Elite
130002543597,Economicos com Poucos Bens,Economicos com Poucos Bens
130002543598,Gastadores de Elite,Gastadores de Elite
130002543599,Intermediários,Intermediários
130002543600,Gastadores de Elite,Gastadores de Elite
130002543601,Gastadores de Elite,Gastadores de Elite
130002543602,Gastadores de Elite,Gastadores de Elite
130002543603,Gastadores de Elite,Gastadores de Elite
130002543604,Gastadores de Elite,Gastadores de Elite
130002543605,Gastadores de Elite,Gastadores de Elite
130002543606,Contidos Sem Bens,Contidos Sem Bens
130002543607,Gastadores de Elite,Gastadores de Elite
130002543608,Gastadores de Elite,Gastadores de Elite
130002543609,Intermediários,Intermediários
130002543610,Gastadores de Elite,Gastadores de Elite
130002543611,Gastadores de Elite,Gastadores de Elite
130002543612,Gastadores de Elite,Gastadores de Elite
130002543613,Gastadores de Elite,Gastadores de Elite
130002543614,Contidos Sem Bens,Contidos Sem Bens
130002543615,Gastadores de Elite,Gastadores de Elite
130002543616,Gastadores de Elite,Gastadores de Elite
130002543617,Gastadores de Elite,Gastadores de Elite
130002543618,Intermediários,Intermediários
130002543619,Gastadores de Elite,Gastadores de Elite
130002543620,Economicos com Poucos Bens,Economicos com Poucos Bens
130002543621,Economicos com Poucos Bens,Economicos com Poucos Bens
130002543622,Intermediários,Intermediários
130002543623,Intermediários,Intermediários
130002543624,Economicos com Poucos Bens,Economicos com Poucos Bens
130002543625,Intermediários,Intermediários
130002543626,Economicos com Poucos Bens,Economicos com Poucos Bens
130002543627,Gastadores de Elite,Gastadores de Elite
130002543628,Intermediários,Intermediários
130002543629,Economicos com Poucos Bens,Economicos com Poucos Bens
130002543630,Economicos com Poucos Bens,Economicos com Poucos Bens
130002543683,Economicos com Poucos Bens,Economicos com Poucos Bens
130002543684,Intermediários,Intermediários
130002543685,Intermediários,Intermediários
130002543686,Contidos Sem Bens,Contidos Sem Bens
130002543687,Contidos Sem Bens,Contidos Sem Bens
130002543688,Gastadores de Elite,Gastadores de Elite
130002543689,Gastadores de Elite,Gastadores de Elite
130002543690,Contidos Sem Bens,Contidos Sem Bens
130002543691,Intermediários,Intermediários
130002543692,Intermediários,Intermediários
130002543693,Economicos com Poucos Bens,Economicos com Poucos Bens
130002543694,Intermediários,Intermediários
130002543695,Gastadores de Elite,Gastadores de Elite
130002543696,Intermediários,Intermediários
130002543697,Gastadores de Elite,Gastadores de Elite
130002543698,Gastadores de Elite,Gastadores de Elite
130002543699,Gastadores de Elite,Gastadores de Elite
130002543700,Economicos com Poucos Bens,Economicos com Poucos Bens
130002543701,Economicos com Poucos Bens,Economicos com Poucos Bens
130002543702,Gastadores de Elite,Gastadores de Elite
130002543703,Intermediários,Intermediários
130002543704,Contidos Sem Bens,Contidos Sem Bens
130002543705,Economicos com Poucos Bens,Economicos com Poucos Bens
130002543706,Gastadores de Elite,Gastadores de Elite
130002543707,Gastadores de Elite,Gastadores de Elite
130002543708,Economicos com Poucos Bens,Economicos com Poucos Bens
130002543709,Contidos Sem Bens,Contidos Sem Bens
130002543710,Gastadores de Elite,Gastadores de Elite
130002543711,Contidos Sem Bens,Contidos Sem Bens
130002543712,Gastadores de Elite,Gastadores de Elite
130002543713,Intermediários,Intermediários
130002543714,Gastadores de Elite,Gastadores de Elite
130002543715,Intermediários,Intermediários
130002543716,Gastadores de Elite,Gastadores de Elite
130002543717,Gastadores de Elite,Gastadores de Elite
130002543718,Gastadores de Elite,Gastadores de Elite
130002543719,Gastadores de Elite,Gastadores de Elite
130002543720,Gastadores de Elite,Gastadores de Elite
130002544423,Intermediários,Intermediários
130002544424,Contidos Sem Bens,Contidos Sem Bens
130002544425,Gastadores de Elite,Gastadores de Elite
130002544426,Economicos com Poucos Bens,Economicos com Poucos Bens
130002544427,Gastadores de Elite,Gastadores de Elite
130002544428,Economicos com Poucos Bens,Economicos com Poucos Bens
130002544429,Intermediários,Intermediários
130002544430,Gastadores de Elite,Gastadores de Elite
130002544431,Intermediários,Intermediários
130002544432,Contidos Sem Bens,Contidos Sem Bens
130002544433,Intermediários,Intermediários
130002544434,Contidos Sem Bens,Contidos Sem Bens
130002544435,Contidos Sem Bens,Contidos Sem Bens
130002544436,Gastadores de Elite,Gastadores de Elite
130002544437,Contidos Sem Bens,Contidos Sem Bens
130002544438,Intermediários,Intermediários
130002544439,Gastadores de Elite,Gastadores de Elite
130002544440,Economicos com Poucos Bens,Economicos com Poucos Bens
130002544441,Contidos Sem Bens,Contidos Sem Bens
130002544442,Intermediários,Intermediários
130002544443,Economicos com Poucos Bens,Economicos com Poucos Bens
130002544821,Gastadores de Elite,Gastadores de Elite
130002545556,Economicos com Poucos Bens,Economicos com Poucos Bens
130002545557,Economicos com Poucos Bens,Economicos com Poucos Bens
130002545558,Economicos com Poucos Bens,Economicos com Poucos Bens
130002545559,Gastadores de Elite,Gastadores de Elite
130002545560,Gastadores de Elite,Gastadores de Elite
130002545561,Contidos Sem Bens,Contidos Sem Bens
130002545562,Intermediários,Intermediários
130002545563,Intermediários,Intermediários
130002545564,Gastadores de Elite,Gastadores de Elite
130002545565,Gastadores de Elite,Gastadores de Elite
130002545566,Intermediários,Intermediários
130002545567,Contidos Sem Bens,Contidos Sem Bens
130002545568,Intermediários,Intermediários
130002545569,Economicos com Poucos Bens,Economicos com Poucos Bens
130002545570,Contidos Sem Bens,Contidos Sem Bens
130002545571,Economicos com Poucos Bens,Economicos com Poucos Bens
130002545572,Intermediários,Intermediários
130002545573,Intermediários,Intermediários
130002545574,Gastadores de Elite,Gastadores de Elite
130002545575,Economicos com Poucos Bens,Economicos com Poucos Bens
130002545576,Intermediários,Intermediários
130002545577,Gastadores de Elite,Gastadores de Elite
130002545578,Gastadores de Elite,Gastadores de Elite
130002545579,Intermediários,Intermediários
130002545580,Gastadores de Elite,Gastadores de Elite
130002545581,Economicos com Poucos Bens,Economicos com Poucos Bens
130002545582,Economicos com Poucos Bens,Economicos com Poucos Bens
130002545583,Contidos Sem Bens,Contidos Sem Bens
130002545584,Gastadores de Elite,Gastadores de Elite
130002545585,Gastadores de Elite,Gastadores de Elite
130002545586,Intermediários,Intermediários
130002545587,Economicos com Poucos Bens,Economicos com Poucos Bens
130002545588,Contidos Sem Bens,Contidos Sem Bens
130002545589,Gastadores de Elite,Gastadores de Elite
130002547451,Gastadores de Elite,Gastadores de Elite
130002547452,Gastadores de Elite,Gastadores de Elite
130002547453,Intermediários,Intermediários
130002547840,Gastadores de Elite,Gastadores de Elite
130002547876,Economicos com Poucos Bens,Economicos com Poucos Bens
130002547877,Economicos com Poucos Bens,Economicos com Poucos Bens
130002547878,Contidos Sem Bens,Contidos Sem Bens
130002547887,Contidos Sem Bens,Contidos Sem Bens
130002547888,Gastadores de Elite,Gastadores de Elite
130002547889,Contidos Sem Bens,Contidos Sem Bens
130002547890,Gastadores de Elite,Gastadores de Elite
130002547891,Economicos com Poucos Bens,Economicos com Poucos Bens
130002547892,Contidos Sem Bens,Contidos Sem Bens
130002547893,Gastadores de Elite,Gastadores de Elite
130002547894,Economicos com Poucos Bens,Economicos com Poucos Bens
130002547895,Economicos com Poucos Bens,Economicos com Poucos Bens
130002547896,Gastadores de Elite,Gastadores de Elite
130002547897,Intermediários,Intermediários
130002547898,Gastadores de Elite,Gastadores de Elite
130002547899,Gastadores de Elite,Gastadores de Elite
130002547900,Contidos Sem Bens,Contidos Sem Bens
130002547901,Economicos com Poucos Bens,Economicos com Poucos Bens
130002547902,Intermediários,Intermediários
130002547903,Contidos Sem Bens,Contidos Sem Bens
130002547904,Economicos com Poucos Bens,Economicos com Poucos Bens
130002547905,Intermediários,Intermediários
130002547906,Gastadores de Elite,Gastadores de Elite
130002547907,Gastadores de Elite,Gastadores de Elite
130002547908,Gastadores de Elite,Gastadores de Elite
130002547909,Economicos com Poucos Bens,Economicos com Poucos Bens
130002547910,Contidos Sem Bens,Contidos Sem Bens
130002547911,Economicos com Poucos Bens,Economicos com Poucos Bens
130002547912,Intermediários,Intermediários
130002547913,Gastadores de Elite,Gastadores de Elite
130002547914,Intermediários,Intermediários
130002547915,Intermediários,Intermediários
130002547916,Gastadores de Elite,Gastadores de Elite
130002547917,Contidos Sem Bens,Contidos Sem Bens
130002547918,Economicos com Poucos Bens,Economicos com Poucos Bens
130002547919,Intermediários,Intermediários
130002547920,Economicos com Poucos Bens,Economicos com Poucos Bens
130002547921,Economicos com Poucos Bens,Economicos com Poucos Bens
130002547922,Gastadores de Elite,Gastadores de Elite
130002547923,Gastadores de Elite,Gastadores de Elite
130002547924,Intermediários,Intermediários
130002547925,Gastadores de Elite,Gastadores de Elite
130002547926,Gastadores de Elite,Gastadores de Elite
130002547927,Gastadores de Elite,Gastadores de Elite
130002547928,Contidos Sem Bens,Contidos Sem Bens
130002547929,Gastadores de Elite,Gastadores de Elite
130002547930,Economicos com Poucos Bens,Economicos com Poucos Bens
130002547931,Contidos Sem Bens,Contidos Sem Bens
130002547932,Intermediários,Intermediários
130002547933,Gastadores de Elite,Gastadores de Elite
130002548772,Contidos Sem Bens,Contidos Sem Bens
130002548773,Economicos com Poucos Bens,Economicos com Poucos Bens
130002548774,Contidos Sem Bens,Contidos Sem Bens
130002548775,Contidos Sem Bens,Contidos Sem Bens
130002548776,Economicos com Poucos Bens,Economicos com Poucos Bens
130002548777,Economicos com Poucos Bens,Economicos com Poucos Bens
130002548778,Economicos com Poucos Bens,Economicos com Poucos Bens
130002548779,Gastadores de Elite,Gastadores de Elite
130002548780,Gastadores de Elite,Gastadores de Elite
130002548781,Gastadores de Elite,Gastadores de Elite
130002548782,Contidos Sem Bens,Contidos Sem Bens
130002548783,Economicos com Poucos Bens,Economicos com Poucos Bens
130002548784,Economicos com Poucos Bens,Economicos com Poucos Bens
130002548785,Economicos com Poucos Bens,Economicos com Poucos Bens
130002548786,Gastadores de Elite,Gastadores de Elite
130002548787,Economicos com Poucos Bens,Economicos com Poucos Bens
130002548788,Intermediários,Intermediários
130002548789,Economicos com Poucos Bens,Economicos com Poucos Bens
130002548790,Economicos com Poucos Bens,Economicos com Poucos Bens
130002548791,Gastadores de Elite,Gastadores de Elite
130002548792,Economicos com Poucos Bens,Economicos com Poucos Bens
130002548793,Economicos com Poucos Bens,Economicos com Poucos Bens
130002548794,Economicos com Poucos Bens,Economicos com Poucos Bens
130002548795,Gastadores de Elite,Gastadores de Elite
130002548796,Gastadores de Elite,Gastadores de Elite
130002548797,Gastadores de Elite,Gastadores de Elite
130002548798,Contidos Sem Bens,Contidos Sem Bens
130002548799,Economicos com Poucos Bens,Economicos com Poucos Bens
130002548800,Economicos com Poucos Bens,Economicos com Poucos Bens
130002548801,Contidos Sem Bens,Contidos Sem Bens
130002548802,Economicos com Poucos Bens,Economicos com Poucos Bens
130002548803,Economicos com Poucos Bens,Economicos com Poucos Bens
130002548804,Gastadores de Elite,Gastadores de Elite
130002548805,Intermediários,Intermediários
130002548806,Gastadores de Elite,Gastadores de Elite
130002548807,Gastadores de Elite,Gastadores de Elite
130002548808,Economicos com Poucos Bens,Economicos com Poucos Bens
130002548809,Economicos com Poucos Bens,Economicos com Poucos Bens
130002548810,Contidos Sem Bens,Contidos Sem Bens
130002548811,Gastadores de Elite,Gastadores de Elite
130002548812,Contidos Sem Bens,Contidos Sem Bens
130002548813,Gastadores de Elite,Gastadores de Elite
130002548814,Economicos com Poucos Bens,Economicos com Poucos Bens
130002548815,Economicos com Poucos Bens,Economicos com Poucos Bens
130002548816,Contidos Sem Bens,Contidos Sem Bens
130002548817,Gastadores de Elite,Gastadores de Elite
130002548818,Contidos Sem Bens,Contidos Sem Bens
130002548819,Economicos com Poucos Bens,Economicos com Poucos Bens
130002548820,Gastadores de Elite,Gastadores de Elite
130002548821,Intermediários,Intermediários
130002548822,Gastadores de Elite,Gastadores de Elite
130002548823,Economicos com Poucos Bens,Economicos com Poucos Bens
130002548824,Intermediários,Intermediários
130002548825,Contidos Sem Bens,Contidos Sem Bens
130002550165,Economicos com Poucos Bens,Economicos com Poucos Bens
130002550166,Contidos Sem Bens,Contidos Sem Bens
130002550167,Intermediários,Intermediários
130002550168,Contidos Sem Bens,Contidos Sem Bens
130002550169,Contidos Sem Bens,Contidos Sem Bens
130002550170,Gastadores de Elite,Gastadores de Elite
130002550171,Intermediários,Intermediários
130002550172,Intermediários,Intermediários
130002550173,Intermediários,Intermediários
130002550174,Economicos com Poucos Bens,Economicos com Poucos Bens
130002551253,Economicos com Poucos Bens,Economicos com Poucos Bens
130002551254,Economicos com Poucos Bens,Economicos com Poucos Bens
130002551255,Economicos com Poucos Bens,Economicos com Poucos Bens
130002551256,Economicos com Poucos Bens,Economicos com Poucos Bens
130002551257,Economicos com Poucos Bens,Economicos com Poucos Bens
130002551258,Economicos com Poucos Bens,Economicos com Poucos Bens
130002551259,Economicos com Poucos Bens,Economicos com Poucos Bens
130002551260,Economicos com Poucos Bens,Economicos com Poucos Bens
130002551261,Contidos Sem Bens,Contidos Sem Bens
130002551262,Economicos com Poucos Bens,Economicos com Poucos Bens
130002551263,Economicos com Poucos Bens,Economicos com Poucos Bens
130002551457,Economicos com Poucos Bens,Economicos com Poucos Bens
130002551490,Economicos com Poucos Bens,Economicos com Poucos Bens
130002551906,Economicos com Poucos Bens,Economicos com Poucos Bens
130002552138,Gastadores de Elite,Gastadores de Elite
130002552303,Economicos com Poucos Bens,Economicos com Poucos Bens
130002552304,Economicos com Poucos Bens,Economicos com Poucos Bens
130002552305,Intermediários,Intermediários
130002552316,Contidos Sem Bens,Contidos Sem Bens
130002552317,Contidos Sem Bens,Contidos Sem Bens
130002553026,Economicos com Poucos Bens,Economicos com Poucos Bens
130002553027,Economicos com Poucos Bens,Economicos com Poucos Bens
130002553028,Economicos com Poucos Bens,Economicos com Poucos Bens
130002553029,Economicos com Poucos Bens,Economicos com Poucos Bens
130002553030,Economicos com Poucos Bens,Economicos com Poucos Bens
130002553031,Economicos com Poucos Bens,Economicos com Poucos Bens
130002553032,Economicos com Poucos Bens,Economicos com Poucos Bens
130002553033,Economicos com Poucos Bens,Economicos com Poucos Bens
130002553034,Economicos com Poucos Bens,Economicos com Poucos Bens
130002553035,Economicos com Poucos Bens,Economicos com Poucos Bens
130002553036,Economicos com Poucos Bens,Economicos com Poucos Bens
130002553037,Economicos com Poucos Bens,Economicos com Poucos Bens
130002553038,Economicos com Poucos Bens,Economicos com Poucos Bens
130002553039,Intermediários,Intermediários
130002553040,Economicos com Poucos Bens,Economicos com Poucos Bens
130002553041,Economicos com Poucos Bens,Economicos com Poucos Bens
130002553042,Economicos com Poucos Bens,Economicos com Poucos Bens
130002553043,Economicos com Poucos Bens,Economicos com Poucos Bens
130002553044,Economicos com Poucos Bens,Economicos com Poucos Bens
130002553045,Economicos com Poucos Bens,Economicos com Poucos Bens
130002553046,Economicos com Poucos Bens,Economicos com Poucos Bens
130002553047,Economicos com Poucos Bens,Economicos com Poucos Bens
130002553048,Intermediários,Intermediários
130002553049,Economicos com Poucos Bens,Economicos com Poucos Bens
130002553050,Economicos com Poucos Bens,Economicos com Poucos Bens
130002553051,Economicos com Poucos Bens,Economicos com Poucos Bens
130002553052,Economicos com Poucos Bens,Economicos com Poucos Bens
130002553604,Intermediários,Intermediários
130002553605,Economicos com Poucos Bens,Economicos com Poucos Bens
130002553606,Economicos com Poucos Bens,Economicos com Poucos Bens
130002553607,Gastadores de Elite,Gastadores de Elite
130002553608,Economicos com Poucos Bens,Economicos com Poucos Bens
130002553609,Economicos com Poucos Bens,Economicos com Poucos Bens
130002553610,Economicos com Poucos Bens,Economicos com Poucos Bens
130002553632,Contidos Sem Bens,Contidos Sem Bens
130002553985,Economicos com Poucos Bens,Economicos com Poucos Bens
130002554138,Economicos com Poucos Bens,Economicos com Poucos Bens
130002554146,Economicos com Poucos Bens,Economicos com Poucos Bens
190002532795,Gastadores de Elite,Gastadores de Elite
190002532796,Gastadores de Elite,Gastadores de Elite
190002532797,Gastadores de Elite,Gastadores de Elite
190002532798,Gastadores de Elite,Gastadores de Elite
190002532799,Contidos Sem Bens,Contidos Sem Bens
190002532800,Intermediários,Intermediários
190002532801,Intermediários,Intermediários
190002532802,Gastadores de Elite,Gastadores de Elite
190002532803,Gastadores de Elite,Gastadores de Elite
190002532804,Gastadores de Elite,Gastadores de Elite
190002532805,Gastadores de Elite,Gastadores de Elite
190002532806,Intermediários,Intermediários
190002532807,Gastadores de Elite,Gastadores de Elite
190002532808,Economicos com Poucos Bens,Economicos com Poucos Bens
190002532809,Gastadores de Elite,Gastadores de Elite
190002532810,Gastadores de Elite,Gastadores de Elite
190002532811,Gastadores de Elite,Gastadores de Elite
190002532812,Contidos Sem Bens,Contidos Sem Bens
190002532813,Gastadores de Elite,Gastadores de Elite
190002532814,Gastadores de Elite,Gastadores de Elite
190002532815,Gastadores de Elite,Gastadores de Elite
190002532816,Gastadores de Elite,Gastadores de Elite
190002532817,Gastadores de Elite,Gastadores de Elite
190002532818,Gastadores de Elite,Gastadores de Elite
190002532819,Gastadores de Elite,Gastadores de Elite
190002532820,Intermediários,Intermediários
190002532821,Gastadores de Elite,Gastadores de Elite
190002532822,Gastadores de Elite,Gastadores de Elite
190002532823,Gastadores de Elite,Gastadores de Elite
190002532824,Gastadores de Elite,Gastadores de Elite
190002532825,Gastadores de Elite,Gastadores de Elite
190002532826,Gastadores de Elite,Gastadores de Elite
190002532827,Intermediários,Intermediários
190002532828,Contidos Sem Bens,Contidos Sem Bens
190002532829,Gastadores de Elite,Gastadores de Elite
190002532830,Gastadores de Elite,Gastadores de Elite
190002532831,Gastadores de Elite,Gastadores de Elite
190002532832,Gastadores de Elite,Gastadores de Elite
190002532833,Gastadores de Elite,Gastadores de Elite
190002532834,Gastadores de Elite,Gastadores de Elite
190002532835,Contidos Sem Bens,Contidos Sem Bens
190002532836,Gastadores de Elite,Gastadores de Elite
190002532837,Gastadores de Elite,Gastadores de Elite
190002532838,Intermediários,Intermediários
190002532839,Gastadores de Elite,Gastadores de Elite
190002534606,Gastadores de Elite,Gastadores de Elite
190002534607,Contidos Sem Bens,Contidos Sem Bens
190002534608,Intermediários,Intermediários
190002534609,Contidos Sem Bens,Contidos Sem Bens
190002534610,Gastadores de Elite,Gastadores de Elite
190002534611,Gastadores de Elite,Gastadores de Elite
190002534612,Gastadores de Elite,Gastadores de Elite
190002534613,Contidos Sem Bens,Contidos Sem Bens
190002534614,Intermediários,Intermediários
190002534615,Gastadores de Elite,Gastadores de Elite
190002534616,Gastadores de Elite,Gastadores de Elite
190002534617,Contidos Sem Bens,Contidos Sem Bens
190002534618,Contidos Sem Bens,Contidos Sem Bens
190002534619,Gastadores de Elite,Gastadores de Elite
190002534620,Intermediários,Intermediários
190002534621,Gastadores de Elite,Gastadores de Elite
190002534622,Contidos Sem Bens,Contidos Sem Bens
190002534623,Gastadores de Elite,Gastadores de Elite
190002534624,Gastadores de Elite,Gastadores de Elite
190002534625,Gastadores de Elite,Gastadores de Elite
190002534626,Contidos Sem Bens,Contidos Sem Bens
190002534627,Contidos Sem Bens,Contidos Sem Bens
190002534628,Gastadores de Elite,Gastadores de Elite
190002534629,Gastadores de Elite,Gastadores de Elite
190002534630,Gastadores de Elite,Gastadores de Elite
190002534631,Contidos Sem Bens,Contidos Sem Bens
190002534632,Contidos Sem Bens,Contidos Sem Bens
190002534633,Gastadores de Elite,Gastadores de Elite
190002534634,Contidos Sem Bens,Contidos Sem Bens
190002534635,Contidos Sem Bens,Contidos Sem Bens
190002534636,Gastadores de Elite,Gastadores de Elite
190002534637,Gastadores de Elite,Gastadores de Elite
190002534638,Contidos Sem Bens,Contidos Sem Bens
190002534639,Economicos com Poucos Bens,Economicos com Poucos Bens
190002534640,Gastadores de Elite,Gastadores de Elite
190002534641,Gastadores de Elite,Gastadores de Elite
190002534642,Contidos Sem Bens,Contidos Sem Bens
190002534643,Intermediários,Intermediários
190002534644,Contidos Sem Bens,Contidos Sem Bens
190002534645,Contidos Sem Bens,Contidos Sem Bens
190002534646,Gastadores de Elite,Gastadores de Elite
190002534647,Intermediários,Intermediários
190002534648,Contidos Sem Bens,Contidos Sem Bens
190002534649,Contidos Sem Bens,Contidos Sem Bens
190002534830,Contidos Sem Bens,Contidos Sem Bens
190002534831,Contidos Sem Bens,Contidos Sem Bens
190002534832,Contidos Sem Bens,Contidos Sem Bens
190002534833,Contidos Sem Bens,Contidos Sem Bens
190002534834,Intermediários,Intermediários
190002534835,Contidos Sem Bens,Contidos Sem Bens
190002534836,Gastadores de Elite,Gastadores de Elite
190002534837,Contidos Sem Bens,Contidos Sem Bens
190002534838,Intermediários,Intermediários
190002534839,Gastadores de Elite,Gastadores de Elite
190002534840,Economicos com Poucos Bens,Economicos com Poucos Bens
190002534841,Gastadores de Elite,Gastadores de Elite
190002534842,Intermediários,Intermediários
190002534843,Contidos Sem Bens,Contidos Sem Bens
190002534844,Contidos Sem Bens,Contidos Sem Bens
190002534845,Gastadores de Elite,Gastadores de Elite
190002534846,Intermediários,Intermediários
190002534847,Gastadores de Elite,Gastadores de Elite
190002534848,Gastadores de Elite,Gastadores de Elite
190002534849,Contidos Sem Bens,Contidos Sem Bens
190002534850,Intermediários,Intermediários
190002534851,Intermediários,Intermediários
190002534852,Gastadores de Elite,Gastadores de Elite
190002534853,Contidos Sem Bens,Contidos Sem Bens
190002534854,Gastadores de Elite,Gastadores de Elite
190002534855,Economicos com Poucos Bens,Economicos com Poucos Bens
190002534856,Contidos Sem Bens,Contidos Sem Bens
190002534857,Intermediários,Intermediários
190002534858,Contidos Sem Bens,Contidos Sem Bens
190002534859,Contidos Sem Bens,Contidos Sem Bens
190002534860,Economicos com Poucos Bens,Economicos com Poucos Bens
190002534861,Contidos Sem Bens,Contidos Sem Bens
190002534862,Gastadores de Elite,Gastadores de Elite
190002534863,Intermediários,Intermediários
190002534864,Economicos com Poucos Bens,Economicos com Poucos Bens
190002534865,Gastadores de Elite,Gastadores de Elite
190002534866,Gastadores de Elite,Gastadores de Elite
190002534867,Gastadores de Elite,Gastadores de Elite
190002534868,Economicos com Poucos Bens,Economicos com Poucos Bens
190002534869,Intermediários,Intermediários
190002534870,Gastadores de Elite,Gastadores de Elite
190002534871,Contidos Sem Bens,Contidos Sem Bens
190002534872,Contidos Sem Bens,Contidos Sem Bens
190002534873,Gastadores de Elite,Gastadores de Elite
190002534874,Economicos com Poucos Bens,Economicos com Poucos Bens
190002534875,Economicos com Poucos Bens,Economicos com Poucos Bens
190002534876,Gastadores de Elite,Gastadores de Elite
190002535140,Intermediários,Intermediários
190002535141,Gastadores de Elite,Gastadores de Elite
190002536138,Gastadores de Elite,Gastadores de Elite
190002536139,Contidos Sem Bens,Contidos Sem Bens
190002536140,Intermediários,Intermediários
190002536141,Gastadores de Elite,Gastadores de Elite
190002536142,Gastadores de Elite,Gastadores de Elite
190002536143,Intermediários,Intermediários
190002536144,Gastadores de Elite,Gastadores de Elite
190002536145,Gastadores de Elite,Gastadores de Elite
190002536146,Gastadores de Elite,Gastadores de Elite
190002536147,Contidos Sem Bens,Contidos Sem Bens
190002536148,Contidos Sem Bens,Contidos Sem Bens
190002536149,Gastadores de Elite,Gastadores de Elite
190002536150,Gastadores de Elite,Gastadores de Elite
190002536151,Intermediários,Intermediários
190002536152,Gastadores de Elite,Gastadores de Elite
190002536153,Gastadores de Elite,Gastadores de Elite
190002536154,Economicos com Poucos Bens,Economicos com Poucos Bens
190002536155,Gastadores de Elite,Gastadores de Elite
190002536156,Gastadores de Elite,Gastadores de Elite
190002536157,Gastadores de Elite,Gastadores de Elite
190002536158,Gastadores de Elite,Gastadores de Elite
190002536159,Intermediários,Intermediários
190002536160,Gastadores de Elite,Gastadores de Elite
190002536161,Gastadores de Elite,Gastadores de Elite
190002537134,Contidos Sem Bens,Contidos Sem Bens
190002537135,Economicos com Poucos Bens,Economicos com Poucos Bens
190002537136,Contidos Sem Bens,Contidos Sem Bens
190002537137,Economicos com Poucos Bens,Economicos com Poucos Bens
190002537138,Gastadores de Elite,Gastadores de Elite
190002537139,Economicos com Poucos Bens,Economicos com Poucos Bens
190002537140,Contidos Sem Bens,Contidos Sem Bens
190002537141,Economicos com Poucos Bens,Economicos com Poucos Bens
190002537142,Intermediários,Intermediários
190002537143,Contidos Sem Bens,Contidos Sem Bens
190002537144,Contidos Sem Bens,Contidos Sem Bens
190002537145,Economicos com Poucos Bens,Economicos com Poucos Bens
190002537146,Economicos com Poucos Bens,Economicos com Poucos Bens
190002537147,Contidos Sem Bens,Contidos Sem Bens
190002537148,Intermediários,Intermediários
190002537149,Economicos com Poucos Bens,Economicos com Poucos Bens
190002537150,Contidos Sem Bens,Contidos Sem Bens
190002537151,Contidos Sem Bens,Contidos Sem Bens
190002537152,Economicos com Poucos Bens,Economicos com Poucos Bens
190002537153,Economicos com Poucos Bens,Economicos com Poucos Bens
190002537154,Contidos Sem Bens,Contidos Sem Bens
190002537155,Contidos Sem Bens,Contidos Sem Bens
190002537156,Economicos com Poucos Bens,Economicos com Poucos Bens
190002537157,Intermediários,Intermediários
190002537158,Economicos com Poucos Bens,Economicos com Poucos Bens
190002537159,Gastadores de Elite,Gastadores de Elite
190002537160,Economicos com Poucos Bens,Economicos com Poucos Bens
190002537161,Contidos Sem Bens,Contidos Sem Bens
190002537162,Contidos Sem Bens,Contidos Sem Bens
190002537163,Contidos Sem Bens,Contidos Sem Bens
190002537164,Gastadores de Elite,Gastadores de Elite
190002537165,Intermediários,Intermediários
190002537166,Economicos com Poucos Bens,Economicos com Poucos Bens
190002537167,Gastadores de Elite,Gastadores de Elite
190002537168,Economicos com Poucos Bens,Economicos com Poucos Bens
190002537169,Contidos Sem Bens,Contidos Sem Bens
190002537170,Contidos Sem Bens,Contidos Sem Bens
190002537171,Gastadores de Elite,Gastadores de Elite
190002537172,Gastadores de Elite,Gastadores de Elite
190002537173,Economicos com Poucos Bens,Economicos com Poucos Bens
190002537174,Gastadores de Elite,Gastadores de Elite
190002537175,Gastadores de Elite,Gastadores de Elite
190002537176,Intermediários,Intermediários
190002537177,Intermediários,Intermediários
190002537178,Economicos com Poucos Bens,Economicos com Poucos Bens
190002537179,Intermediários,Intermediários
190002537180,Contidos Sem Bens,Contidos Sem Bens
190002537599,Contidos Sem Bens,Contidos Sem Bens
190002537600,Economicos com Poucos Bens,Economicos com Poucos Bens
190002537601,Economicos com Poucos Bens,Economicos com Poucos Bens
190002537602,Economicos com Poucos Bens,Economicos com Poucos Bens
190002537603,Contidos Sem Bens,Contidos Sem Bens
190002537604,Contidos Sem Bens,Contidos Sem Bens
190002537605,Intermediários,Intermediários
190002537606,Intermediários,Intermediários
190002537607,Gastadores de Elite,Gastadores de Elite
190002537608,Gastadores de Elite,Gastadores de Elite
190002537609,Contidos Sem Bens,Contidos Sem Bens
190002537610,Contidos Sem Bens,Contidos Sem Bens
190002537611,Economicos com Poucos Bens,Economicos com Poucos Bens
190002537612,Economicos com Poucos Bens,Economicos com Poucos Bens
190002537613,Gastadores de Elite,Gastadores de Elite
190002538414,Gastadores de Elite,Gastadores de Elite
190002538415,Contidos Sem Bens,Contidos Sem Bens
190002538416,Economicos com Poucos Bens,Economicos com Poucos Bens
190002538417,Contidos Sem Bens,Contidos Sem Bens
190002538418,Economicos com Poucos Bens,Economicos com Poucos Bens
190002538419,Economicos com Poucos Bens,Economicos com Poucos Bens
190002538420,Economicos com Poucos Bens,Economicos com Poucos Bens
190002538421,Economicos com Poucos Bens,Economicos com Poucos Bens
190002538422,Gastadores de Elite,Gastadores de Elite
190002538423,Intermediários,Intermediários
190002538424,Contidos Sem Bens,Contidos Sem Bens
190002538425,Intermediários,Intermediários
190002538426,Gastadores de Elite,Gastadores de Elite
190002538427,Economicos com Poucos Bens,Economicos com Poucos Bens
190002538428,Economicos com Poucos Bens,Economicos com Poucos Bens
190002538429,Economicos com Poucos Bens,Economicos com Poucos Bens
190002538430,Economicos com Poucos Bens,Economicos com Poucos Bens
190002538431,Intermediários,Intermediários
190002538432,Economicos com Poucos Bens,Economicos com Poucos Bens
190002538433,Contidos Sem Bens,Contidos Sem Bens
190002538434,Gastadores de Elite,Gastadores de Elite
190002538435,Gastadores de Elite,Gastadores de Elite
190002538436,Gastadores de Elite,Gastadores de Elite
190002538437,Intermediários,Intermediários
190002538438,Contidos Sem Bens,Contidos Sem Bens
190002538439,Economicos com Poucos Bens,Economicos com Poucos Bens
190002538440,Gastadores de Elite,Gastadores de Elite
190002538441,Intermediários,Intermediários
190002538442,Contidos Sem Bens,Contidos Sem Bens
190002538443,Economicos com Poucos Bens,Economicos com Poucos Bens
190002538444,Contidos Sem Bens,Contidos Sem Bens
190002538445,Contidos Sem Bens,Contidos Sem Bens
190002539329,Contidos Sem Bens,Contidos Sem Bens
190002539330,Economicos com Poucos Bens,Economicos com Poucos Bens
190002539331,Contidos Sem Bens,Contidos Sem Bens
190002539332,Gastadores de Elite,Gastadores de Elite
190002539333,Intermediários,Intermediários
190002539334,Contidos Sem Bens,Contidos Sem Bens
190002539335,Contidos Sem Bens,Contidos Sem Bens
190002539336,Gastadores de Elite,Gastadores de Elite
190002539337,Economicos com Poucos Bens,Economicos com Poucos Bens
190002539338,Gastadores de Elite,Gastadores de Elite
190002539339,Gastadores de Elite,Gastadores de Elite
190002539340,Contidos Sem Bens,Contidos Sem Bens
190002539341,Contidos Sem Bens,Contidos Sem Bens
190002539342,Contidos Sem Bens,Contidos Sem Bens
190002539343,Economicos com Poucos Bens,Economicos com Poucos Bens
190002539344,Contidos Sem Bens,Contidos Sem Bens
190002539345,Gastadores de Elite,Gastadores de Elite
190002539346,Gastadores de Elite,Gastadores de Elite
190002539347,Economicos com Poucos Bens,Economicos com Poucos Bens
190002539348,Intermediários,Intermediários
190002539349,Gastadores de Elite,Gastadores de Elite
190002539350,Contidos Sem Bens,Contidos Sem Bens
190002539351,Contidos Sem Bens,Contidos Sem Bens
190002539352,Economicos com Poucos Bens,Economicos com Poucos Bens
190002539353,Contidos Sem Bens,Contidos Sem Bens
190002539354,Gastadores de Elite,Gastadores de Elite
190002539355,Contidos Sem Bens,Contidos Sem Bens
190002539356,Contidos Sem Bens,Contidos Sem Bens
190002539357,Intermediários,Intermediários
190002539358,Gastadores de Elite,Gastadores de Elite
190002539359,Gastadores de Elite,Gastadores de Elite
190002539360,Gastadores de Elite,Gastadores de Elite
190002539361,Contidos Sem Bens,Contidos Sem Bens
190002539362,Contidos Sem Bens,Contidos Sem Bens
190002539363,Contidos Sem Bens,Contidos Sem Bens
190002539364,Contidos Sem Bens,Contidos Sem Bens
190002539365,Contidos Sem Bens,Contidos Sem Bens
190002539366,Intermediários,Intermediários
190002539367,Contidos Sem Bens,Contidos Sem Bens
190002539470,Contidos Sem Bens,Contidos Sem Bens
190002539471,Gastadores de Elite,Gastadores de Elite
190002539472,Contidos Sem Bens,Contidos Sem Bens
190002539473,Contidos Sem Bens,Contidos Sem Bens
190002539542,Economicos com Poucos Bens,Economicos com Poucos Bens
190002539543,Economicos com Poucos Bens,Economicos com Poucos Bens
190002539644,Gastadores de Elite,Gastadores de Elite
190002539645,Economicos com Poucos Bens,Economicos com Poucos Bens
190002539646,Intermediários,Intermediários
190002539647,Contidos Sem Bens,Contidos Sem Bens
190002539648,Intermediários,Intermediários
190002539649,Gastadores de Elite,Gastadores de Elite
190002539650,Gastadores de Elite,Gastadores de Elite
190002539651,Economicos com Poucos Bens,Economicos com Poucos Bens
190002539652,Gastadores de Elite,Gastadores de Elite
190002539653,Intermediários,Intermediários
190002539654,Contidos Sem Bens,Contidos Sem Bens
190002539655,Economicos com Poucos Bens,Economicos com Poucos Bens
190002539656,Economicos com Poucos Bens,Economicos com Poucos Bens
190002539657,Contidos Sem Bens,Contidos Sem Bens
190002539658,Gastadores de Elite,Gastadores de Elite
190002539659,Contidos Sem Bens,Contidos Sem Bens
190002539660,Gastadores de Elite,Gastadores de Elite
190002539661,Economicos com Poucos Bens,Economicos com Poucos Bens
190002539662,Economicos com Poucos Bens,Economicos com Poucos Bens
190002539663,Economicos com Poucos Bens,Economicos com Poucos Bens
190002539664,Economicos com Poucos Bens,Economicos com Poucos Bens
190002539665,Gastadores de Elite,Gastadores de Elite
190002539666,Gastadores de Elite,Gastadores de Elite
190002539667,Economicos com Poucos Bens,Economicos com Poucos Bens
190002539668,Economicos com Poucos Bens,Economicos com Poucos Bens
190002539669,Contidos Sem Bens,Contidos Sem Bens
190002539670,Intermediários,Intermediários
190002539671,Economicos com Poucos Bens,Economicos com Poucos Bens
190002539672,Gastadores de Elite,Gastadores de Elite
190002539673,Gastadores de Elite,Gastadores de Elite
190002539674,Contidos Sem Bens,Contidos Sem Bens
190002539675,Intermediários,Intermediários
190002539676,Gastadores de Elite,Gastadores de Elite
190002539677,Economicos com Poucos Bens,Economicos com Poucos Bens
190002539678,Contidos Sem Bens,Contidos Sem Bens
190002539679,Gastadores de Elite,Gastadores de Elite
190002539680,Gastadores de Elite,Gastadores de Elite
190002539681,Economicos com Poucos Bens,Economicos com Poucos Bens
190002539682,Economicos com Poucos Bens,Economicos com Poucos Bens
190002539683,Contidos Sem Bens,Contidos Sem Bens
190002539684,Gastadores de Elite,Gastadores de Elite
190002539685,Contidos Sem Bens,Contidos Sem Bens
190002539686,Gastadores de Elite,Gastadores de Elite
190002539832,Gastadores de Elite,Gastadores de Elite
190002539833,Contidos Sem Bens,Contidos Sem Bens
190002540154,Intermediários,Intermediários
190002540155,Intermediários,Intermediários
190002540156,Gastadores de Elite,Gastadores de Elite
190002540157,Gastadores de Elite,Gastadores de Elite
190002540158,Gastadores de Elite,Gastadores de Elite
190002540159,Economicos com Poucos Bens,Economicos com Poucos Bens
190002540160,Contidos Sem Bens,Contidos Sem Bens
190002540161,Intermediários,Intermediários
190002540162,Economicos com Poucos Bens,Economicos com Poucos Bens
190002540163,Intermediários,Intermediários
190002540164,Contidos Sem Bens,Contidos Sem Bens
190002540165,Gastadores de Elite,Gastadores de Elite
190002540166,Intermediários,Intermediários
190002540167,Intermediários,Intermediários
190002540168,Economicos com Poucos Bens,Economicos com Poucos Bens
190002540169,Gastadores de Elite,Gastadores de Elite
190002540170,Contidos Sem Bens,Contidos Sem Bens
190002540171,Intermediários,Intermediários
190002540172,Intermediários,Intermediários
190002540173,Economicos com Poucos Bens,Economicos com Poucos Bens
190002540174,Intermediários,Intermediários
190002540175,Economicos com Poucos Bens,Economicos com Poucos Bens
190002540176,Intermediários,Intermediários
190002540177,Economicos com Poucos Bens,Economicos com Poucos Bens
190002540178,Gastadores de Elite,Gastadores de Elite
190002540179,Economicos com Poucos Bens,Economicos com Poucos Bens
190002540180,Intermediários,Intermediários
190002540181,Gastadores de Elite,Gastadores de Elite
190002540182,Intermediários,Intermediários
190002540183,Economicos com Poucos Bens,Economicos com Poucos Bens
190002540184,Gastadores de Elite,Gastadores de Elite
190002540185,Gastadores de Elite,Gastadores de Elite
190002540186,Contidos Sem Bens,Contidos Sem Bens
190002540187,Economicos com Poucos Bens,Economicos com Poucos Bens
190002540188,Intermediários,Intermediários
190002540189,Economicos com Poucos Bens,Economicos com Poucos Bens
190002540190,Intermediários,Intermediários
190002540191,Economicos com Poucos Bens,Economicos com Poucos Bens
190002540192,Intermediários,Intermediários
190002540193,Economicos com Poucos Bens,Economicos com Poucos Bens
190002540194,Gastadores de Elite,Gastadores de Elite
190002541045,Gastadores de Elite,Gastadores de Elite
190002541046,Gastadores de Elite,Gastadores de Elite
190002541047,Gastadores de Elite,Gastadores de Elite
190002541048,Economicos com Poucos Bens,Economicos com Poucos Bens
190002541049,Gastadores de Elite,Gastadores de Elite
190002541050,Contidos Sem Bens,Contidos Sem Bens
190002541051,Contidos Sem Bens,Contidos Sem Bens
190002541052,Economicos com Poucos Bens,Economicos com Poucos Bens
190002541053,Gastadores de Elite,Gastadores de Elite
190002541054,Intermediários,Intermediários
190002541055,Economicos com Poucos Bens,Economicos com Poucos Bens
190002541056,Gastadores de Elite,Gastadores de Elite
190002541057,Economicos com Poucos Bens,Economicos com Poucos Bens
190002541058,Gastadores de Elite,Gastadores de Elite
190002541059,Gastadores de Elite,Gastadores de Elite
190002541060,Gastadores de Elite,Gastadores de Elite
190002541061,Intermediários,Intermediários
190002541062,Gastadores de Elite,Gastadores de Elite
190002541063,Intermediários,Intermediários
190002541064,Gastadores de Elite,Gastadores de Elite
190002541065,Gastadores de Elite,Gastadores de Elite
190002541066,Contidos Sem Bens,Contidos Sem Bens
190002541067,Intermediários,Intermediários
190002541068,Gastadores de Elite,Gastadores de Elite
190002541069,Contidos Sem Bens,Contidos Sem Bens
190002541070,Gastadores de Elite,Gastadores de Elite
190002541071,Gastadores de Elite,Gastadores de Elite
190002541072,Gastadores de Elite,Gastadores de Elite
190002541073,Gastadores de Elite,Gastadores de Elite
190002541074,Gastadores de Elite,Gastadores de Elite
190002541075,Intermediários,Intermediários
190002541076,Gastadores de Elite,Gastadores de Elite
190002541077,Intermediários,Intermediários
190002541078,Gastadores de Elite,Gastadores de Elite
190002541079,Gastadores de Elite,Gastadores de Elite
190002541080,Intermediários,Intermediários
190002541081,Gastadores de Elite,Gastadores de Elite
190002541082,Gastadores de Elite,Gastadores de Elite
190002541083,Gastadores de Elite,Gastadores de Elite
190002541084,Contidos Sem Bens,Contidos Sem Bens
190002541085,Gastadores de Elite,Gastadores de Elite
190002541086,Gastadores de Elite,Gastadores de Elite
190002541087,Contidos Sem Bens,Contidos Sem Bens
190002541088,Contidos Sem Bens,Contidos Sem Bens
190002541089,Contidos Sem Bens,Contidos Sem Bens
190002541090,Contidos Sem Bens,Contidos Sem Bens
190002541091,Gastadores de Elite,Gastadores de Elite
190002541164,Economicos com Poucos Bens,Economicos com Poucos Bens
190002543061,Intermediários,Intermediários
190002543062,Economicos com Poucos Bens,Economicos com Poucos Bens
190002543063,Economicos com Poucos Bens,Economicos com Poucos Bens
190002543064,Gastadores de Elite,Gastadores de Elite
190002543065,Gastadores de Elite,Gastadores de Elite
190002543066,Economicos com Poucos Bens,Economicos com Poucos Bens
190002543067,Contidos Sem Bens,Contidos Sem Bens
190002543068,Gastadores de Elite,Gastadores de Elite
190002543069,Economicos com Poucos Bens,Economicos com Poucos Bens
190002543070,Gastadores de Elite,Gastadores de Elite
190002543071,Economicos com Poucos Bens,Economicos com Poucos Bens
190002543072,Intermediários,Intermediários
190002543073,Gastadores de Elite,Gastadores de Elite
190002543074,Gastadores de Elite,Gastadores de Elite
190002543075,Economicos com Poucos Bens,Economicos com Poucos Bens
190002543076,Economicos com Poucos Bens,Economicos com Poucos Bens
190002543077,Gastadores de Elite,Gastadores de Elite
190002543078,Contidos Sem Bens,Contidos Sem Bens
190002543079,Contidos Sem Bens,Contidos Sem Bens
190002543080,Gastadores de Elite,Gastadores de Elite
190002543081,Contidos Sem Bens,Contidos Sem Bens
190002543082,Economicos com Poucos Bens,Economicos com Poucos Bens
190002543083,Gastadores de Elite,Gastadores de Elite
190002543084,Contidos Sem Bens,Contidos Sem Bens
190002543085,Economicos com Poucos Bens,Economicos com Poucos Bens
190002543086,Intermediários,Intermediários
190002543087,Gastadores de Elite,Gastadores de Elite
190002543088,Economicos com Poucos Bens,Economicos com Poucos Bens
190002543089,Contidos Sem Bens,Contidos Sem Bens
190002543090,Economicos com Poucos Bens,Economicos com Poucos Bens
190002543091,Gastadores de Elite,Gastadores de Elite
190002543092,Gastadores de Elite,Gastadores de Elite
190002543093,Gastadores de Elite,Gastadores de Elite
190002543094,Economicos com Poucos Bens,Economicos com Poucos Bens
190002543095,Gastadores de Elite,Gastadores de Elite
190002543096,Gastadores de Elite,Gastadores de Elite
190002543097,Gastadores de Elite,Gastadores de Elite
190002543098,Economicos com Poucos Bens,Economicos com Poucos Bens
190002543099,Economicos com Poucos Bens,Economicos com Poucos Bens
190002543100,Contidos Sem Bens,Contidos Sem Bens
190002543101,Gastadores de Elite,Gastadores de Elite
190002543102,Gastadores de Elite,Gastadores de Elite
190002543103,Gastadores de Elite,Gastadores de Elite
190002543104,Gastadores de Elite,Gastadores de Elite
190002543213,Gastadores de Elite,Gastadores de Elite
190002543253,Economicos com Poucos Bens,Economicos com Poucos Bens
190002543254,Contidos Sem Bens,Contidos Sem Bens
190002543255,Economicos com Poucos Bens,Economicos com Poucos Bens
190002543256,Economicos com Poucos Bens,Economicos com Poucos Bens
190002543257,Contidos Sem Bens,Contidos Sem Bens
190002543258,Economicos com Poucos Bens,Economicos com Poucos Bens
190002543259,Economicos com Poucos Bens,Economicos com Poucos Bens
190002543260,Economicos com Poucos Bens,Economicos com Poucos Bens
190002543261,Contidos Sem Bens,Contidos Sem Bens
190002543262,Economicos com Poucos Bens,Economicos com Poucos Bens
190002543263,Economicos com Poucos Bens,Economicos com Poucos Bens
190002543264,Intermediários,Intermediários
190002543265,Economicos com Poucos Bens,Economicos com Poucos Bens
190002543266,Economicos com Poucos Bens,Economicos com Poucos Bens
190002543267,Economicos com Poucos Bens,Economicos com Poucos Bens
190002543268,Economicos com Poucos Bens,Economicos com Poucos Bens
190002543269,Contidos Sem Bens,Contidos Sem Bens
190002543270,Contidos Sem Bens,Contidos Sem Bens
190002543271,Gastadores de Elite,Gastadores de Elite
190002543272,Contidos Sem Bens,Contidos Sem Bens
190002543273,Contidos Sem Bens,Contidos Sem Bens
190002543274,Economicos com Poucos Bens,Economicos com Poucos Bens
190002543275,Economicos com Poucos Bens,Economicos com Poucos Bens
190002543276,Economicos com Poucos Bens,Economicos com Poucos Bens
190002543277,Gastadores de Elite,Gastadores de Elite
190002543278,Gastadores de Elite,Gastadores de Elite
190002543279,Contidos Sem Bens,Contidos Sem Bens
190002543280,Economicos com Poucos Bens,Economicos com Poucos Bens
190002543281,Intermediários,Intermediários
190002543282,Contidos Sem Bens,Contidos Sem Bens
190002543283,Economicos com Poucos Bens,Economicos com Poucos Bens
190002543284,Economicos com Poucos Bens,Economicos com Poucos Bens
190002543285,Contidos Sem Bens,Contidos Sem Bens
190002543286,Intermediários,Intermediários
190002543287,Contidos Sem Bens,Contidos Sem Bens
190002543288,Contidos Sem Bens,Contidos Sem Bens
190002543289,Economicos com Poucos Bens,Economicos com Poucos Bens
190002543290,Contidos Sem Bens,Contidos Sem Bens
190002543291,Contidos Sem Bens,Contidos Sem Bens
190002543334,Intermediários,Intermediários
190002543335,Contidos Sem Bens,Contidos Sem Bens
190002543336,Economicos com Poucos Bens,Economicos com Poucos Bens
190002543337,Gastadores de Elite,Gastadores de Elite
190002543338,Contidos Sem Bens,Contidos Sem Bens
190002543339,Gastadores de Elite,Gastadores de Elite
190002543340,Economicos com Poucos Bens,Economicos com Poucos Bens
190002543341,Contidos Sem Bens,Contidos Sem Bens
190002543342,Contidos Sem Bens,Contidos Sem Bens
190002543343,Contidos Sem Bens,Contidos Sem Bens
190002543344,Gastadores de Elite,Gastadores de Elite
190002543345,Gastadores de Elite,Gastadores de Elite
190002543346,Gastadores de Elite,Gastadores de Elite
190002543347,Gastadores de Elite,Gastadores de Elite
190002543348,Gastadores de Elite,Gastadores de Elite
190002543349,Gastadores de Elite,Gastadores de Elite
190002543350,Contidos Sem Bens,Contidos Sem Bens
190002543351,Contidos Sem Bens,Contidos Sem Bens
190002543352,Economicos com Poucos Bens,Economicos com Poucos Bens
190002543353,Gastadores de Elite,Gastadores de Elite
190002543354,Contidos Sem Bens,Contidos Sem Bens
190002543355,Economicos com Poucos Bens,Economicos com Poucos Bens
190002543356,Contidos Sem Bens,Contidos Sem Bens
190002543357,Gastadores de Elite,Gastadores de Elite
190002543358,Economicos com Poucos Bens,Economicos com Poucos Bens
190002543359,Gastadores de Elite,Gastadores de Elite
190002543360,Economicos com Poucos Bens,Economicos com Poucos Bens
190002543361,Contidos Sem Bens,Contidos Sem Bens
190002543362,Contidos Sem Bens,Contidos Sem Bens
190002543363,Gastadores de Elite,Gastadores de Elite
190002543364,Contidos Sem Bens,Contidos Sem Bens
190002543365,Economicos com Poucos Bens,Economicos com Poucos Bens
190002543366,Economicos com Poucos Bens,Economicos com Poucos Bens
190002543367,Intermediários,Intermediários
190002543368,Contidos Sem Bens,Contidos Sem Bens
190002543369,Contidos Sem Bens,Contidos Sem Bens
190002543370,Contidos Sem Bens,Contidos Sem Bens
190002543371,Intermediários,Intermediários
190002543372,Intermediários,Intermediários
190002543373,Intermediários,Intermediários
190002543374,Contidos Sem Bens,Contidos Sem Bens
190002543375,Gastadores de Elite,Gastadores de Elite
190002543376,Intermediários,Intermediários
190002543377,Economicos com Poucos Bens,Economicos com Poucos Bens
190002543378,Gastadores de Elite,Gastadores de Elite
190002543508,Contidos Sem Bens,Contidos Sem Bens
190002543509,Contidos Sem Bens,Contidos Sem Bens
190002543510,Contidos Sem Bens,Contidos Sem Bens
190002543511,Gastadores de Elite,Gastadores de Elite
190002543512,Contidos Sem Bens,Contidos Sem Bens
190002543513,Contidos Sem Bens,Contidos Sem Bens
190002543514,Contidos Sem Bens,Contidos Sem Bens
190002543515,Contidos Sem Bens,Contidos Sem Bens
190002543516,Contidos Sem Bens,Contidos Sem Bens
190002543517,Gastadores de Elite,Gastadores de Elite
190002543518,Economicos com Poucos Bens,Economicos com Poucos Bens
190002543519,Contidos Sem Bens,Contidos Sem Bens
190002543520,Gastadores de Elite,Gastadores de Elite
190002543521,Gastadores de Elite,Gastadores de Elite
190002543522,Contidos Sem Bens,Contidos Sem Bens
190002543523,Economicos com Poucos Bens,Economicos com Poucos Bens
190002543524,Intermediários,Intermediários
190002543525,Intermediários,Intermediários
190002543526,Contidos Sem Bens,Contidos Sem Bens
190002543527,Economicos com Poucos Bens,Economicos com Poucos Bens
190002543528,Economicos com Poucos Bens,Economicos com Poucos Bens
190002543529,Economicos com Poucos Bens,Economicos com Poucos Bens
190002543530,Contidos Sem Bens,Contidos Sem Bens
190002543531,Contidos Sem Bens,Contidos Sem Bens
190002543871,Economicos com Poucos Bens,Economicos com Poucos Bens
190002543872,Economicos com Poucos Bens,Economicos com Poucos Bens
190002543873,Economicos com Poucos Bens,Economicos com Poucos Bens
190002543874,Intermediários,Intermediários
190002543875,Economicos com Poucos Bens,Economicos com Poucos Bens
190002543876,Intermediários,Intermediários
190002543877,Economicos com Poucos Bens,Economicos com Poucos Bens
190002543878,Economicos com Poucos Bens,Economicos com Poucos Bens
190002543879,Economicos com Poucos Bens,Economicos com Poucos Bens
190002543880,Gastadores de Elite,Gastadores de Elite
190002543881,Economicos com Poucos Bens,Economicos com Poucos Bens
190002543882,Economicos com Poucos Bens,Economicos com Poucos Bens
190002543883,Economicos com Poucos Bens,Economicos com Poucos Bens
190002543884,Economicos com Poucos Bens,Economicos com Poucos Bens
190002543885,Gastadores de Elite,Gastadores de Elite
190002543886,Economicos com Poucos Bens,Economicos com Poucos Bens
190002543887,Gastadores de Elite,Gastadores de Elite
190002543888,Economicos com Poucos Bens,Economicos com Poucos Bens
190002543889,Economicos com Poucos Bens,Economicos com Poucos Bens
190002543890,Economicos com Poucos Bens,Economicos com Poucos Bens
190002543891,Contidos Sem Bens,Contidos Sem Bens
190002543892,Economicos com Poucos Bens,Economicos com Poucos Bens
190002543893,Contidos Sem Bens,Contidos Sem Bens
190002543894,Contidos Sem Bens,Contidos Sem Bens
190002543895,Economicos com Poucos Bens,Economicos com Poucos Bens
190002543896,Economicos com Poucos Bens,Economicos com Poucos Bens
190002543897,Economicos com Poucos Bens,Economicos com Poucos Bens
190002543898,Economicos com Poucos Bens,Economicos com Poucos Bens
190002543899,Gastadores de Elite,Gastadores de Elite
190002543900,Economicos com Poucos Bens,Economicos com Poucos Bens
190002543901,Gastadores de Elite,Gastadores de Elite
190002543902,Economicos com Poucos Bens,Economicos com Poucos Bens
190002543903,Contidos Sem Bens,Contidos Sem Bens
190002543904,Gastadores de Elite,Gastadores de Elite
190002543905,Contidos Sem Bens,Contidos Sem Bens
190002543906,Economicos com Poucos Bens,Economicos com Poucos Bens
190002543907,Economicos com Poucos Bens,Economicos com Poucos Bens
190002543908,Economicos com Poucos Bens,Economicos com Poucos Bens
190002543909,Economicos com Poucos Bens,Economicos com Poucos Bens
190002543910,Economicos com Poucos Bens,Economicos com Poucos Bens
190002543911,Economicos com Poucos Bens,Economicos com Poucos Bens
190002543912,Economicos com Poucos Bens,Economicos com Poucos Bens
190002543913,Gastadores de Elite,Gastadores de Elite
190002543914,Contidos Sem Bens,Contidos Sem Bens
190002543915,Contidos Sem Bens,Contidos Sem Bens
190002543916,Economicos com Poucos Bens,Economicos com Poucos Bens
190002543917,Economicos com Poucos Bens,Economicos com Poucos Bens
190002547233,Economicos com Poucos Bens,Economicos com Poucos Bens
190002547234,Economicos com Poucos Bens,Economicos com Poucos Bens
190002547235,Economicos com Poucos Bens,Economicos com Poucos Bens
190002547236,Economicos com Poucos Bens,Economicos com Poucos Bens
190002547237,Economicos com Poucos Bens,Economicos com Poucos Bens
190002547238,Economicos com Poucos Bens,Economicos com Poucos Bens
190002547239,Economicos com Poucos Bens,Economicos com Poucos Bens
190002547240,Economicos com Poucos Bens,Economicos com Poucos Bens
190002547241,Economicos com Poucos Bens,Economicos com Poucos Bens
190002547242,Gastadores de Elite,Gastadores de Elite
190002547243,Economicos com Poucos Bens,Economicos com Poucos Bens
190002547244,Economicos com Poucos Bens,Economicos com Poucos Bens
190002547245,Economicos com Poucos Bens,Economicos com Poucos Bens
190002547246,Economicos com Poucos Bens,Economicos com Poucos Bens
190002547247,Economicos com Poucos Bens,Economicos com Poucos Bens
190002547248,Economicos com Poucos Bens,Economicos com Poucos Bens
190002547249,Economicos com Poucos Bens,Economicos com Poucos Bens
190002547250,Economicos com Poucos Bens,Economicos com Poucos Bens
190002547251,Economicos com Poucos Bens,Economicos com Poucos Bens
190002547252,Economicos com Poucos Bens,Economicos com Poucos Bens
190002547253,Economicos com Poucos Bens,Economicos com Poucos Bens
190002547254,Economicos com Poucos Bens,Economicos com Poucos Bens
190002547255,Intermediários,Intermediários
190002547256,Gastadores de Elite,Gastadores de Elite
190002547257,Economicos com Poucos Bens,Economicos com Poucos Bens
190002547258,Economicos com Poucos Bens,Economicos com Poucos Bens
190002547259,Economicos com Poucos Bens,Economicos com Poucos Bens
190002547260,Economicos com Poucos Bens,Economicos com Poucos Bens
190002547261,Economicos com Poucos Bens,Economicos com Poucos Bens
190002547262,Intermediários,Intermediários
190002547263,Economicos com Poucos Bens,Economicos com Poucos Bens
190002547264,Economicos com Poucos Bens,Economicos com Poucos Bens
190002547265,Economicos com Poucos Bens,Economicos com Poucos Bens
190002547266,Economicos com Poucos Bens,Economicos com Poucos Bens
190002547267,Economicos com Poucos Bens,Economicos com Poucos Bens
190002547268,Economicos com Poucos Bens,Economicos com Poucos Bens
190002547269,Economicos com Poucos Bens,Economicos com Poucos Bens
190002547270,Economicos com Poucos Bens,Economicos com Poucos Bens
190002547271,Economicos com Poucos Bens,Economicos com Poucos Bens
190002548581,Contidos Sem Bens,Contidos Sem Bens
190002548582,Contidos Sem Bens,Contidos Sem Bens
190002548583,Economicos com Poucos Bens,Economicos com Poucos Bens
190002548584,Gastadores de Elite,Gastadores de Elite
190002548585,Intermediários,Intermediários
190002549598,Intermediários,Intermediários
190002549599,Intermediários,Intermediários
190002549600,Intermediários,Intermediários
190002550462,Economicos com Poucos Bens,Economicos com Poucos Bens
190002550481,Intermediários,Intermediários
190002550482,Intermediários,Intermediários
190002550483,Intermediários,Intermediários
190002550484,Intermediários,Intermediários
190002550485,Intermediários,Intermediários
190002550486,Intermediários,Intermediários
190002550487,Gastadores de Elite,Gastadores de Elite
190002550488,Intermediários,Intermediários
190002550489,Gastadores de Elite,Gastadores de Elite
190002550490,Gastadores de Elite,Gastadores de Elite
190002550491,Intermediários,Intermediários
190002550492,Contidos Sem Bens,Contidos Sem Bens
190002550493,Intermediários,Intermediários
190002550494,Gastadores de Elite,Gastadores de Elite
190002550495,Intermediários,Intermediários
190002550496,Economicos com Poucos Bens,Economicos com Poucos Bens
190002550497,Gastadores de Elite,Gastadores de Elite
190002550498,Contidos Sem Bens,Contidos Sem Bens
190002550499,Gastadores de Elite,Gastadores de Elite
190002550500,Gastadores de Elite,Gastadores de Elite
190002550501,Gastadores de Elite,Gastadores de Elite
190002550502,Gastadores de Elite,Gastadores de Elite
190002550503,Gastadores de Elite,Gastadores de Elite
190002550504,Contidos Sem Bens,Contidos Sem Bens
190002550505,Contidos Sem Bens,Contidos Sem Bens
190002550506,Intermediários,Intermediários
190002550507,Gastadores de Elite,Gastadores de Elite
190002550508,Contidos Sem Bens,Contidos Sem Bens
190002550509,Intermediários,Intermediários
190002550510,Intermediários,Intermediários
190002550511,Intermediários,Intermediários
190002550512,Intermediários,Intermediários
190002550513,Intermediários,Intermediários
190002550514,Intermediários,Intermediários
190002550515,Gastadores de Elite,Gastadores de Elite
190002550516,Intermediários,Intermediários
190002550517,Intermediários,Intermediários
190002550518,Gastadores de Elite,Gastadores de Elite
190002550519,Gastadores de Elite,Gastadores de Elite
190002550520,Intermediários,Intermediários
190002550521,Intermediários,Intermediários
190002550522,Gastadores de Elite,Gastadores de Elite
190002550523,Intermediários,Intermediários
190002551200,Economicos com Poucos Bens,Economicos com Poucos Bens
190002551201,Gastadores de Elite,Gastadores de Elite
190002551202,Economicos com Poucos Bens,Economicos com Poucos Bens
190002551203,Economicos com Poucos Bens,Economicos com Poucos Bens
190002551204,Contidos Sem Bens,Contidos Sem Bens
190002551205,Economicos com Poucos Bens,Economicos com Poucos Bens
190002551206,Economicos com Poucos Bens,Economicos com Poucos Bens
190002551207,Economicos com Poucos Bens,Economicos com Poucos Bens
190002551208,Economicos com Poucos Bens,Economicos com Poucos Bens
190002551209,Economicos com Poucos Bens,Economicos com Poucos Bens
190002551210,Gastadores de Elite,Gastadores de Elite
190002551211,Economicos com Poucos Bens,Economicos com Poucos Bens
190002551212,Contidos Sem Bens,Contidos Sem Bens
190002551213,Economicos com Poucos Bens,Economicos com Poucos Bens
190002551214,Economicos com Poucos Bens,Economicos com Poucos Bens
190002551215,Economicos com Poucos Bens,Economicos com Poucos Bens
190002551216,Economicos com Poucos Bens,Economicos com Poucos Bens
190002551217,Economicos com Poucos Bens,Economicos com Poucos Bens
190002551218,Economicos com Poucos Bens,Economicos com Poucos Bens
190002551219,Economicos com Poucos Bens,Economicos com Poucos Bens
190002551220,Economicos com Poucos Bens,Economicos com Poucos Bens
190002551374,Economicos com Poucos Bens,Economicos com Poucos Bens
190002551521,Economicos com Poucos Bens,Economicos com Poucos Bens
190002551522,Contidos Sem Bens,Contidos Sem Bens
190002551523,Economicos com Poucos Bens,Economicos com Poucos Bens
190002551524,Economicos com Poucos Bens,Economicos com Poucos Bens
190002551525,Economicos com Poucos Bens,Economicos com Poucos Bens
190002551526,Economicos com Poucos Bens,Economicos com Poucos Bens
190002551527,Economicos com Poucos Bens,Economicos com Poucos Bens
190002551528,Economicos com Poucos Bens,Economicos com Poucos Bens
190002551529,Economicos com Poucos Bens,Economicos com Poucos Bens
190002551530,Economicos com Poucos Bens,Economicos com Poucos Bens
190002551531,Economicos com Poucos Bens,Economicos com Poucos Bens
190002551532,Economicos com Poucos Bens,Economicos com Poucos Bens
190002551533,Economicos com Poucos Bens,Economicos com Poucos Bens
190002551534,Economicos com Poucos Bens,Economicos com Poucos Bens
190002551535,Economicos com Poucos Bens,Economicos com Poucos Bens
190002551536,Economicos com Poucos Bens,Economicos com Poucos Bens
190002551537,Economicos com Poucos Bens,Economicos com Poucos Bens
190002551538,Economicos com Poucos Bens,Economicos com Poucos Bens
190002551539,Economicos com Poucos Bens,Economicos com Poucos Bens
190002551540,Contidos Sem Bens,Contidos Sem Bens
190002551541,Economicos com Poucos Bens,Economicos com Poucos Bens
190002551542,Economicos com Poucos Bens,Economicos com Poucos Bens
190002552188,Economicos com Poucos Bens,Economicos com Poucos Bens
190002552189,Economicos com Poucos Bens,Economicos com Poucos Bens
190002552525,Economicos com Poucos Bens,Economicos com Poucos Bens
190002552526,Economicos com Poucos Bens,Economicos com Poucos Bens
190002552527,Economicos com Poucos Bens,Economicos com Poucos Bens
190002552528,Economicos com Poucos Bens,Economicos com Poucos Bens
190002552529,Economicos com Poucos Bens,Economicos com Poucos Bens
190002552530,Economicos com Poucos Bens,Economicos com Poucos Bens
190002553916,Economicos com Poucos Bens,Economicos com Poucos Bens
190002553931,Gastadores de Elite,Gastadores de Elite
190002553943,Intermediários,Intermediários
190002553944,Gastadores de Elite,Gastadores de Elite
190002554002,Gastadores de Elite,Gastadores de Elite
190002554117,Economicos com Poucos Bens,Economicos com Poucos Bens
190002554118,Intermediários,Intermediários
190002554119,Economicos com Poucos Bens,Economicos com Poucos Bens
190002554139,Intermediários,Intermediários
250002530091,Contidos Sem Bens,Contidos Sem Bens
250002530092,Contidos Sem Bens,Contidos Sem Bens
250002530093,Contidos Sem Bens,Contidos Sem Bens
250002530114,Contidos Sem Bens,Contidos Sem Bens
250002530115,Gastadores de Elite,Gastadores de Elite
250002530116,Gastadores de Elite,Gastadores de Elite
250002530117,Intermediários,Intermediários
250002530118,Economicos com Poucos Bens,Economicos com Poucos Bens
250002530119,Intermediários,Intermediários
250002530120,Intermediários,Intermediários
250002530121,Gastadores de Elite,Gastadores de Elite
250002530122,Intermediários,Intermediários
250002530123,Gastadores de Elite,Gastadores de Elite
250002530124,Gastadores de Elite,Gastadores de Elite
250002530125,Intermediários,Intermediários
250002530126,Gastadores de Elite,Gastadores de Elite
250002530127,Gastadores de Elite,Gastadores de Elite
250002530128,Gastadores de Elite,Gastadores de Elite
250002530129,Gastadores de Elite,Gastadores de Elite
250002530130,Gastadores de Elite,Gastadores de Elite
250002530131,Gastadores de Elite,Gastadores de Elite
250002530132,Gastadores de Elite,Gastadores de Elite
250002530133,Gastadores de Elite,Gastadores de Elite
250002530134,Contidos Sem Bens,Contidos Sem Bens
250002530135,Gastadores de Elite,Gastadores de Elite
250002530136,Gastadores de Elite,Gastadores de Elite
250002530137,Gastadores de Elite,Gastadores de Elite
250002530138,Gastadores de Elite,Gastadores de Elite
250002530139,Contidos Sem Bens,Contidos Sem Bens
250002530140,Economicos com Poucos Bens,Economicos com Poucos Bens
250002530141,Contidos Sem Bens,Contidos Sem Bens
250002530142,Intermediários,Intermediários
250002530143,Intermediários,Intermediários
250002530144,Gastadores de Elite,Gastadores de Elite
250002530145,Gastadores de Elite,Gastadores de Elite
250002530146,Economicos com Poucos Bens,Economicos com Poucos Bens
250002530147,Intermediários,Intermediários
250002530148,Contidos Sem Bens,Contidos Sem Bens
250002530149,Intermediários,Intermediários
250002530150,Contidos Sem Bens,Contidos Sem Bens
250002530151,Contidos Sem Bens,Contidos Sem Bens
250002530152,Gastadores de Elite,Gastadores de Elite
250002530153,Gastadores de Elite,Gastadores de Elite
250002530154,Gastadores de Elite,Gastadores de Elite
250002530155,Contidos Sem Bens,Contidos Sem Bens
250002530156,Gastadores de Elite,Gastadores de Elite
250002530157,Intermediários,Intermediários
250002530158,Economicos com Poucos Bens,Economicos com Poucos Bens
250002530159,Contidos Sem Bens,Contidos Sem Bens
250002530160,Contidos Sem Bens,Contidos Sem Bens
250002530161,Contidos Sem Bens,Contidos Sem Bens
250002530162,Gastadores de Elite,Gastadores de Elite
250002530163,Gastadores de Elite,Gastadores de Elite
250002530164,Gastadores de Elite,Gastadores de Elite
250002530165,Gastadores de Elite,Gastadores de Elite
250002530166,Intermediários,Intermediários
250002530167,Gastadores de Elite,Gastadores de Elite
250002530168,Gastadores de Elite,Gastadores de Elite
250002530169,Gastadores de Elite,Gastadores de Elite
250002530170,Gastadores de Elite,Gastadores de Elite
250002530171,Gastadores de Elite,Gastadores de Elite
250002530172,Contidos Sem Bens,Contidos Sem Bens
250002530173,Gastadores de Elite,Gastadores de Elite
250002530174,Gastadores de Elite,Gastadores de Elite
250002530175,Economicos com Poucos Bens,Economicos com Poucos Bens
250002530176,Contidos Sem Bens,Contidos Sem Bens
250002530177,Gastadores de Elite,Gastadores de Elite
250002530178,Gastadores de Elite,Gastadores de Elite
250002530179,Gastadores de Elite,Gastadores de Elite
250002530180,Intermediários,Intermediários
250002532322,Intermediários,Intermediários
250002532323,Gastadores de Elite,Gastadores de Elite
250002532324,Gastadores de Elite,Gastadores de Elite
250002532325,Gastadores de Elite,Gastadores de Elite
250002532326,Gastadores de Elite,Gastadores de Elite
250002532327,Gastadores de Elite,Gastadores de Elite
250002532328,Intermediários,Intermediários
250002532329,Gastadores de Elite,Gastadores de Elite
250002532330,Gastadores de Elite,Gastadores de Elite
250002532331,Intermediários,Intermediários
250002532332,Gastadores de Elite,Gastadores de Elite
250002532333,Gastadores de Elite,Gastadores de Elite
250002532334,Gastadores de Elite,Gastadores de Elite
250002532335,Gastadores de Elite,Gastadores de Elite
250002532336,Gastadores de Elite,Gastadores de Elite
250002532337,Gastadores de Elite,Gastadores de Elite
250002532338,Gastadores de Elite,Gastadores de Elite
250002532339,Contidos Sem Bens,Contidos Sem Bens
250002532340,Gastadores de Elite,Gastadores de Elite
250002532341,Contidos Sem Bens,Contidos Sem Bens
250002532342,Gastadores de Elite,Gastadores de Elite
250002532343,Gastadores de Elite,Gastadores de Elite
250002532344,Intermediários,Intermediários
250002532345,Contidos Sem Bens,Contidos Sem Bens
250002532346,Economicos com Poucos Bens,Economicos com Poucos Bens
250002532347,Gastadores de Elite,Gastadores de Elite
250002532348,Intermediários,Intermediários
250002532349,Gastadores de Elite,Gastadores de Elite
250002532350,Gastadores de Elite,Gastadores de Elite
250002532351,Gastadores de Elite,Gastadores de Elite
250002532352,Gastadores de Elite,Gastadores de Elite
250002532353,Gastadores de Elite,Gastadores de Elite
250002532354,Contidos Sem Bens,Contidos Sem Bens
250002532355,Gastadores de Elite,Gastadores de Elite
250002532356,Contidos Sem Bens,Contidos Sem Bens
250002532358,Gastadores de Elite,Gastadores de Elite
250002532359,Gastadores de Elite,Gastadores de Elite
250002532360,Intermediários,Intermediários
250002532361,Gastadores de Elite,Gastadores de Elite
250002532362,Intermediários,Intermediários
250002532363,Intermediários,Intermediários
250002532364,Gastadores de Elite,Gastadores de Elite
250002532365,Gastadores de Elite,Gastadores de Elite
250002532366,Gastadores de Elite,Gastadores de Elite
250002532367,Gastadores de Elite,Gastadores de Elite
250002532368,Gastadores de Elite,Gastadores de Elite
250002532369,Gastadores de Elite,Gastadores de Elite
250002532370,Gastadores de Elite,Gastadores de Elite
250002532371,Gastadores de Elite,Gastadores de Elite
250002532372,Gastadores de Elite,Gastadores de Elite
250002532373,Gastadores de Elite,Gastadores de Elite
250002532374,Gastadores de Elite,Gastadores de Elite
250002532375,Gastadores de Elite,Gastadores de Elite
250002532376,Gastadores de Elite,Gastadores de Elite
250002532377,Gastadores de Elite,Gastadores de Elite
250002532378,Gastadores de Elite,Gastadores de Elite
250002532379,Gastadores de Elite,Gastadores de Elite
250002532380,Intermediários,Intermediários
250002532381,Gastadores de Elite,Gastadores de Elite
250002532382,Contidos Sem Bens,Contidos Sem Bens
250002532383,Gastadores de Elite,Gastadores de Elite
250002533607,Gastadores de Elite,Gastadores de Elite
250002533608,Economicos com Poucos Bens,Economicos com Poucos Bens
250002533609,Intermediários,Intermediários
250002533610,Economicos com Poucos Bens,Economicos com Poucos Bens
250002533611,Contidos Sem Bens,Contidos Sem Bens
250002533612,Intermediários,Intermediários
250002533613,Gastadores de Elite,Gastadores de Elite
250002533614,Gastadores de Elite,Gastadores de Elite
250002533615,Gastadores de Elite,Gastadores de Elite
250002533616,Gastadores de Elite,Gastadores de Elite
250002533617,Economicos com Poucos Bens,Economicos com Poucos Bens
250002533618,Gastadores de Elite,Gastadores de Elite
250002533619,Gastadores de Elite,Gastadores de Elite
250002533620,Gastadores de Elite,Gastadores de Elite
250002533621,Contidos Sem Bens,Contidos Sem Bens
250002533622,Intermediários,Intermediários
250002533623,Contidos Sem Bens,Contidos Sem Bens
250002533624,Gastadores de Elite,Gastadores de Elite
250002533625,Contidos Sem Bens,Contidos Sem Bens
250002533626,Intermediários,Intermediários
250002533627,Gastadores de Elite,Gastadores de Elite
250002533628,Gastadores de Elite,Gastadores de Elite
250002533629,Economicos com Poucos Bens,Economicos com Poucos Bens
250002533630,Gastadores de Elite,Gastadores de Elite
250002533631,Contidos Sem Bens,Contidos Sem Bens
250002533632,Gastadores de Elite,Gastadores de Elite
250002533633,Economicos com Poucos Bens,Economicos com Poucos Bens
250002533634,Economicos com Poucos Bens,Economicos com Poucos Bens
250002533635,Economicos com Poucos Bens,Economicos com Poucos Bens
250002533636,Gastadores de Elite,Gastadores de Elite
250002533637,Gastadores de Elite,Gastadores de Elite
250002533638,Gastadores de Elite,Gastadores de Elite
250002533639,Economicos com Poucos Bens,Economicos com Poucos Bens
250002533640,Gastadores de Elite,Gastadores de Elite
250002533641,Intermediários,Intermediários
250002533642,Contidos Sem Bens,Contidos Sem Bens
250002533643,Gastadores de Elite,Gastadores de Elite
250002533644,Gastadores de Elite,Gastadores de Elite
250002533645,Gastadores de Elite,Gastadores de Elite
250002533646,Gastadores de Elite,Gastadores de Elite
250002533647,Gastadores de Elite,Gastadores de Elite
250002533648,Gastadores de Elite,Gastadores de Elite
250002533649,Intermediários,Intermediários
250002533650,Intermediários,Intermediários
250002533651,Economicos com Poucos Bens,Economicos com Poucos Bens
250002533652,Economicos com Poucos Bens,Economicos com Poucos Bens
250002533653,Contidos Sem Bens,Contidos Sem Bens
250002533654,Economicos com Poucos Bens,Economicos com Poucos Bens
250002533655,Economicos com Poucos Bens,Economicos com Poucos Bens
250002533656,Intermediários,Intermediários
250002533657,Gastadores de Elite,Gastadores de Elite
250002533658,Gastadores de Elite,Gastadores de Elite
250002533659,Gastadores de Elite,Gastadores de Elite
250002533660,Gastadores de Elite,Gastadores de Elite
250002533661,Intermediários,Intermediários
250002533662,Economicos com Poucos Bens,Economicos com Poucos Bens
250002533663,Gastadores de Elite,Gastadores de Elite
250002533664,Gastadores de Elite,Gastadores de Elite
250002533665,Economicos com Poucos Bens,Economicos com Poucos Bens
250002533666,Gastadores de Elite,Gastadores de Elite
250002533667,Contidos Sem Bens,Contidos Sem Bens
250002533668,Gastadores de Elite,Gastadores de Elite
250002533669,Gastadores de Elite,Gastadores de Elite
250002533670,Gastadores de Elite,Gastadores de Elite
250002533671,Gastadores de Elite,Gastadores de Elite
250002533672,Gastadores de Elite,Gastadores de Elite
250002533673,Gastadores de Elite,Gastadores de Elite
250002534394,Gastadores de Elite,Gastadores de Elite
250002534395,Gastadores de Elite,Gastadores de Elite
250002534396,Economicos com Poucos Bens,Economicos com Poucos Bens
250002534397,Economicos com Poucos Bens,Economicos com Poucos Bens
250002534398,Economicos com Poucos Bens,Economicos com Poucos Bens
250002534399,Gastadores de Elite,Gastadores de Elite
250002534400,Gastadores de Elite,Gastadores de Elite
250002534401,Gastadores de Elite,Gastadores de Elite
250002534402,Gastadores de Elite,Gastadores de Elite
250002534403,Contidos Sem Bens,Contidos Sem Bens
250002534404,Contidos Sem Bens,Contidos Sem Bens
250002534405,Gastadores de Elite,Gastadores de Elite
250002534406,Gastadores de Elite,Gastadores de Elite
250002534407,Contidos Sem Bens,Contidos Sem Bens
250002534408,Gastadores de Elite,Gastadores de Elite
250002534409,Gastadores de Elite,Gastadores de Elite
250002534410,Gastadores de Elite,Gastadores de Elite
250002534411,Gastadores de Elite,Gastadores de Elite
250002534412,Gastadores de Elite,Gastadores de Elite
250002534413,Gastadores de Elite,Gastadores de Elite
250002534914,Gastadores de Elite,Gastadores de Elite
250002534915,Intermediários,Intermediários
250002534916,Contidos Sem Bens,Contidos Sem Bens
250002534917,Gastadores de Elite,Gastadores de Elite
250002534918,Gastadores de Elite,Gastadores de Elite
250002534919,Gastadores de Elite,Gastadores de Elite
250002534920,Gastadores de Elite,Gastadores de Elite
250002534921,Gastadores de Elite,Gastadores de Elite
250002534922,Intermediários,Intermediários
250002534923,Gastadores de Elite,Gastadores de Elite
250002534924,Gastadores de Elite,Gastadores de Elite
250002534925,Economicos com Poucos Bens,Economicos com Poucos Bens
250002534926,Contidos Sem Bens,Contidos Sem Bens
250002534927,Gastadores de Elite,Gastadores de Elite
250002534928,Gastadores de Elite,Gastadores de Elite
250002534929,Gastadores de Elite,Gastadores de Elite
250002534930,Gastadores de Elite,Gastadores de Elite
250002534931,Gastadores de Elite,Gastadores de Elite
250002534932,Gastadores de Elite,Gastadores de Elite
250002534933,Gastadores de Elite,Gastadores de Elite
250002534934,Gastadores de Elite,Gastadores de Elite
250002534935,Intermediários,Intermediários
250002534936,Gastadores de Elite,Gastadores de Elite
250002534937,Intermediários,Intermediários
250002534938,Gastadores de Elite,Gastadores de Elite
250002534939,Contidos Sem Bens,Contidos Sem Bens
250002534940,Economicos com Poucos Bens,Economicos com Poucos Bens
250002534941,Contidos Sem Bens,Contidos Sem Bens
250002534942,Contidos Sem Bens,Contidos Sem Bens
250002534943,Economicos com Poucos Bens,Economicos com Poucos Bens
250002534944,Gastadores de Elite,Gastadores de Elite
250002534945,Contidos Sem Bens,Contidos Sem Bens
250002534946,Contidos Sem Bens,Contidos Sem Bens
250002534947,Gastadores de Elite,Gastadores de Elite
250002534948,Gastadores de Elite,Gastadores de Elite
250002534949,Gastadores de Elite,Gastadores de Elite
250002534950,Gastadores de Elite,Gastadores de Elite
250002534951,Gastadores de Elite,Gastadores de Elite
250002535932,Contidos Sem Bens,Contidos Sem Bens
250002535933,Gastadores de Elite,Gastadores de Elite
250002535934,Gastadores de Elite,Gastadores de Elite
250002535935,Gastadores de Elite,Gastadores de Elite
250002535936,Gastadores de Elite,Gastadores de Elite
250002535937,Gastadores de Elite,Gastadores de Elite
250002535938,Gastadores de Elite,Gastadores de Elite
250002535939,Gastadores de Elite,Gastadores de Elite
250002535940,Gastadores de Elite,Gastadores de Elite
250002535941,Contidos Sem Bens,Contidos Sem Bens
250002535942,Contidos Sem Bens,Contidos Sem Bens
250002535943,Gastadores de Elite,Gastadores de Elite
250002535944,Gastadores de Elite,Gastadores de Elite
250002535945,Gastadores de Elite,Gastadores de Elite
250002535946,Gastadores de Elite,Gastadores de Elite
250002535947,Gastadores de Elite,Gastadores de Elite
250002535948,Gastadores de Elite,Gastadores de Elite
250002535949,Gastadores de Elite,Gastadores de Elite
250002535950,Contidos Sem Bens,Contidos Sem Bens
250002535951,Gastadores de Elite,Gastadores de Elite
250002535952,Gastadores de Elite,Gastadores de Elite
250002535953,Gastadores de Elite,Gastadores de Elite
250002535954,Gastadores de Elite,Gastadores de Elite
250002535955,Gastadores de Elite,Gastadores de Elite
250002535956,Gastadores de Elite,Gastadores de Elite
250002535957,Gastadores de Elite,Gastadores de Elite
250002535958,Gastadores de Elite,Gastadores de Elite
250002535959,Gastadores de Elite,Gastadores de Elite
250002535960,Gastadores de Elite,Gastadores de Elite
250002535961,Gastadores de Elite,Gastadores de Elite
250002535962,Gastadores de Elite,Gastadores de Elite
250002535963,Gastadores de Elite,Gastadores de Elite
250002535964,Gastadores de Elite,Gastadores de Elite
250002535965,Gastadores de Elite,Gastadores de Elite
250002535966,Contidos Sem Bens,Contidos Sem Bens
250002535967,Gastadores de Elite,Gastadores de Elite
250002535968,Gastadores de Elite,Gastadores de Elite
250002535969,Gastadores de Elite,Gastadores de Elite
250002535970,Gastadores de Elite,Gastadores de Elite
250002535971,Intermediários,Intermediários
250002535972,Gastadores de Elite,Gastadores de Elite
250002535973,Gastadores de Elite,Gastadores de Elite
250002535974,Gastadores de Elite,Gastadores de Elite
250002535975,Gastadores de Elite,Gastadores de Elite
250002535976,Gastadores de Elite,Gastadores de Elite
250002535977,Contidos Sem Bens,Contidos Sem Bens
250002535978,Intermediários,Intermediários
250002535979,Gastadores de Elite,Gastadores de Elite
250002535980,Gastadores de Elite,Gastadores de Elite
250002535981,Contidos Sem Bens,Contidos Sem Bens
250002535982,Gastadores de Elite,Gastadores de Elite
250002535983,Gastadores de Elite,Gastadores de Elite
250002535984,Gastadores de Elite,Gastadores de Elite
250002535985,Gastadores de Elite,Gastadores de Elite
250002535986,Gastadores de Elite,Gastadores de Elite
250002535987,Contidos Sem Bens,Contidos Sem Bens
250002535988,Gastadores de Elite,Gastadores de Elite
250002535989,Contidos Sem Bens,Contidos Sem Bens
250002535990,Gastadores de Elite,Gastadores de Elite
250002535991,Gastadores de Elite,Gastadores de Elite
250002535992,Gastadores de Elite,Gastadores de Elite
250002535993,Intermediários,Intermediários
250002535994,Gastadores de Elite,Gastadores de Elite
250002535995,Gastadores de Elite,Gastadores de Elite
250002535996,Gastadores de Elite,Gastadores de Elite
250002535997,Gastadores de Elite,Gastadores de Elite
250002535998,Gastadores de Elite,Gastadores de Elite
250002535999,Gastadores de Elite,Gastadores de Elite
250002536713,Gastadores de Elite,Gastadores de Elite
250002536714,Gastadores de Elite,Gastadores de Elite
250002536715,Gastadores de Elite,Gastadores de Elite
250002536716,Gastadores de Elite,Gastadores de Elite
250002536717,Gastadores de Elite,Gastadores de Elite
250002536718,Economicos com Poucos Bens,Economicos com Poucos Bens
250002536719,Gastadores de Elite,Gastadores de Elite
250002536720,Gastadores de Elite,Gastadores de Elite
250002536721,Gastadores de Elite,Gastadores de Elite
250002536722,Gastadores de Elite,Gastadores de Elite
250002536723,Gastadores de Elite,Gastadores de Elite
250002536724,Intermediários,Intermediários
250002536725,Economicos com Poucos Bens,Economicos com Poucos Bens
250002536726,Gastadores de Elite,Gastadores de Elite
250002536727,Gastadores de Elite,Gastadores de Elite
250002536728,Gastadores de Elite,Gastadores de Elite
250002536729,Economicos com Poucos Bens,Economicos com Poucos Bens
250002536730,Gastadores de Elite,Gastadores de Elite
250002536731,Gastadores de Elite,Gastadores de Elite
250002536732,Economicos com Poucos Bens,Economicos com Poucos Bens
250002536733,Gastadores de Elite,Gastadores de Elite
250002536734,Gastadores de Elite,Gastadores de Elite
250002536735,Intermediários,Intermediários
250002536736,Gastadores de Elite,Gastadores de Elite
250002536737,Gastadores de Elite,Gastadores de Elite
250002536738,Intermediários,Intermediários
250002536739,Intermediários,Intermediários
250002536740,Gastadores de Elite,Gastadores de Elite
250002536741,Economicos com Poucos Bens,Economicos com Poucos Bens
250002536742,Gastadores de Elite,Gastadores de Elite
250002536743,Gastadores de Elite,Gastadores de Elite
250002536744,Contidos Sem Bens,Contidos Sem Bens
250002536745,Gastadores de Elite,Gastadores de Elite
250002536746,Economicos com Poucos Bens,Economicos com Poucos Bens
250002536747,Gastadores de Elite,Gastadores de Elite
250002536748,Gastadores de Elite,Gastadores de Elite
250002536749,Gastadores de Elite,Gastadores de Elite
250002536750,Contidos Sem Bens,Contidos Sem Bens
250002536751,Gastadores de Elite,Gastadores de Elite
250002536752,Intermediários,Intermediários
250002536753,Gastadores de Elite,Gastadores de Elite
250002536754,Economicos com Poucos Bens,Economicos com Poucos Bens
250002536755,Gastadores de Elite,Gastadores de Elite
250002536756,Intermediários,Intermediários
250002536757,Gastadores de Elite,Gastadores de Elite
250002536758,Gastadores de Elite,Gastadores de Elite
250002536759,Economicos com Poucos Bens,Economicos com Poucos Bens
250002536760,Gastadores de Elite,Gastadores de Elite
250002536761,Gastadores de Elite,Gastadores de Elite
250002536762,Gastadores de Elite,Gastadores de Elite
250002536763,Gastadores de Elite,Gastadores de Elite
250002536764,Gastadores de Elite,Gastadores de Elite
250002536765,Economicos com Poucos Bens,Economicos com Poucos Bens
250002536766,Gastadores de Elite,Gastadores de Elite
250002537940,Intermediários,Intermediários
250002537941,Contidos Sem Bens,Contidos Sem Bens
250002537942,Gastadores de Elite,Gastadores de Elite
250002537943,Gastadores de Elite,Gastadores de Elite
250002537944,Gastadores de Elite,Gastadores de Elite
250002537945,Contidos Sem Bens,Contidos Sem Bens
250002537946,Gastadores de Elite,Gastadores de Elite
250002537947,Contidos Sem Bens,Contidos Sem Bens
250002537948,Contidos Sem Bens,Contidos Sem Bens
250002537949,Gastadores de Elite,Gastadores de Elite
250002537950,Contidos Sem Bens,Contidos Sem Bens
250002537951,Gastadores de Elite,Gastadores de Elite
250002537952,Contidos Sem Bens,Contidos Sem Bens
250002537953,Intermediários,Intermediários
250002537954,Gastadores de Elite,Gastadores de Elite
250002537955,Gastadores de Elite,Gastadores de Elite
250002537956,Gastadores de Elite,Gastadores de Elite
250002537957,Contidos Sem Bens,Contidos Sem Bens
250002537958,Gastadores de Elite,Gastadores de Elite
250002537959,Economicos com Poucos Bens,Economicos com Poucos Bens
250002537960,Contidos Sem Bens,Contidos Sem Bens
250002537961,Contidos Sem Bens,Contidos Sem Bens
250002537962,Gastadores de Elite,Gastadores de Elite
250002537963,Economicos com Poucos Bens,Economicos com Poucos Bens
250002537964,Gastadores de Elite,Gastadores de Elite
250002537965,Gastadores de Elite,Gastadores de Elite
250002537966,Gastadores de Elite,Gastadores de Elite
250002537967,Gastadores de Elite,Gastadores de Elite
250002537968,Gastadores de Elite,Gastadores de Elite
250002537969,Gastadores de Elite,Gastadores de Elite
250002537970,Gastadores de Elite,Gastadores de Elite
250002537971,Gastadores de Elite,Gastadores de Elite
250002537972,Contidos Sem Bens,Contidos Sem Bens
250002537973,Gastadores de Elite,Gastadores de Elite
250002537974,Contidos Sem Bens,Contidos Sem Bens
250002537975,Gastadores de Elite,Gastadores de Elite
250002537976,Intermediários,Intermediários
250002537977,Intermediários,Intermediários
250002537978,Intermediários,Intermediários
250002537979,Gastadores de Elite,Gastadores de Elite
250002537980,Gastadores de Elite,Gastadores de Elite
250002537981,Gastadores de Elite,Gastadores de Elite
250002537982,Contidos Sem Bens,Contidos Sem Bens
250002537983,Intermediários,Intermediários
250002537984,Gastadores de Elite,Gastadores de Elite
250002537985,Gastadores de Elite,Gastadores de Elite
250002537986,Intermediários,Intermediários
250002537987,Intermediários,Intermediários
250002537988,Gastadores de Elite,Gastadores de Elite
250002537989,Intermediários,Intermediários
250002539385,Gastadores de Elite,Gastadores de Elite
250002539386,Economicos com Poucos Bens,Economicos com Poucos Bens
250002539387,Gastadores de Elite,Gastadores de Elite
250002539388,Gastadores de Elite,Gastadores de Elite
250002539389,Intermediários,Intermediários
250002539390,Gastadores de Elite,Gastadores de Elite
250002539391,Gastadores de Elite,Gastadores de Elite
250002539392,Intermediários,Intermediários
250002539393,Gastadores de Elite,Gastadores de Elite
250002539394,Gastadores de Elite,Gastadores de Elite
250002539395,Economicos com Poucos Bens,Economicos com Poucos Bens
250002539396,Gastadores de Elite,Gastadores de Elite
250002539397,Gastadores de Elite,Gastadores de Elite
250002539398,Gastadores de Elite,Gastadores de Elite
250002539399,Gastadores de Elite,Gastadores de Elite
250002539400,Contidos Sem Bens,Contidos Sem Bens
250002539401,Gastadores de Elite,Gastadores de Elite
250002539402,Gastadores de Elite,Gastadores de Elite
250002539403,Gastadores de Elite,Gastadores de Elite
250002539404,Gastadores de Elite,Gastadores de Elite
250002539405,Gastadores de Elite,Gastadores de Elite
250002539406,Gastadores de Elite,Gastadores de Elite
250002539407,Gastadores de Elite,Gastadores de Elite
250002539408,Intermediários,Intermediários
250002539409,Intermediários,Intermediários
250002539410,Gastadores de Elite,Gastadores de Elite
250002539411,Intermediários,Intermediários
250002539412,Gastadores de Elite,Gastadores de Elite
250002539413,Intermediários,Intermediários
250002539414,Gastadores de Elite,Gastadores de Elite
250002539415,Gastadores de Elite,Gastadores de Elite
250002539416,Gastadores de Elite,Gastadores de Elite
250002539417,Economicos com Poucos Bens,Economicos com Poucos Bens
250002539418,Contidos Sem Bens,Contidos Sem Bens
250002539419,Gastadores de Elite,Gastadores de Elite
250002539420,Contidos Sem Bens,Contidos Sem Bens
250002539421,Gastadores de Elite,Gastadores de Elite
250002539422,Intermediários,Intermediários
250002539423,Economicos com Poucos Bens,Economicos com Poucos Bens
250002539424,Gastadores de Elite,Gastadores de Elite
250002539425,Gastadores de Elite,Gastadores de Elite
250002539426,Gastadores de Elite,Gastadores de Elite
250002539427,Gastadores de Elite,Gastadores de Elite
250002539428,Economicos com Poucos Bens,Economicos com Poucos Bens
250002539429,Economicos com Poucos Bens,Economicos com Poucos Bens
250002539430,Gastadores de Elite,Gastadores de Elite
250002539431,Gastadores de Elite,Gastadores de Elite
250002539432,Economicos com Poucos Bens,Economicos com Poucos Bens
250002539433,Economicos com Poucos Bens,Economicos com Poucos Bens
250002539434,Contidos Sem Bens,Contidos Sem Bens
250002539435,Gastadores de Elite,Gastadores de Elite
250002539436,Contidos Sem Bens,Contidos Sem Bens
250002539437,Gastadores de Elite,Gastadores de Elite
250002539438,Gastadores de Elite,Gastadores de Elite
250002539439,Contidos Sem Bens,Contidos Sem Bens
250002539440,Contidos Sem Bens,Contidos Sem Bens
250002539441,Economicos com Poucos Bens,Economicos com Poucos Bens
250002539442,Economicos com Poucos Bens,Economicos com Poucos Bens
250002539443,Gastadores de Elite,Gastadores de Elite
250002539444,Gastadores de Elite,Gastadores de Elite
250002539445,Gastadores de Elite,Gastadores de Elite
250002539446,Contidos Sem Bens,Contidos Sem Bens
250002539447,Gastadores de Elite,Gastadores de Elite
250002539448,Gastadores de Elite,Gastadores de Elite
250002539449,Economicos com Poucos Bens,Economicos com Poucos Bens
250002539450,Gastadores de Elite,Gastadores de Elite
250002539451,Intermediários,Intermediários
250002539452,Contidos Sem Bens,Contidos Sem Bens
250002539453,Intermediários,Intermediários
250002539454,Gastadores de Elite,Gastadores de Elite
250002539455,Contidos Sem Bens,Contidos Sem Bens
250002539587,Economicos com Poucos Bens,Economicos com Poucos Bens
250002539588,Economicos com Poucos Bens,Economicos com Poucos Bens
250002539589,Contidos Sem Bens,Contidos Sem Bens
250002539590,Contidos Sem Bens,Contidos Sem Bens
250002539591,Contidos Sem Bens,Contidos Sem Bens
250002539592,Gastadores de Elite,Gastadores de Elite
250002539593,Gastadores de Elite,Gastadores de Elite
250002539594,Economicos com Poucos Bens,Economicos com Poucos Bens
250002539595,Intermediários,Intermediários
250002539596,Contidos Sem Bens,Contidos Sem Bens
250002539597,Intermediários,Intermediários
250002539598,Intermediários,Intermediários
250002539599,Gastadores de Elite,Gastadores de Elite
250002539600,Gastadores de Elite,Gastadores de Elite
250002539601,Gastadores de Elite,Gastadores de Elite
250002539602,Contidos Sem Bens,Contidos Sem Bens
250002539603,Economicos com Poucos Bens,Economicos com Poucos Bens
250002539604,Gastadores de Elite,Gastadores de Elite
250002539605,Gastadores de Elite,Gastadores de Elite
250002539606,Economicos com Poucos Bens,Economicos com Poucos Bens
250002539607,Gastadores de Elite,Gastadores de Elite
250002539608,Economicos com Poucos Bens,Economicos com Poucos Bens
250002539609,Economicos com Poucos Bens,Economicos com Poucos Bens
250002539610,Economicos com Poucos Bens,Economicos com Poucos Bens
250002539611,Gastadores de Elite,Gastadores de Elite
250002539612,Gastadores de Elite,Gastadores de Elite
250002539613,Gastadores de Elite,Gastadores de Elite
250002539614,Intermediários,Intermediários
250002539615,Intermediários,Intermediários
250002539616,Intermediários,Intermediários
250002539617,Economicos com Poucos Bens,Economicos com Poucos Bens
250002539618,Contidos Sem Bens,Contidos Sem Bens
250002539619,Contidos Sem Bens,Contidos Sem Bens
250002539620,Gastadores de Elite,Gastadores de Elite
250002539621,Contidos Sem Bens,Contidos Sem Bens
250002539622,Gastadores de Elite,Gastadores de Elite
250002539623,Contidos Sem Bens,Contidos Sem Bens
250002539624,Gastadores de Elite,Gastadores de Elite
250002539625,Economicos com Poucos Bens,Economicos com Poucos Bens
250002539626,Gastadores de Elite,Gastadores de Elite
250002539627,Gastadores de Elite,Gastadores de Elite
250002539628,Contidos Sem Bens,Contidos Sem Bens
250002539629,Gastadores de Elite,Gastadores de Elite
250002539630,Contidos Sem Bens,Contidos Sem Bens
250002539631,Contidos Sem Bens,Contidos Sem Bens
250002539632,Gastadores de Elite,Gastadores de Elite
250002539713,Gastadores de Elite,Gastadores de Elite
250002540690,Gastadores de Elite,Gastadores de Elite
250002540691,Gastadores de Elite,Gastadores de Elite
250002540692,Gastadores de Elite,Gastadores de Elite
250002541094,Contidos Sem Bens,Contidos Sem Bens
250002541095,Gastadores de Elite,Gastadores de Elite
250002541096,Gastadores de Elite,Gastadores de Elite
250002541097,Gastadores de Elite,Gastadores de Elite
250002541098,Contidos Sem Bens,Contidos Sem Bens
250002541099,Gastadores de Elite,Gastadores de Elite
250002541100,Gastadores de Elite,Gastadores de Elite
250002541101,Gastadores de Elite,Gastadores de Elite
250002541102,Gastadores de Elite,Gastadores de Elite
250002541103,Gastadores de Elite,Gastadores de Elite
250002541104,Contidos Sem Bens,Contidos Sem Bens
250002541105,Contidos Sem Bens,Contidos Sem Bens
250002541106,Gastadores de Elite,Gastadores de Elite
250002541107,Gastadores de Elite,Gastadores de Elite
250002541108,Economicos com Poucos Bens,Economicos com Poucos Bens
250002541109,Gastadores de Elite,Gastadores de Elite
250002541110,Gastadores de Elite,Gastadores de Elite
250002541111,Gastadores de Elite,Gastadores de Elite
250002541112,Gastadores de Elite,Gastadores de Elite
250002541113,Gastadores de Elite,Gastadores de Elite
250002541114,Gastadores de Elite,Gastadores de Elite
250002541115,Contidos Sem Bens,Contidos Sem Bens
250002541116,Contidos Sem Bens,Contidos Sem Bens
250002541117,Gastadores de Elite,Gastadores de Elite
250002541118,Intermediários,Intermediários
250002541119,Gastadores de Elite,Gastadores de Elite
250002541120,Gastadores de Elite,Gastadores de Elite
250002541121,Intermediários,Intermediários
250002541122,Gastadores de Elite,Gastadores de Elite
250002541123,Gastadores de Elite,Gastadores de Elite
250002541124,Gastadores de Elite,Gastadores de Elite
250002541125,Gastadores de Elite,Gastadores de Elite
250002541126,Gastadores de Elite,Gastadores de Elite
250002541127,Gastadores de Elite,Gastadores de Elite
250002541128,Contidos Sem Bens,Contidos Sem Bens
250002541129,Gastadores de Elite,Gastadores de Elite
250002541130,Gastadores de Elite,Gastadores de Elite
250002541131,Gastadores de Elite,Gastadores de Elite
250002541132,Intermediários,Intermediários
250002541133,Gastadores de Elite,Gastadores de Elite
250002541134,Contidos Sem Bens,Contidos Sem Bens
250002541135,Contidos Sem Bens,Contidos Sem Bens
250002541136,Gastadores de Elite,Gastadores de Elite
250002541137,Gastadores de Elite,Gastadores de Elite
250002541138,Economicos com Poucos Bens,Economicos com Poucos Bens
250002541139,Gastadores de Elite,Gastadores de Elite
250002541140,Gastadores de Elite,Gastadores de Elite
250002541141,Gastadores de Elite,Gastadores de Elite
250002541142,Gastadores de Elite,Gastadores de Elite
250002541143,Gastadores de Elite,Gastadores de Elite
250002541144,Contidos Sem Bens,Contidos Sem Bens
250002541145,Gastadores de Elite,Gastadores de Elite
250002541146,Gastadores de Elite,Gastadores de Elite
250002541147,Gastadores de Elite,Gastadores de Elite
250002541148,Gastadores de Elite,Gastadores de Elite
250002541149,Gastadores de Elite,Gastadores de Elite
250002541150,Intermediários,Intermediários
250002541151,Gastadores de Elite,Gastadores de Elite
250002541152,Gastadores de Elite,Gastadores de Elite
250002541153,Gastadores de Elite,Gastadores de Elite
250002541154,Contidos Sem Bens,Contidos Sem Bens
250002541155,Contidos Sem Bens,Contidos Sem Bens
250002541156,Gastadores de Elite,Gastadores de Elite
250002541157,Gastadores de Elite,Gastadores de Elite
250002541158,Gastadores de Elite,Gastadores de Elite
250002541159,Intermediários,Intermediários
250002541160,Contidos Sem Bens,Contidos Sem Bens
250002541161,Gastadores de Elite,Gastadores de Elite
250002541162,Intermediários,Intermediários
250002544285,Contidos Sem Bens,Contidos Sem Bens
250002544286,Contidos Sem Bens,Contidos Sem Bens
250002544287,Intermediários,Intermediários
250002544288,Gastadores de Elite,Gastadores de Elite
250002544289,Intermediários,Intermediários
250002544320,Intermediários,Intermediários
250002544321,Gastadores de Elite,Gastadores de Elite
250002544322,Gastadores de Elite,Gastadores de Elite
250002544323,Contidos Sem Bens,Contidos Sem Bens
250002544324,Intermediários,Intermediários
250002544325,Gastadores de Elite,Gastadores de Elite
250002544326,Gastadores de Elite,Gastadores de Elite
250002544327,Gastadores de Elite,Gastadores de Elite
250002544328,Intermediários,Intermediários
250002544329,Gastadores de Elite,Gastadores de Elite
250002544330,Gastadores de Elite,Gastadores de Elite
250002544331,Contidos Sem Bens,Contidos Sem Bens
250002544332,Gastadores de Elite,Gastadores de Elite
250002544333,Economicos com Poucos Bens,Economicos com Poucos Bens
250002544334,Gastadores de Elite,Gastadores de Elite
250002544335,Gastadores de Elite,Gastadores de Elite
250002544336,Gastadores de Elite,Gastadores de Elite
250002544337,Gastadores de Elite,Gastadores de Elite
250002544338,Gastadores de Elite,Gastadores de Elite
250002544339,Gastadores de Elite,Gastadores de Elite
250002544340,Gastadores de Elite,Gastadores de Elite
250002544341,Gastadores de Elite,Gastadores de Elite
250002544342,Gastadores de Elite,Gastadores de Elite
250002544343,Gastadores de Elite,Gastadores de Elite
250002544344,Intermediários,Intermediários
250002544345,Gastadores de Elite,Gastadores de Elite
250002544346,Gastadores de Elite,Gastadores de Elite
250002544347,Contidos Sem Bens,Contidos Sem Bens
250002544348,Gastadores de Elite,Gastadores de Elite
250002544349,Gastadores de Elite,Gastadores de Elite
250002544350,Gastadores de Elite,Gastadores de Elite
250002544351,Gastadores de Elite,Gastadores de Elite
250002544352,Gastadores de Elite,Gastadores de Elite
250002544353,Gastadores de Elite,Gastadores de Elite
250002544354,Intermediários,Intermediários
250002544355,Gastadores de Elite,Gastadores de Elite
250002544356,Gastadores de Elite,Gastadores de Elite
250002544357,Gastadores de Elite,Gastadores de Elite
250002544358,Gastadores de Elite,Gastadores de Elite
250002544359,Contidos Sem Bens,Contidos Sem Bens
250002544360,Gastadores de Elite,Gastadores de Elite
250002544361,Gastadores de Elite,Gastadores de Elite
250002544362,Intermediários,Intermediários
250002544363,Gastadores de Elite,Gastadores de Elite
250002544364,Gastadores de Elite,Gastadores de Elite
250002544365,Gastadores de Elite,Gastadores de Elite
250002544366,Economicos com Poucos Bens,Economicos com Poucos Bens
250002544367,Gastadores de Elite,Gastadores de Elite
250002544368,Contidos Sem Bens,Contidos Sem Bens
250002544369,Gastadores de Elite,Gastadores de Elite
250002544370,Intermediários,Intermediários
250002544371,Economicos com Poucos Bens,Economicos com Poucos Bens
250002544372,Gastadores de Elite,Gastadores de Elite
250002544833,Gastadores de Elite,Gastadores de Elite
250002544834,Gastadores de Elite,Gastadores de Elite
250002544835,Intermediários,Intermediários
250002544836,Gastadores de Elite,Gastadores de Elite
250002544837,Gastadores de Elite,Gastadores de Elite
250002546610,Intermediários,Intermediários
250002546611,Contidos Sem Bens,Contidos Sem Bens
250002546612,Economicos com Poucos Bens,Economicos com Poucos Bens
250002546613,Contidos Sem Bens,Contidos Sem Bens
250002546614,Economicos com Poucos Bens,Economicos com Poucos Bens
250002546615,Gastadores de Elite,Gastadores de Elite
250002546616,Gastadores de Elite,Gastadores de Elite
250002546617,Contidos Sem Bens,Contidos Sem Bens
250002546618,Contidos Sem Bens,Contidos Sem Bens
250002546619,Contidos Sem Bens,Contidos Sem Bens
250002546620,Contidos Sem Bens,Contidos Sem Bens
250002546621,Economicos com Poucos Bens,Economicos com Poucos Bens
250002546622,Gastadores de Elite,Gastadores de Elite
250002546623,Contidos Sem Bens,Contidos Sem Bens
250002546624,Contidos Sem Bens,Contidos Sem Bens
250002546625,Economicos com Poucos Bens,Economicos com Poucos Bens
250002546626,Economicos com Poucos Bens,Economicos com Poucos Bens
250002546627,Intermediários,Intermediários
250002546628,Gastadores de Elite,Gastadores de Elite
250002546629,Economicos com Poucos Bens,Economicos com Poucos Bens
250002546630,Contidos Sem Bens,Contidos Sem Bens
250002546631,Intermediários,Intermediários
250002546632,Gastadores de Elite,Gastadores de Elite
250002546633,Contidos Sem Bens,Contidos Sem Bens
250002546634,Contidos Sem Bens,Contidos Sem Bens
250002546635,Contidos Sem Bens,Contidos Sem Bens
250002546636,Contidos Sem Bens,Contidos Sem Bens
250002546637,Gastadores de Elite,Gastadores de Elite
250002546638,Intermediários,Intermediários
250002546639,Gastadores de Elite,Gastadores de Elite
250002546640,Economicos com Poucos Bens,Economicos com Poucos Bens
250002546641,Economicos com Poucos Bens,Economicos com Poucos Bens
250002546642,Gastadores de Elite,Gastadores de Elite
250002546643,Gastadores de Elite,Gastadores de Elite
250002546644,Gastadores de Elite,Gastadores de Elite
250002546645,Gastadores de Elite,Gastadores de Elite
250002546646,Intermediários,Intermediários
250002546647,Contidos Sem Bens,Contidos Sem Bens
250002546648,Contidos Sem Bens,Contidos Sem Bens
250002546649,Contidos Sem Bens,Contidos Sem Bens
250002546650,Economicos com Poucos Bens,Economicos com Poucos Bens
250002546651,Gastadores de Elite,Gastadores de Elite
250002546652,Economicos com Poucos Bens,Economicos com Poucos Bens
250002546653,Contidos Sem Bens,Contidos Sem Bens
250002546654,Economicos com Poucos Bens,Economicos com Poucos Bens
250002546655,Gastadores de Elite,Gastadores de Elite
250002546656,Contidos Sem Bens,Contidos Sem Bens
250002546657,Gastadores de Elite,Gastadores de Elite
250002546658,Gastadores de Elite,Gastadores de Elite
250002547831,Contidos Sem Bens,Contidos Sem Bens
250002547832,Intermediários,Intermediários
250002547833,Gastadores de Elite,Gastadores de Elite
250002547834,Intermediários,Intermediários
250002547835,Contidos Sem Bens,Contidos Sem Bens
250002547851,Contidos Sem Bens,Contidos Sem Bens
250002547852,Gastadores de Elite,Gastadores de Elite
250002547853,Contidos Sem Bens,Contidos Sem Bens
250002547854,Gastadores de Elite,Gastadores de Elite
250002547855,Contidos Sem Bens,Contidos Sem Bens
250002547856,Contidos Sem Bens,Contidos Sem Bens
250002548339,Intermediários,Intermediários
250002548340,Intermediários,Intermediários
250002548341,Gastadores de Elite,Gastadores de Elite
250002548461,Intermediários,Intermediários
250002548462,Gastadores de Elite,Gastadores de Elite
250002548463,Intermediários,Intermediários
250002548464,Gastadores de Elite,Gastadores de Elite
250002548465,Gastadores de Elite,Gastadores de Elite
250002548466,Contidos Sem Bens,Contidos Sem Bens
250002548467,Contidos Sem Bens,Contidos Sem Bens
250002548468,Gastadores de Elite,Gastadores de Elite
250002548469,Contidos Sem Bens,Contidos Sem Bens
250002548470,Contidos Sem Bens,Contidos Sem Bens
250002548471,Intermediários,Intermediários
250002548472,Gastadores de Elite,Gastadores de Elite
250002548473,Contidos Sem Bens,Contidos Sem Bens
250002548474,Economicos com Poucos Bens,Economicos com Poucos Bens
250002548475,Economicos com Poucos Bens,Economicos com Poucos Bens
250002548476,Economicos com Poucos Bens,Economicos com Poucos Bens
250002548477,Economicos com Poucos Bens,Economicos com Poucos Bens
250002548478,Intermediários,Intermediários
250002548479,Gastadores de Elite,Gastadores de Elite
250002548480,Economicos com Poucos Bens,Economicos com Poucos Bens
250002548481,Gastadores de Elite,Gastadores de Elite
250002548482,Contidos Sem Bens,Contidos Sem Bens
250002548483,Gastadores de Elite,Gastadores de Elite
250002548484,Intermediários,Intermediários
250002548485,Intermediários,Intermediários
250002548486,Gastadores de Elite,Gastadores de Elite
250002548487,Gastadores de Elite,Gastadores de Elite
250002548488,Gastadores de Elite,Gastadores de Elite
250002548489,Gastadores de Elite,Gastadores de Elite
250002548490,Gastadores de Elite,Gastadores de Elite
250002548491,Intermediários,Intermediários
250002548492,Contidos Sem Bens,Contidos Sem Bens
250002548493,Intermediários,Intermediários
250002548494,Intermediários,Intermediários
250002548495,Contidos Sem Bens,Contidos Sem Bens
250002548496,Contidos Sem Bens,Contidos Sem Bens
250002548497,Gastadores de Elite,Gastadores de Elite
250002548498,Gastadores de Elite,Gastadores de Elite
250002548499,Gastadores de Elite,Gastadores de Elite
250002548500,Contidos Sem Bens,Contidos Sem Bens
250002548501,Contidos Sem Bens,Contidos Sem Bens
250002548502,Contidos Sem Bens,Contidos Sem Bens
250002548503,Intermediários,Intermediários
250002548504,Economicos com Poucos Bens,Economicos com Poucos Bens
250002548505,Gastadores de Elite,Gastadores de Elite
250002548506,Contidos Sem Bens,Contidos Sem Bens
250002548507,Contidos Sem Bens,Contidos Sem Bens
250002548508,Contidos Sem Bens,Contidos Sem Bens
250002548509,Gastadores de Elite,Gastadores de Elite
250002548510,Economicos com Poucos Bens,Economicos com Poucos Bens
250002548511,Contidos Sem Bens,Contidos Sem Bens
250002548512,Contidos Sem Bens,Contidos Sem Bens
250002548513,Gastadores de Elite,Gastadores de Elite
250002548514,Contidos Sem Bens,Contidos Sem Bens
250002548515,Gastadores de Elite,Gastadores de Elite
250002548516,Intermediários,Intermediários
250002548517,Gastadores de Elite,Gastadores de Elite
250002548518,Contidos Sem Bens,Contidos Sem Bens
250002550349,Gastadores de Elite,Gastadores de Elite
250002550350,Gastadores de Elite,Gastadores de Elite
250002550351,Contidos Sem Bens,Contidos Sem Bens
250002550352,Intermediários,Intermediários
250002550353,Economicos com Poucos Bens,Economicos com Poucos Bens
250002550354,Gastadores de Elite,Gastadores de Elite
250002550355,Economicos com Poucos Bens,Economicos com Poucos Bens
250002550356,Economicos com Poucos Bens,Economicos com Poucos Bens
250002550357,Contidos Sem Bens,Contidos Sem Bens
250002550358,Economicos com Poucos Bens,Economicos com Poucos Bens
250002550359,Economicos com Poucos Bens,Economicos com Poucos Bens
250002550360,Economicos com Poucos Bens,Economicos com Poucos Bens
250002550361,Gastadores de Elite,Gastadores de Elite
250002550362,Economicos com Poucos Bens,Economicos com Poucos Bens
250002550363,Gastadores de Elite,Gastadores de Elite
250002550364,Economicos com Poucos Bens,Economicos com Poucos Bens
250002550365,Gastadores de Elite,Gastadores de Elite
250002550366,Economicos com Poucos Bens,Economicos com Poucos Bens
250002550367,Contidos Sem Bens,Contidos Sem Bens
250002550368,Economicos com Poucos Bens,Economicos com Poucos Bens
250002550369,Gastadores de Elite,Gastadores de Elite
250002550370,Economicos com Poucos Bens,Economicos com Poucos Bens
250002550371,Contidos Sem Bens,Contidos Sem Bens
250002550372,Gastadores de Elite,Gastadores de Elite
250002550373,Economicos com Poucos Bens,Economicos com Poucos Bens
250002550374,Economicos com Poucos Bens,Economicos com Poucos Bens
250002550375,Contidos Sem Bens,Contidos Sem Bens
250002550376,Economicos com Poucos Bens,Economicos com Poucos Bens
250002550377,Gastadores de Elite,Gastadores de Elite
250002550378,Intermediários,Intermediários
250002550379,Economicos com Poucos Bens,Economicos com Poucos Bens
250002550380,Economicos com Poucos Bens,Economicos com Poucos Bens
250002550381,Gastadores de Elite,Gastadores de Elite
250002550382,Intermediários,Intermediários
250002550383,Economicos com Poucos Bens,Economicos com Poucos Bens
250002550384,Economicos com Poucos Bens,Economicos com Poucos Bens
250002550385,Economicos com Poucos Bens,Economicos com Poucos Bens
250002550386,Gastadores de Elite,Gastadores de Elite
250002550387,Gastadores de Elite,Gastadores de Elite
250002550388,Economicos com Poucos Bens,Economicos com Poucos Bens
250002550389,Gastadores de Elite,Gastadores de Elite
250002550390,Gastadores de Elite,Gastadores de Elite
250002550391,Economicos com Poucos Bens,Economicos com Poucos Bens
250002550392,Contidos Sem Bens,Contidos Sem Bens
250002550393,Gastadores de Elite,Gastadores de Elite
250002550394,Gastadores de Elite,Gastadores de Elite
250002550395,Gastadores de Elite,Gastadores de Elite
250002550396,Gastadores de Elite,Gastadores de Elite
250002550397,Contidos Sem Bens,Contidos Sem Bens
250002550398,Economicos com Poucos Bens,Economicos com Poucos Bens
250002550399,Gastadores de Elite,Gastadores de Elite
250002550400,Economicos com Poucos Bens,Economicos com Poucos Bens
250002550401,Economicos com Poucos Bens,Economicos com Poucos Bens
250002550402,Gastadores de Elite,Gastadores de Elite
250002550403,Contidos Sem Bens,Contidos Sem Bens
250002550404,Contidos Sem Bens,Contidos Sem Bens
250002550405,Economicos com Poucos Bens,Economicos com Poucos Bens
250002550406,Economicos com Poucos Bens,Economicos com Poucos Bens
250002550407,Economicos com Poucos Bens,Economicos com Poucos Bens
250002550408,Gastadores de Elite,Gastadores de Elite
250002550409,Economicos com Poucos Bens,Economicos com Poucos Bens
250002550410,Contidos Sem Bens,Contidos Sem Bens
250002550411,Gastadores de Elite,Gastadores de Elite
250002550412,Gastadores de Elite,Gastadores de Elite
250002550413,Gastadores de Elite,Gastadores de Elite
250002550414,Gastadores de Elite,Gastadores de Elite
250002550415,Economicos com Poucos Bens,Economicos com Poucos Bens
250002550416,Economicos com Poucos Bens,Economicos com Poucos Bens
250002550417,Gastadores de Elite,Gastadores de Elite
250002550777,Gastadores de Elite,Gastadores de Elite
250002551048,Contidos Sem Bens,Contidos Sem Bens
250002551049,Contidos Sem Bens,Contidos Sem Bens
250002551050,Intermediários,Intermediários
250002551051,Economicos com Poucos Bens,Economicos com Poucos Bens
250002551052,Contidos Sem Bens,Contidos Sem Bens
250002551053,Intermediários,Intermediários
250002551054,Contidos Sem Bens,Contidos Sem Bens
250002551055,Economicos com Poucos Bens,Economicos com Poucos Bens
250002551056,Economicos com Poucos Bens,Economicos com Poucos Bens
250002551057,Economicos com Poucos Bens,Economicos com Poucos Bens
250002551058,Gastadores de Elite,Gastadores de Elite
250002551059,Economicos com Poucos Bens,Economicos com Poucos Bens
250002551060,Contidos Sem Bens,Contidos Sem Bens
250002551061,Contidos Sem Bens,Contidos Sem Bens
250002551062,Economicos com Poucos Bens,Economicos com Poucos Bens
250002551063,Gastadores de Elite,Gastadores de Elite
250002551064,Contidos Sem Bens,Contidos Sem Bens
250002551065,Economicos com Poucos Bens,Economicos com Poucos Bens
250002551066,Gastadores de Elite,Gastadores de Elite
250002551067,Contidos Sem Bens,Contidos Sem Bens
250002551068,Contidos Sem Bens,Contidos Sem Bens
250002551069,Contidos Sem Bens,Contidos Sem Bens
250002551070,Contidos Sem Bens,Contidos Sem Bens
250002551071,Economicos com Poucos Bens,Economicos com Poucos Bens
250002551072,Economicos com Poucos Bens,Economicos com Poucos Bens
250002551073,Economicos com Poucos Bens,Economicos com Poucos Bens
250002551074,Contidos Sem Bens,Contidos Sem Bens
250002551075,Gastadores de Elite,Gastadores de Elite
250002551076,Contidos Sem Bens,Contidos Sem Bens
250002551077,Contidos Sem Bens,Contidos Sem Bens
250002551078,Economicos com Poucos Bens,Economicos com Poucos Bens
250002551079,Economicos com Poucos Bens,Economicos com Poucos Bens
250002551080,Economicos com Poucos Bens,Economicos com Poucos Bens
250002551081,Intermediários,Intermediários
250002551082,Gastadores de Elite,Gastadores de Elite
250002551083,Economicos com Poucos Bens,Economicos com Poucos Bens
250002551084,Economicos com Poucos Bens,Economicos com Poucos Bens
250002551085,Contidos Sem Bens,Contidos Sem Bens
250002551086,Economicos com Poucos Bens,Economicos com Poucos Bens
250002551087,Economicos com Poucos Bens,Economicos com Poucos Bens
250002551088,Gastadores de Elite,Gastadores de Elite
250002551089,Economicos com Poucos Bens,Economicos com Poucos Bens
250002551090,Contidos Sem Bens,Contidos Sem Bens
250002551091,Economicos com Poucos Bens,Economicos com Poucos Bens
250002551092,Intermediários,Intermediários
250002551093,Contidos Sem Bens,Contidos Sem Bens
250002551094,Economicos com Poucos Bens,Economicos com Poucos Bens
250002551095,Contidos Sem Bens,Contidos Sem Bens
250002551096,Contidos Sem Bens,Contidos Sem Bens
250002551097,Economicos com Poucos Bens,Economicos com Poucos Bens
250002551098,Intermediários,Intermediários
250002551099,Contidos Sem Bens,Contidos Sem Bens
250002551100,Economicos com Poucos Bens,Economicos com Poucos Bens
250002551101,Economicos com Poucos Bens,Economicos com Poucos Bens
250002551102,Contidos Sem Bens,Contidos Sem Bens
250002551103,Contidos Sem Bens,Contidos Sem Bens
250002551104,Gastadores de Elite,Gastadores de Elite
250002551105,Contidos Sem Bens,Contidos Sem Bens
250002551106,Gastadores de Elite,Gastadores de Elite
250002551107,Contidos Sem Bens,Contidos Sem Bens
250002551108,Gastadores de Elite,Gastadores de Elite
250002551109,Gastadores de Elite,Gastadores de Elite
250002551110,Economicos com Poucos Bens,Economicos com Poucos Bens
250002551111,Economicos com Poucos Bens,Economicos com Poucos Bens
250002551112,Economicos com Poucos Bens,Economicos com Poucos Bens
250002551113,Contidos Sem Bens,Contidos Sem Bens
250002551114,Gastadores de Elite,Gastadores de Elite
250002551115,Economicos com Poucos Bens,Economicos com Poucos Bens
250002551116,Contidos Sem Bens,Contidos Sem Bens
250002551117,Contidos Sem Bens,Contidos Sem Bens
250002551118,Contidos Sem Bens,Contidos Sem Bens
250002551600,Economicos com Poucos Bens,Economicos com Poucos Bens
250002551601,Economicos com Poucos Bens,Economicos com Poucos Bens
250002551602,Economicos com Poucos Bens,Economicos com Poucos Bens
250002551603,Economicos com Poucos Bens,Economicos com Poucos Bens
250002551604,Economicos com Poucos Bens,Economicos com Poucos Bens
250002551605,Economicos com Poucos Bens,Economicos com Poucos Bens
250002551606,Economicos com Poucos Bens,Economicos com Poucos Bens
250002551607,Economicos com Poucos Bens,Economicos com Poucos Bens
250002551608,Economicos com Poucos Bens,Economicos com Poucos Bens
250002551609,Economicos com Poucos Bens,Economicos com Poucos Bens
250002551610,Contidos Sem Bens,Contidos Sem Bens
250002551611,Economicos com Poucos Bens,Economicos com Poucos Bens
250002551612,Economicos com Poucos Bens,Economicos com Poucos Bens
250002551613,Economicos com Poucos Bens,Economicos com Poucos Bens
250002551614,Economicos com Poucos Bens,Economicos com Poucos Bens
250002551615,Economicos com Poucos Bens,Economicos com Poucos Bens
250002551616,Economicos com Poucos Bens,Economicos com Poucos Bens
250002551617,Economicos com Poucos Bens,Economicos com Poucos Bens
250002551618,Economicos com Poucos Bens,Economicos com Poucos Bens
250002551619,Economicos com Poucos Bens,Economicos com Poucos Bens
250002551620,Economicos com Poucos Bens,Economicos com Poucos Bens
250002551621,Economicos com Poucos Bens,Economicos com Poucos Bens
250002551622,Economicos com Poucos Bens,Economicos com Poucos Bens
250002551623,Economicos com Poucos Bens,Economicos com Poucos Bens
250002551624,Economicos com Poucos Bens,Economicos com Poucos Bens
250002551625,Economicos com Poucos Bens,Economicos com Poucos Bens
250002551626,Economicos com Poucos Bens,Economicos com Poucos Bens
250002551627,Economicos com Poucos Bens,Economicos com Poucos Bens
250002551628,Economicos com Poucos Bens,Economicos com Poucos Bens
250002551629,Economicos com Poucos Bens,Economicos com Poucos Bens
250002551630,Economicos com Poucos Bens,Economicos com Poucos Bens
250002551631,Economicos com Poucos Bens,Economicos com Poucos Bens
250002551632,Economicos com Poucos Bens,Economicos com Poucos Bens
250002551633,Economicos com Poucos Bens,Economicos com Poucos Bens
250002551634,Economicos com Poucos Bens,Economicos com Poucos Bens
250002551635,Economicos com Poucos Bens,Economicos com Poucos Bens
250002551636,Economicos com Poucos Bens,Economicos com Poucos Bens
250002551637,Economicos com Poucos Bens,Economicos com Poucos Bens
250002551638,Economicos com Poucos Bens,Economicos com Poucos Bens
250002551639,Economicos com Poucos Bens,Economicos com Poucos Bens
250002551640,Economicos com Poucos Bens,Economicos com Poucos Bens
250002551641,Economicos com Poucos Bens,Economicos com Poucos Bens
250002551642,Economicos com Poucos Bens,Economicos com Poucos Bens
250002551643,Economicos com Poucos Bens,Economicos com Poucos Bens
250002551644,Economicos com Poucos Bens,Economicos com Poucos Bens
250002551645,Economicos com Poucos Bens,Economicos com Poucos Bens
250002551646,Economicos com Poucos Bens,Economicos com Poucos Bens
250002551647,Economicos com Poucos Bens,Economicos com Poucos Bens
250002551648,Economicos com Poucos Bens,Economicos com Poucos Bens
250002551649,Economicos com Poucos Bens,Economicos com Poucos Bens
250002551650,Economicos com Poucos Bens,Economicos com Poucos Bens
250002551651,Economicos com Poucos Bens,Economicos com Poucos Bens
250002551652,Economicos com Poucos Bens,Economicos com Poucos Bens
250002551653,Economicos com Poucos Bens,Economicos com Poucos Bens
250002551654,Economicos com Poucos Bens,Economicos com Poucos Bens
250002551655,Economicos com Poucos Bens,Economicos com Poucos Bens
250002551656,Economicos com Poucos Bens,Economicos com Poucos Bens
250002551657,Economicos com Poucos Bens,Economicos com Poucos Bens
250002551658,Economicos com Poucos Bens,Economicos com Poucos Bens
250002551659,Economicos com Poucos Bens,Economicos com Poucos Bens
250002551660,Economicos com Poucos Bens,Economicos com Poucos Bens
250002551661,Economicos com Poucos Bens,Economicos com Poucos Bens
250002552594,Gastadores de Elite,Gastadores de Elite
250002552595,Economicos com Poucos Bens,Economicos com Poucos Bens
250002552611,Economicos com Poucos Bens,Economicos com Poucos Bens
250002552612,Economicos com Poucos Bens,Economicos com Poucos Bens
250002552613,Contidos Sem Bens,Contidos Sem Bens
250002552614,Economicos com Poucos Bens,Economicos com Poucos Bens
250002552615,Gastadores de Elite,Gastadores de Elite
250002552616,Contidos Sem Bens,Contidos Sem Bens
250002552617,Economicos com Poucos Bens,Economicos com Poucos Bens
250002552618,Contidos Sem Bens,Contidos Sem Bens
250002552619,Economicos com Poucos Bens,Economicos com Poucos Bens
250002552620,Economicos com Poucos Bens,Economicos com Poucos Bens
250002552621,Economicos com Poucos Bens,Economicos com Poucos Bens
250002552622,Economicos com Poucos Bens,Economicos com Poucos Bens
250002552623,Economicos com Poucos Bens,Economicos com Poucos Bens
250002552624,Economicos com Poucos Bens,Economicos com Poucos Bens
250002552625,Economicos com Poucos Bens,Economicos com Poucos Bens
250002552626,Economicos com Poucos Bens,Economicos com Poucos Bens
250002552627,Economicos com Poucos Bens,Economicos com Poucos Bens
250002552628,Economicos com Poucos Bens,Economicos com Poucos Bens
250002552629,Economicos com Poucos Bens,Economicos com Poucos Bens
250002552630,Economicos com Poucos Bens,Economicos com Poucos Bens
250002552631,Contidos Sem Bens,Contidos Sem Bens
250002552632,Economicos com Poucos Bens,Economicos com Poucos Bens
250002552633,Economicos com Poucos Bens,Economicos com Poucos Bens
250002552634,Intermediários,Intermediários
250002552635,Economicos com Poucos Bens,Economicos com Poucos Bens
250002552636,Economicos com Poucos Bens,Economicos com Poucos Bens
250002552637,Contidos Sem Bens,Contidos Sem Bens
250002552638,Gastadores de Elite,Gastadores de Elite
250002552639,Economicos com Poucos Bens,Economicos com Poucos Bens
250002552640,Contidos Sem Bens,Contidos Sem Bens
250002552641,Economicos com Poucos Bens,Economicos com Poucos Bens
250002552642,Economicos com Poucos Bens,Economicos com Poucos Bens
250002552643,Economicos com Poucos Bens,Economicos com Poucos Bens
250002552644,Economicos com Poucos Bens,Economicos com Poucos Bens
250002552645,Economicos com Poucos Bens,Economicos com Poucos Bens
250002552646,Economicos com Poucos Bens,Economicos com Poucos Bens
250002552647,Intermediários,Intermediários
250002552648,Economicos com Poucos Bens,Economicos com Poucos Bens
250002552649,Economicos com Poucos Bens,Economicos com Poucos Bens
250002552650,Economicos com Poucos Bens,Economicos com Poucos Bens
250002552651,Intermediários,Intermediários
250002552652,Contidos Sem Bens,Contidos Sem Bens
250002552653,Economicos com Poucos Bens,Economicos com Poucos Bens
250002552654,Economicos com Poucos Bens,Economicos com Poucos Bens
250002552655,Economicos com Poucos Bens,Economicos com Poucos Bens
250002552656,Economicos com Poucos Bens,Economicos com Poucos Bens
250002552657,Economicos com Poucos Bens,Economicos com Poucos Bens
250002552658,Contidos Sem Bens,Contidos Sem Bens
250002552659,Economicos com Poucos Bens,Economicos com Poucos Bens
250002552660,Economicos com Poucos Bens,Economicos com Poucos Bens
250002552661,Economicos com Poucos Bens,Economicos com Poucos Bens
250002552662,Economicos com Poucos Bens,Economicos com Poucos Bens
250002552663,Economicos com Poucos Bens,Economicos com Poucos Bens
250002552664,Economicos com Poucos Bens,Economicos com Poucos Bens
250002552665,Economicos com Poucos Bens,Economicos com Poucos Bens
250002552666,Economicos com Poucos Bens,Economicos com Poucos Bens
250002552667,Economicos com Poucos Bens,Economicos com Poucos Bens
250002552668,Economicos com Poucos Bens,Economicos com Poucos Bens
250002552669,Economicos com Poucos Bens,Economicos com Poucos Bens
250002552670,Economicos com Poucos Bens,Economicos com Poucos Bens
250002552671,Economicos com Poucos Bens,Economicos com Poucos Bens
250002552672,Economicos com Poucos Bens,Economicos com Poucos Bens
250002552673,Economicos com Poucos Bens,Economicos com Poucos Bens
250002552674,Economicos com Poucos Bens,Economicos com Poucos Bens
250002552675,Economicos com Poucos Bens,Economicos com Poucos Bens
250002552676,Economicos com Poucos Bens,Economicos com Poucos Bens
250002552677,Economicos com Poucos Bens,Economicos com Poucos Bens
250002552678,Economicos com Poucos Bens,Economicos com Poucos Bens
250002552679,Economicos com Poucos Bens,Economicos com Poucos Bens
250002552680,Gastadores de Elite,Gastadores de Elite
250002552681,Economicos com Poucos Bens,Economicos com Poucos Bens
250002552939,Economicos com Poucos Bens,Economicos com Poucos Bens
250002553326,Economicos com Poucos Bens,Economicos com Poucos Bens
250002553327,Economicos com Poucos Bens,Economicos com Poucos Bens
250002553328,Economicos com Poucos Bens,Economicos com Poucos Bens
250002553329,Economicos com Poucos Bens,Economicos com Poucos Bens
250002553330,Economicos com Poucos Bens,Economicos com Poucos Bens
250002553331,Economicos com Poucos Bens,Economicos com Poucos Bens
250002553332,Economicos com Poucos Bens,Economicos com Poucos Bens
250002553333,Economicos com Poucos Bens,Economicos com Poucos Bens
250002553334,Economicos com Poucos Bens,Economicos com Poucos Bens
250002553335,Economicos com Poucos Bens,Economicos com Poucos Bens
250002553909,Economicos com Poucos Bens,Economicos com Poucos Bens
250002553919,Economicos com Poucos Bens,Economicos com Poucos Bens
250002554011,Economicos com Poucos Bens,Economicos com Poucos Bens
250002554012,Economicos com Poucos Bens,Economicos com Poucos Bens
250002554013,Contidos Sem Bens,Contidos Sem Bens
250002554014,Economicos com Poucos Bens,Economicos com Poucos Bens
250002554015,Economicos com Poucos Bens,Economicos com Poucos Bens
250002554016,Contidos Sem Bens,Contidos Sem Bens
250002554017,Contidos Sem Bens,Contidos Sem Bens
250002554018,Economicos com Poucos Bens,Economicos com Poucos Bens
250002554019,Economicos com Poucos Bens,Economicos com Poucos Bens
250002554020,Economicos com Poucos Bens,Economicos com Poucos Bens
250002554021,Contidos Sem Bens,Contidos Sem Bens
250002554022,Gastadores de Elite,Gastadores de Elite
250002554023,Contidos Sem Bens,Contidos Sem Bens
250002554024,Intermediários,Intermediários
250002554025,Contidos Sem Bens,Contidos Sem Bens
250002554026,Contidos Sem Bens,Contidos Sem Bens
250002554027,Gastadores de Elite,Gastadores de Elite
250002554028,Economicos com Poucos Bens,Economicos com Poucos Bens
250002554029,Economicos com Poucos Bens,Economicos com Poucos Bens
250002554030,Contidos Sem Bens,Contidos Sem Bens
250002554031,Economicos com Poucos Bens,Economicos com Poucos Bens
250002554032,Contidos Sem Bens,Contidos Sem Bens
250002554040,Economicos com Poucos Bens,Economicos com Poucos Bens
250002554105,Gastadores de Elite,Gastadores de Elite
250002554106,Gastadores de Elite,Gastadores de Elite
250002554107,Gastadores de Elite,Gastadores de Elite
250002554141,Economicos com Poucos Bens,Economicos com Poucos Bens
