SQ_CANDIDATO,DS_ORIGEM_DESPESA,VR_DESPESA_CONTRATADA
80002531644,Serviços prestados por terceiros,3750.0
80002531645,Serviços prestados por terceiros,5000.0
80002531646,Taxa de Administração de Financiamento Coletivo,9.95
80002531647,Doações financeiras a outros candidatos/partidos,1500.0
80002531647,"Encargos financeiros, taxas bancárias e/ou op. cartão de crédito",12.55
80002531647,Publicidade por materiais impressos,1575.0
80002531647,Serviços prestados por terceiros,2000.0
80002531647,Taxa de Administração de Financiamento Coletivo,12.55
80002531647,Telefone,175.09
80002531648,Publicidade por materiais impressos,3735.0
80002531648,Serviços prestados por terceiros,5250.0
80002531649,Publicidade por materiais impressos,598.5
80002531649,Serviços prestados por terceiros,820.0
80002531652,Publicidade por materiais impressos,370.0
80002535609,Alimentação,749.93
80002535609,Atividades de militância e mobilização de rua,98000.0
80002535609,Combustíveis e lubrificantes,5543.4
80002535609,Despesa com Impulsionamento de Conteúdos,4000.0
80002535609,Despesas com pessoal,25000.0
80002535609,Despesas com transporte ou deslocamento,9177.17
80002535609,Locação/cessão de bens imóveis,12000.0
80002535609,Serviços advocatícios,160000.0
80002535609,Serviços prestados por terceiros,285000.0
80002535610,Alimentação,131.86
80002535610,Atividades de militância e mobilização de rua,47800.0
80002535610,Cessão ou locação de veículos,13083.1
80002535610,Despesa com Impulsionamento de Conteúdos,30000.0
80002535610,Despesas com pessoal,50000.0
80002535610,Diversas a especificar,3090.0
80002535610,"Encargos financeiros, taxas bancárias e/ou op. cartão de crédito",28.0
80002535610,Locação/cessão de bens imóveis,6000.0
80002535610,"Produção de jingles, vinhetas e slogans",10000.0
80002535610,"Produção de programas de rádio, televisão ou vídeo",10000.0
80002535610,Publicidade por adesivos,17220.0
80002535610,Publicidade por materiais impressos,61310.0
80002535610,Serviços prestados por terceiros,90000.0
80002535610,Serviços próprios prestados por terceiros,25000.0
80002535611,Alimentação,3620.0
80002535611,Atividades de militância e mobilização de rua,78495.05
80002535611,Cessão ou locação de veículos,32579.010000000002
80002535611,Combustíveis e lubrificantes,3947.29
80002535611,Despesa com Impulsionamento de Conteúdos,21000.0
80002535611,Despesas com pessoal,90130.0
80002535611,Diversas a especificar,10411.41
80002535611,Doações financeiras a outros candidatos/partidos,170000.0
80002535611,Locação/cessão de bens imóveis,20000.0
80002535611,Publicidade por adesivos,54059.6
80002535611,Publicidade por carros de som,6000.0
80002535611,Publicidade por materiais impressos,92550.5
80002535611,Serviços advocatícios,40000.0
80002535611,Serviços prestados por terceiros,230500.0
80002535612,Atividades de militância e mobilização de rua,264000.0
80002535612,Cessão ou locação de veículos,85000.0
80002535612,Combustíveis e lubrificantes,5490.27
80002535612,Despesa com Impulsionamento de Conteúdos,17500.0
80002535612,Despesas com pessoal,28000.0
80002535612,Diversas a especificar,392500.0
80002535612,Locação/cessão de bens imóveis,7000.0
80002535612,Publicidade por carros de som,40000.0
80002535612,Publicidade por materiais impressos,79097.1
80002535612,Serviços advocatícios,95000.0
80002535612,Serviços contábeis,5000.0
80002535612,Serviços prestados por terceiros,104000.0
80002535613,Atividades de militância e mobilização de rua,109461.0
80002535613,Cessão ou locação de veículos,21500.0
80002535613,Despesa com Impulsionamento de Conteúdos,60200.0
80002535613,Despesas com pessoal,19000.0
80002535613,Diversas a especificar,3540.0
80002535613,Locação/cessão de bens imóveis,2000.0
80002535613,Publicidade por materiais impressos,59100.0
80002535613,Serviços prestados por terceiros,101000.0
80002536274,Alimentação,38280.0
80002536274,Atividades de militância e mobilização de rua,493868.69
80002536274,Cessão ou locação de veículos,176195.0
80002536274,Combustíveis e lubrificantes,19295.22
80002536274,Despesa com Impulsionamento de Conteúdos,65500.0
80002536274,"Encargos financeiros, taxas bancárias e/ou op. cartão de crédito",125.0
80002536274,Locação/cessão de bens imóveis,31500.0
80002536274,Locação/cessão de bens móveis (exceto veículos),35215.0
80002536274,Publicidade por adesivos,66777.5
80002536274,Publicidade por carros de som,81250.0
80002536274,Publicidade por materiais impressos,144153.2
80002536274,Serviços advocatícios,25000.0
80002536274,Serviços contábeis,25000.0
80002536274,Serviços prestados por terceiros,12556.2
80002536274,Serviços próprios prestados por terceiros,158489.6
80002536275,Combustíveis e lubrificantes,1292.01
80002536275,Diversas a especificar,1200.0
80002536275,Publicidade por adesivos,95400.0
80002536275,Publicidade por materiais impressos,14839.0
80002536275,Serviços prestados por terceiros,950.0
80002536276,Atividades de militância e mobilização de rua,137960.0
80002536276,Despesa com Impulsionamento de Conteúdos,30000.0
80002536276,Despesas com pessoal,78000.0
80002536276,"Encargos financeiros, taxas bancárias e/ou op. cartão de crédito",30.0
80002536276,Publicidade por materiais impressos,59025.0
80002536276,Serviços advocatícios,4000.0
80002536276,Serviços prestados por terceiros,400500.0
80002536277,Atividades de militância e mobilização de rua,50000.0
80002536277,Cessão ou locação de veículos,20779.800000000003
80002536277,Combustíveis e lubrificantes,502.93
80002536277,Despesa com Impulsionamento de Conteúdos,7500.0
80002536277,Despesas com pessoal,65000.0
80002536277,"Encargos financeiros, taxas bancárias e/ou op. cartão de crédito",7.0
80002536277,"Produção de programas de rádio, televisão ou vídeo",93500.0
80002536277,Publicidade por materiais impressos,25195.75
80002536277,Serviços advocatícios,160000.0
80002536277,Serviços contábeis,20000.0
80002536277,Serviços prestados por terceiros,79000.0
80002536278,Atividades de militância e mobilização de rua,115285.0
80002536278,Despesa com Impulsionamento de Conteúdos,2000.0
80002536278,Despesas com pessoal,7430.0
80002536278,Despesas com transporte ou deslocamento,28200.0
80002536278,"Encargos financeiros, taxas bancárias e/ou op. cartão de crédito",29.400000000000002
80002536278,Eventos de promoção da candidatura,10000.0
80002536278,Locação/cessão de bens imóveis,3224.0
80002536278,"Produção de jingles, vinhetas e slogans",3500.0
80002536278,Publicidade por adesivos,35200.0
80002536278,Publicidade por carros de som,90000.0
80002536278,Publicidade por materiais impressos,89150.0
80002536278,Serviços prestados por terceiros,67760.0
80002536279,Atividades de militância e mobilização de rua,182450.0
80002536279,Cessão ou locação de veículos,5500.0
80002536279,Despesas com pessoal,1500.0
80002536279,Serviços advocatícios,10000.0
80002538189,Despesas com pessoal,20000.0
80002538189,Diversas a especificar,11000.0
80002538189,"Encargos financeiros, taxas bancárias e/ou op. cartão de crédito",2.0
80002538189,Publicidade por materiais impressos,2070.0
80002538189,Serviços advocatícios,3000.0
80002538189,Serviços contábeis,3000.0
80002538190,Atividades de militância e mobilização de rua,40450.0
80002538190,Despesa com Impulsionamento de Conteúdos,1950.0
80002538190,Diversas a especificar,4550.0
80002538190,Pré-instalação física de comitê de campanha,2479.0
80002538190,Publicidade por carros de som,500.0
80002538190,Serviços contábeis,5875.0
80002538191,Serviços contábeis,3000.0
80002538192,Atividades de militância e mobilização de rua,1200.0
80002538192,Publicidade por materiais impressos,13062.0
80002538192,Serviços prestados por terceiros,10300.0
80002538194,Diversas a especificar,40.0
80002538194,"Encargos financeiros, taxas bancárias e/ou op. cartão de crédito",1.0
80002538194,Serviços advocatícios,5000.0
80002538194,Serviços contábeis,3000.0
80002538196,Atividades de militância e mobilização de rua,1300.0
80002538196,Cessão ou locação de veículos,5000.0
80002538196,Combustíveis e lubrificantes,284.75
80002538196,Criação e inclusão de páginas na internet,7500.0
80002538196,Despesa com Impulsionamento de Conteúdos,10000.0
80002538196,Despesas com pessoal,1600.0
80002538196,Doações financeiras a outros candidatos/partidos,31000.0
80002538196,"Encargos financeiros, taxas bancárias e/ou op. cartão de crédito",6.0
80002538196,"Produção de programas de rádio, televisão ou vídeo",14165.0
80002538196,Publicidade por materiais impressos,16296.26
80002538196,Serviços advocatícios,5000.0
80002538196,Serviços contábeis,3000.0
80002538196,Serviços prestados por terceiros,15000.0
80002538198,Atividades de militância e mobilização de rua,7000.0
80002538198,"Encargos financeiros, taxas bancárias e/ou op. cartão de crédito",0.5
80002538198,"Produção de jingles, vinhetas e slogans",199.99
80002538198,Publicidade por materiais impressos,3580.0
80002538199,Atividades de militância e mobilização de rua,4800.0
80002538199,Serviços próprios prestados por terceiros,1350.0
80002540550,"Encargos financeiros, taxas bancárias e/ou op. cartão de crédito",0.5
80002540550,Publicidade por adesivos,550.0
80002540551,Alimentação,93.61
80002540551,Despesa com Impulsionamento de Conteúdos,700.0
80002540551,"Encargos financeiros, taxas bancárias e/ou op. cartão de crédito",1.0
80002540551,"Produção de programas de rádio, televisão ou vídeo",200.0
80002540551,Taxa de Administração de Financiamento Coletivo,7.46
80002540552,"Encargos financeiros, taxas bancárias e/ou op. cartão de crédito",0.5
80002540553,Despesa com Impulsionamento de Conteúdos,422.62
80002540553,Taxa de Administração de Financiamento Coletivo,6.38
80002540555,"Encargos financeiros, taxas bancárias e/ou op. cartão de crédito",0.5
80002540555,"Produção de programas de rádio, televisão ou vídeo",550.0
80002540556,Diversas a especificar,300.0
80002540556,"Encargos financeiros, taxas bancárias e/ou op. cartão de crédito",0.5
80002540557,"Encargos financeiros, taxas bancárias e/ou op. cartão de crédito",6.0
80002540557,Publicidade por materiais impressos,3495.0
80002540557,Reembolsos de gastos realizados por eleitores,1.5
80002540557,Serviços próprios prestados por terceiros,1050.0
80002540558,Despesa com Impulsionamento de Conteúdos,200.0
80002540558,Diversas a especificar,308.21
80002540558,"Encargos financeiros, taxas bancárias e/ou op. cartão de crédito",0.5
80002540558,Serviços prestados por terceiros,2000.0
80002540559,Alimentação,53.5
80002540559,Combustíveis e lubrificantes,487.32
80002540559,Despesas com pessoal,562.0
80002540559,Despesas com transporte ou deslocamento,225.05
80002540559,"Encargos financeiros, taxas bancárias e/ou op. cartão de crédito",1.0
80002541001,Atividades de militância e mobilização de rua,89700.0
80002541001,Cessão ou locação de veículos,76593.0
80002541001,Combustíveis e lubrificantes,3402.5299999999997
80002541001,Despesa com Impulsionamento de Conteúdos,303000.0
80002541001,Despesas com Hospedagem,2157.76
80002541001,Despesas com pessoal,81800.0
80002541001,Doações financeiras a outros candidatos/partidos,15000.0
80002541001,"Encargos financeiros, taxas bancárias e/ou op. cartão de crédito",20.5
80002541001,Locação/cessão de bens imóveis,38983.33
80002541001,Locação/cessão de bens móveis (exceto veículos),9875.0
80002541001,Publicidade por materiais impressos,209600.6
80002541001,Serviços advocatícios,40000.0
80002541001,Serviços contábeis,40000.0
80002541001,Serviços prestados por terceiros,483275.6
80002541002,Atividades de militância e mobilização de rua,24315.0
80002541002,Cessão ou locação de veículos,43400.0
80002541002,Combustíveis e lubrificantes,993.86
80002541002,Despesa com Impulsionamento de Conteúdos,96000.0
80002541002,Despesas com pessoal,175382.35
80002541002,"Encargos financeiros, taxas bancárias e/ou op. cartão de crédito",6.5
80002541002,Locação/cessão de bens imóveis,4863.0
80002541002,Publicidade por adesivos,1900.0
80002541002,Publicidade por materiais impressos,122136.97
80002541002,Serviços advocatícios,15000.0
80002541002,Serviços contábeis,20000.0
80002541002,Serviços prestados por terceiros,20150.0
80002541003,Atividades de militância e mobilização de rua,325200.0
80002541003,Cessão ou locação de veículos,14500.0
80002541003,Combustíveis e lubrificantes,1000.0
80002541003,Despesas com pessoal,15000.0
80002541003,"Encargos financeiros, taxas bancárias e/ou op. cartão de crédito",60.0
80002541003,Eventos de promoção da candidatura,1170.0
80002541003,Locação/cessão de bens imóveis,6400.0
80002541003,Locação/cessão de bens móveis (exceto veículos),2400.0
80002541003,"Produção de jingles, vinhetas e slogans",10000.0
80002541003,Publicidade por materiais impressos,45005.47
80002541003,Serviços advocatícios,20000.0
80002541003,Serviços contábeis,20000.0
80002541004,Combustíveis e lubrificantes,330.27
80002541004,Despesa com Impulsionamento de Conteúdos,6000.0
80002541004,Despesas com pessoal,25000.0
80002541004,Diversas a especificar,12950.0
80002541004,Publicidade por adesivos,26040.0
80002541004,Publicidade por carros de som,25000.0
80002541004,Publicidade por materiais impressos,7700.0
80002541004,Serviços prestados por terceiros,42000.0
80002541005,Atividades de militância e mobilização de rua,36850.0
80002541005,Despesa com Impulsionamento de Conteúdos,10000.0
80002541005,Diversas a especificar,5000.0
80002541005,Publicidade por materiais impressos,5230.0
80002541005,Serviços prestados por terceiros,40500.0
80002541006,Alimentação,5896.0
80002541006,Atividades de militância e mobilização de rua,70960.0
80002541006,Cessão ou locação de veículos,23497.65
80002541006,Combustíveis e lubrificantes,1554.56
80002541006,Despesa com Impulsionamento de Conteúdos,10000.0
80002541006,Despesas com pessoal,37500.0
80002541006,"Encargos financeiros, taxas bancárias e/ou op. cartão de crédito",44.2
80002541006,Locação/cessão de bens imóveis,12000.0
80002541006,"Produção de programas de rádio, televisão ou vídeo",24000.0
80002541006,Publicidade por carros de som,29000.0
80002541006,Publicidade por materiais impressos,16400.0
80002541006,Serviços advocatícios,40000.0
80002541006,Serviços prestados por terceiros,15000.0
80002541007,Atividades de militância e mobilização de rua,151000.0
80002541007,Cessão ou locação de veículos,12165.12
80002541007,Despesa com Impulsionamento de Conteúdos,128300.0
80002541007,Despesas com pessoal,36000.0
80002541007,"Encargos financeiros, taxas bancárias e/ou op. cartão de crédito",26.0
80002541007,Locação/cessão de bens imóveis,22000.0
80002541007,Locação/cessão de bens móveis (exceto veículos),14200.0
80002541007,Publicidade por adesivos,1800.0
80002541007,Publicidade por materiais impressos,136217.5
80002541007,Serviços advocatícios,25000.0
80002541007,Serviços contábeis,14000.0
80002541007,Serviços prestados por terceiros,100000.0
80002541008,Alimentação,1600.0
80002541008,Atividades de militância e mobilização de rua,99000.0
80002541008,Cessão ou locação de veículos,69500.0
80002541008,Combustíveis e lubrificantes,7600.78
80002541008,Despesa com Impulsionamento de Conteúdos,120000.0
80002541008,Despesas com pessoal,7000.0
80002541008,Despesas com transporte ou deslocamento,5000.0
80002541008,Locação/cessão de bens imóveis,14900.0
80002541008,Locação/cessão de bens móveis (exceto veículos),30980.0
80002541008,Materiais de expediente,5157.03
80002541008,Pré-instalação física de comitê de campanha,10000.0
80002541008,Publicidade por adesivos,14390.0
80002541008,Publicidade por jornais e revistas,25600.0
80002541008,Publicidade por materiais impressos,169234.0
80002541008,Serviços advocatícios,15000.0
80002541008,Serviços contábeis,15000.0
80002541008,Serviços próprios prestados por terceiros,142936.0
80002541009,Atividades de militância e mobilização de rua,380194.0
80002541009,Cessão ou locação de veículos,2500.0
80002541009,Combustíveis e lubrificantes,1092.41
80002541009,Despesa com Impulsionamento de Conteúdos,108000.0
80002541009,Despesas com pessoal,93640.0
80002541009,Despesas com transporte ou deslocamento,157680.0
80002541009,Locação/cessão de bens imóveis,7500.0
80002541009,"Produção de jingles, vinhetas e slogans",3000.0
80002541009,Publicidade por adesivos,89800.0
80002541009,Publicidade por carros de som,91000.0
80002541009,Publicidade por materiais impressos,52900.0
80002541009,Serviços contábeis,150000.0
80002541010,Atividades de militância e mobilização de rua,65841.71
80002541010,Cessão ou locação de veículos,20000.0
80002541010,Combustíveis e lubrificantes,1300.0
80002541010,Despesa com Impulsionamento de Conteúdos,14000.0
80002541010,Despesas com pessoal,100067.0
80002541010,Doações financeiras a outros candidatos/partidos,10000.0
80002541010,Locação/cessão de bens imóveis,2000.0
80002541010,Publicidade por adesivos,66605.0
80002541010,Publicidade por materiais impressos,100585.82
80002541010,Serviços advocatícios,20000.0
80002541010,Serviços prestados por terceiros,30000.0
80002541011,Atividades de militância e mobilização de rua,24800.0
80002541011,Cessão ou locação de veículos,36132.9
80002541011,Combustíveis e lubrificantes,1248.15
80002541011,Despesa com Impulsionamento de Conteúdos,30000.0
80002541011,Despesa com geradores de energia,3200.0
80002541011,Despesas com pessoal,95000.0
80002541011,Diversas a especificar,10000.0
80002541011,Eventos de promoção da candidatura,13884.0
80002541011,Materiais de expediente,1262.4
80002541011,Publicidade por adesivos,6300.0
80002541011,Publicidade por materiais impressos,27350.0
80002541011,Serviços contábeis,30000.0
80002542389,Alimentação,3183.0
80002542389,Atividades de militância e mobilização de rua,60500.0
80002542389,Cessão ou locação de veículos,2000.0
80002542389,Combustíveis e lubrificantes,2316.5299999999997
80002542389,Despesas com pessoal,142000.0
80002542389,Diversas a especificar,3699.0
80002542389,Eventos de promoção da candidatura,800.0
80002542389,Locação/cessão de bens imóveis,24000.0
80002542389,Materiais de expediente,364.19
80002542389,"Produção de jingles, vinhetas e slogans",7000.0
80002542389,Pré-instalação física de comitê de campanha,2340.0
80002542389,Publicidade por carros de som,13000.0
80002542389,Publicidade por materiais impressos,105603.0
80002542389,Serviços advocatícios,20000.0
80002542389,Serviços contábeis,30000.0
80002542389,Serviços prestados por terceiros,41500.0
80002542390,Alimentação,23515.0
80002542390,Atividades de militância e mobilização de rua,334580.0
80002542390,Cessão ou locação de veículos,44907.0
80002542390,Combustíveis e lubrificantes,13967.14
80002542390,Despesa com Impulsionamento de Conteúdos,45000.0
80002542390,Despesas com pessoal,204600.0
80002542390,Diversas a especificar,9100.0
80002542390,Locação/cessão de bens imóveis,15000.0
80002542390,"Produção de jingles, vinhetas e slogans",500.0
80002542390,Publicidade por adesivos,10320.0
80002542390,Publicidade por carros de som,57500.0
80002542390,Publicidade por materiais impressos,75940.0
80002542390,Serviços advocatícios,30000.0
80002542390,Serviços contábeis,15000.0
80002542390,Serviços prestados por terceiros,12500.0
80002542391,Cessão ou locação de veículos,115000.0
80002542391,Combustíveis e lubrificantes,3168.46
80002542391,Despesa com Impulsionamento de Conteúdos,10000.0
80002542391,Despesas com pessoal,65700.0
80002542391,Eventos de promoção da candidatura,3000.0
80002542391,Publicidade por materiais impressos,42898.22
80002542391,Serviços prestados por terceiros,27100.0
80002542391,Serviços próprios prestados por terceiros,35000.0
80002542392,Cessão ou locação de veículos,25259.399999999998
80002542392,Despesa com Impulsionamento de Conteúdos,66936.18
80002542392,"Encargos financeiros, taxas bancárias e/ou op. cartão de crédito",2.5
80002542392,Publicidade por materiais impressos,21435.0
80002542392,Serviços advocatícios,40000.0
80002542392,Serviços prestados por terceiros,22522.5
80002542393,Despesa com Impulsionamento de Conteúdos,11000.0
80002542393,Diversas a especificar,125750.0
80002542393,Doações financeiras a outros candidatos/partidos,20000.0
80002542393,Publicidade por materiais impressos,106975.0
80002542393,Serviços advocatícios,150000.0
80002542394,Alimentação,262.49
80002542394,Atividades de militância e mobilização de rua,34192.82
80002542394,Cessão ou locação de veículos,16840.5
80002542394,Combustíveis e lubrificantes,2677.58
80002542394,Despesas com pessoal,10000.0
80002542394,Diversas a especificar,1900.0
80002542394,"Encargos financeiros, taxas bancárias e/ou op. cartão de crédito",44.1
80002542394,Publicidade por carros de som,20000.0
80002542394,Publicidade por materiais impressos,81001.0
80002542394,Serviços prestados por terceiros,43900.0
80002542394,Serviços próprios prestados por terceiros,3300.0
80002542395,Atividades de militância e mobilização de rua,19800.0
80002542395,Despesa com Impulsionamento de Conteúdos,10000.0
80002542395,Despesas com pessoal,8000.0
80002542395,Diversas a especificar,76909.5
80002542395,Locação/cessão de bens imóveis,8886.380000000001
80002542395,Publicidade por materiais impressos,24270.0
80002542395,Serviços advocatícios,20000.0
80002542395,Serviços prestados por terceiros,32000.0
80002542396,Atividades de militância e mobilização de rua,12742.0
80002542396,Cessão ou locação de veículos,30560.0
80002542396,Despesa com Impulsionamento de Conteúdos,11000.0
80002542396,Despesas com pessoal,39500.0
80002542396,Doações financeiras a outros candidatos/partidos,320000.0
80002542396,"Encargos financeiros, taxas bancárias e/ou op. cartão de crédito",3.0
80002542396,Eventos de promoção da candidatura,500.0
80002542396,Locação/cessão de bens móveis (exceto veículos),28975.0
80002542396,"Produção de programas de rádio, televisão ou vídeo",9360.0
80002542396,Publicidade por adesivos,50000.0
80002542396,Publicidade por carros de som,31000.0
80002542396,Publicidade por materiais impressos,125190.0
80002542396,Serviços prestados por terceiros,2240.0
80002542397,Atividades de militância e mobilização de rua,44200.0
80002542397,Doações financeiras a outros candidatos/partidos,75000.0
80002542397,"Encargos financeiros, taxas bancárias e/ou op. cartão de crédito",4.0
80002542397,Locação/cessão de bens móveis (exceto veículos),500.0
80002542397,Publicidade por adesivos,43750.0
80002542397,Publicidade por materiais impressos,880.0
80002542397,Serviços prestados por terceiros,30000.0
80002542398,Atividades de militância e mobilização de rua,35839.35
80002542398,Combustíveis e lubrificantes,1860.91
80002542398,Despesas com Hospedagem,960.3
80002542398,Despesas com pessoal,7000.0
80002542398,Diversas a especificar,9000.0
80002542398,"Produção de programas de rádio, televisão ou vídeo",4500.0
80002542399,Atividades de militância e mobilização de rua,14000.0
80002542399,Cessão ou locação de veículos,6663.6
80002542399,Despesa com Impulsionamento de Conteúdos,2000.0
80002542399,Despesas com pessoal,26000.0
80002542399,"Encargos financeiros, taxas bancárias e/ou op. cartão de crédito",3.5
80002542399,"Produção de jingles, vinhetas e slogans",2700.0
80002542403,Atividades de militância e mobilização de rua,906655.0
80002542403,Cessão ou locação de veículos,197800.0
80002542403,Combustíveis e lubrificantes,29580.14
80002542403,Criação e inclusão de páginas na internet,10000.0
80002542403,Despesa com Impulsionamento de Conteúdos,20000.0
80002542403,Despesas com pessoal,81525.0
80002542403,Locação/cessão de bens imóveis,15000.0
80002542403,Publicidade por adesivos,284423.78
80002542403,Publicidade por materiais impressos,9000.0
80002542403,Serviços advocatícios,50000.0
80002542403,Serviços contábeis,28000.0
80002542404,Atividades de militância e mobilização de rua,175539.99
80002542404,Combustíveis e lubrificantes,6187.67
80002542404,Criação e inclusão de páginas na internet,340.0
80002542404,Despesa com Impulsionamento de Conteúdos,50000.0
80002542404,Despesas com pessoal,4500.0
80002542404,Diversas a especificar,6108.0
80002542404,Eventos de promoção da candidatura,25600.0
80002542404,Locação/cessão de bens imóveis,60000.0
80002542404,Publicidade por adesivos,93187.5
80002542404,Publicidade por materiais impressos,211010.0
80002542404,Serviços advocatícios,100000.0
80002542404,Serviços contábeis,26000.0
80002542404,Serviços prestados por terceiros,25000.0
80002542405,Alimentação,5875.0
80002542405,Atividades de militância e mobilização de rua,3112.0
80002542405,Cessão ou locação de veículos,18300.0
80002542405,Combustíveis e lubrificantes,2584.75
80002542405,Despesa com Impulsionamento de Conteúdos,6000.0
80002542405,Doações financeiras a outros candidatos/partidos,50000.0
80002542405,"Encargos financeiros, taxas bancárias e/ou op. cartão de crédito",42.0
80002542405,Locação/cessão de bens imóveis,18000.0
80002542405,Publicidade por adesivos,74980.0
80002542405,Publicidade por materiais impressos,80085.0
80002542405,Serviços advocatícios,20000.0
80002542405,Serviços contábeis,30000.0
80002542405,Serviços prestados por terceiros,500186.5
80002542406,Atividades de militância e mobilização de rua,135732.5
80002542406,Cessão ou locação de veículos,9000.0
80002542406,Despesa com Impulsionamento de Conteúdos,2000.0
80002542406,Despesas com pessoal,186936.0
80002542406,Locação/cessão de bens imóveis,10000.0
80002542406,Publicidade por adesivos,10985.0
80002542406,Publicidade por materiais impressos,24797.0
80002542406,Serviços advocatícios,150000.0
80002542406,Serviços contábeis,30000.0
80002542406,Serviços prestados por terceiros,25000.0
80002542407,Atividades de militância e mobilização de rua,34295.0
80002542407,Cessão ou locação de veículos,78874.3
80002542407,Combustíveis e lubrificantes,3052.14
80002542407,Despesa com Impulsionamento de Conteúdos,115200.0
80002542407,Despesas com pessoal,4072.8199999999997
80002542407,Diversas a especificar,94.0
80002542407,Eventos de promoção da candidatura,2500.0
80002542407,Materiais de expediente,1055.17
80002542407,Pesquisas ou testes eleitorais,9000.0
80002542407,"Produção de jingles, vinhetas e slogans",2500.0
80002542407,Pré-instalação física de comitê de campanha,15000.0
80002542407,Publicidade por materiais impressos,46135.0
80002542407,Serviços contábeis,45000.0
80002542407,Serviços prestados por terceiros,15900.0
80002542407,Água,250.0
80002542408,Alimentação,2928.69
80002542408,Atividades de militância e mobilização de rua,3000.0
80002542408,Cessão ou locação de veículos,15500.0
80002542408,Combustíveis e lubrificantes,4719.89
80002542408,Despesa com Impulsionamento de Conteúdos,50000.0
80002542408,Despesas com pessoal,109750.0
80002542408,Diversas a especificar,4005.0
80002542408,"Encargos financeiros, taxas bancárias e/ou op. cartão de crédito",13.0
80002542408,Eventos de promoção da candidatura,25000.0
80002542408,Pesquisas ou testes eleitorais,50000.0
80002542408,"Produção de jingles, vinhetas e slogans",2000.0
80002542408,Publicidade por carros de som,35000.0
80002542408,Serviços advocatícios,20000.0
80002542408,Serviços contábeis,15000.0
80002542408,Serviços prestados por terceiros,211100.0
80002542408,Taxa de Administração de Financiamento Coletivo,23.86
80002542409,Atividades de militância e mobilização de rua,554880.0
80002542409,Cessão ou locação de veículos,98133.5
80002542409,Combustíveis e lubrificantes,8778.11
80002542409,Despesa com Impulsionamento de Conteúdos,40100.0
80002542409,Despesas com pessoal,86513.55
80002542409,Diversas a especificar,1575.0
80002542409,"Encargos financeiros, taxas bancárias e/ou op. cartão de crédito",26.1
80002542409,Eventos de promoção da candidatura,13150.0
80002542409,Locação/cessão de bens imóveis,54500.0
80002542409,Locação/cessão de bens móveis (exceto veículos),9800.0
80002542409,Publicidade por adesivos,17115.0
80002542409,Publicidade por materiais impressos,227934.0
80002542409,Serviços advocatícios,120000.0
80002542409,Serviços contábeis,45000.0
80002542409,Serviços prestados por terceiros,154761.0
80002542410,Atividades de militância e mobilização de rua,152488.0
80002542410,Cessão ou locação de veículos,43568.78
80002542410,Combustíveis e lubrificantes,9464.01
80002542410,Despesa com Impulsionamento de Conteúdos,70000.0
80002542410,Despesas com pessoal,54000.0
80002542410,Doações financeiras a outros candidatos/partidos,114500.0
80002542410,Locação/cessão de bens imóveis,16170.0
80002542410,Publicidade por materiais impressos,264680.0
80002542410,Serviços advocatícios,58500.0
80002542410,Serviços contábeis,6500.0
80002542410,Serviços prestados por terceiros,272000.0
80002542411,Atividades de militância e mobilização de rua,86900.0
80002542411,Cessão ou locação de veículos,22500.0
80002542411,Combustíveis e lubrificantes,1265.8200000000002
80002542411,Despesa com Impulsionamento de Conteúdos,25000.0
80002542411,Despesas com pessoal,40000.0
80002542411,Locação/cessão de bens imóveis,100000.0
80002542411,Locação/cessão de bens móveis (exceto veículos),25000.0
80002542411,"Produção de jingles, vinhetas e slogans",30000.0
80002542411,"Produção de programas de rádio, televisão ou vídeo",6000.0
80002542411,Publicidade por carros de som,32000.0
80002542411,Publicidade por materiais impressos,117231.0
80002542411,Serviços advocatícios,100000.0
80002542411,Serviços contábeis,197000.0
80002542412,Alimentação,5500.0
80002542412,Atividades de militância e mobilização de rua,1500.0
80002542412,Cessão ou locação de veículos,22500.0
80002542412,Despesas com pessoal,114000.0
80002542412,Doações financeiras a outros candidatos/partidos,100000.0
80002542412,Locação/cessão de bens imóveis,4999.0
80002542412,"Produção de programas de rádio, televisão ou vídeo",27000.0
80002542412,Publicidade por adesivos,26000.0
80002542412,Publicidade por materiais impressos,18665.0
80002542412,Serviços advocatícios,20000.0
80002542412,Serviços contábeis,10000.0
80002542412,Serviços prestados por terceiros,80.0
80002542413,Atividades de militância e mobilização de rua,203703.2
80002542413,Cessão ou locação de veículos,33500.0
80002542413,Combustíveis e lubrificantes,3267.18
80002542413,Despesa com Impulsionamento de Conteúdos,5000.0
80002542413,Despesas com pessoal,55000.0
80002542413,Publicidade por adesivos,11350.0
80002542413,Publicidade por carros de som,6000.0
80002542413,Publicidade por materiais impressos,5556.0
80002542413,Serviços advocatícios,115000.0
80002542413,Serviços prestados por terceiros,250000.0
80002549125,Publicidade por materiais impressos,30.0
80002549398,Atividades de militância e mobilização de rua,97504.86
80002549398,Despesa com Impulsionamento de Conteúdos,80000.0
80002549398,Despesas com pessoal,130730.0
80002549398,"Encargos financeiros, taxas bancárias e/ou op. cartão de crédito",12.0
80002549398,Locação/cessão de bens imóveis,9900.0
80002549398,Locação/cessão de bens móveis (exceto veículos),839.0
80002549398,"Produção de programas de rádio, televisão ou vídeo",1000.0
80002549398,Publicidade por materiais impressos,12845.279999999999
80002549398,Serviços advocatícios,56700.0
80002549398,Serviços contábeis,5000.0
80002549398,Serviços prestados por terceiros,99794.0
80002549399,Atividades de militância e mobilização de rua,6360.0
80002549399,Cessão ou locação de veículos,5726.6
80002549399,Despesa com Impulsionamento de Conteúdos,4500.0
80002549399,Despesas com pessoal,3000.0
80002549399,"Encargos financeiros, taxas bancárias e/ou op. cartão de crédito",12.0
80002549399,"Produção de jingles, vinhetas e slogans",2000.0
80002549399,"Produção de programas de rádio, televisão ou vídeo",1000.0
80002549399,Publicidade por adesivos,8410.4
80002549399,Publicidade por materiais impressos,4996.5
80002549399,Serviços advocatícios,2538.46
80002549399,Serviços prestados por terceiros,23000.0
80002549399,Taxa de Administração de Financiamento Coletivo,58.78
80002549400,Atividades de militância e mobilização de rua,27240.0
80002549400,Despesa com Impulsionamento de Conteúdos,2000.0
80002549400,"Encargos financeiros, taxas bancárias e/ou op. cartão de crédito",6.5
80002549400,"Produção de programas de rádio, televisão ou vídeo",1000.0
80002549400,Publicidade por materiais impressos,18709.0
80002549400,Serviços advocatícios,2307.69
80002549400,Serviços prestados por terceiros,36068.0
80002549401,Combustíveis e lubrificantes,443.85
80002549401,Despesas com pessoal,10500.0
80002549401,Locação/cessão de bens imóveis,2500.0
80002549401,"Produção de programas de rádio, televisão ou vídeo",1000.0
80002549401,Publicidade por materiais impressos,6885.0
80002549401,Serviços advocatícios,2423.08
80002549401,Serviços prestados por terceiros,500.0
80002549401,Serviços próprios prestados por terceiros,37865.5
80002549402,Atividades de militância e mobilização de rua,7000.0
80002549402,Despesa com Impulsionamento de Conteúdos,1400.0
80002549402,Despesas com Hospedagem,40.0
80002549402,Despesas com pessoal,3000.0
80002549402,"Encargos financeiros, taxas bancárias e/ou op. cartão de crédito",7.0
80002549402,Locação/cessão de bens imóveis,625.0
80002549402,"Produção de programas de rádio, televisão ou vídeo",1000.0
80002549402,Publicidade por adesivos,1270.0
80002549402,Publicidade por materiais impressos,9139.0
80002549402,Serviços advocatícios,2307.69
80002549402,Serviços prestados por terceiros,56000.0
80002549402,Taxa de Administração de Financiamento Coletivo,269.7
80002549403,Atividades de militância e mobilização de rua,16000.0
80002549403,Despesa com Impulsionamento de Conteúdos,2500.0
80002549403,Despesas com pessoal,8600.0
80002549403,"Produção de programas de rádio, televisão ou vídeo",1000.0
80002549403,Publicidade por materiais impressos,4512.5
80002549403,Serviços advocatícios,2423.08
80002549403,Serviços prestados por terceiros,37865.5
80002549468,Atividades de militância e mobilização de rua,11000.0
80002549468,Despesa com Impulsionamento de Conteúdos,6180.0
80002549468,"Encargos financeiros, taxas bancárias e/ou op. cartão de crédito",1.5
80002549468,Publicidade por adesivos,1724.0
80002549468,Publicidade por materiais impressos,10495.0
80002549468,Serviços contábeis,5000.0
80002549469,Alimentação,673.11
80002549469,Atividades de militância e mobilização de rua,437350.0
80002549469,Cessão ou locação de veículos,17613.2
80002549469,Combustíveis e lubrificantes,5929.18
80002549469,Despesa com Impulsionamento de Conteúdos,58000.0
80002549469,Despesas com pessoal,45200.0
80002549469,Despesas com transporte ou deslocamento,16870.0
80002549469,Diversas a especificar,384.49
80002549469,Doações financeiras a outros candidatos/partidos,90000.0
80002549469,"Encargos financeiros, taxas bancárias e/ou op. cartão de crédito",43.0
80002549469,Eventos de promoção da candidatura,16910.0
80002549469,"Impostos, contribuições e taxas",1.0
80002549469,Locação/cessão de bens imóveis,32000.0
80002549469,Materiais de expediente,150.75
80002549469,"Produção de programas de rádio, televisão ou vídeo",7190.0
80002549469,Publicidade por carros de som,29600.0
80002549469,Publicidade por materiais impressos,141680.0
80002549469,Serviços advocatícios,72000.0
80002549469,Serviços contábeis,26000.0
80002549469,Serviços prestados por terceiros,144400.0
80002549469,Serviços próprios prestados por terceiros,95810.06
80002549470,Atividades de militância e mobilização de rua,160400.0
80002549470,Despesa com Impulsionamento de Conteúdos,20000.0
80002549470,"Encargos financeiros, taxas bancárias e/ou op. cartão de crédito",8.5
80002549470,Locação/cessão de bens imóveis,7000.0
80002549470,"Produção de jingles, vinhetas e slogans",4500.0
80002549470,Publicidade por adesivos,44433.04
80002549470,Publicidade por carros de som,120000.0
80002549470,Publicidade por materiais impressos,213612.5
80002549470,Serviços contábeis,20000.0
80002549470,Serviços prestados por terceiros,567000.0
80002549471,Despesas com pessoal,5000.0
80002549471,"Produção de programas de rádio, televisão ou vídeo",5450.0
80002549472,Atividades de militância e mobilização de rua,33300.0
80002549472,"Encargos financeiros, taxas bancárias e/ou op. cartão de crédito",0.5
80002549472,Publicidade por materiais impressos,1310.0
80002549473,Atividades de militância e mobilização de rua,20200.0
80002549473,Cessão ou locação de veículos,1600.0
80002549473,Combustíveis e lubrificantes,2356.48
80002549473,Despesas com pessoal,4800.0
80002549473,Despesas com transporte ou deslocamento,1600.0
80002549473,"Encargos financeiros, taxas bancárias e/ou op. cartão de crédito",33.2
80002549473,"Produção de jingles, vinhetas e slogans",600.0
80002549473,Publicidade por materiais impressos,21420.0
80002549473,Serviços contábeis,5000.0
80002549474,Cessão ou locação de veículos,6000.0
80002549474,Combustíveis e lubrificantes,493.84000000000003
80002549474,Despesas com pessoal,112325.0
80002549474,"Encargos financeiros, taxas bancárias e/ou op. cartão de crédito",3.5
80002549474,Locação/cessão de bens imóveis,300.0
80002549474,"Produção de jingles, vinhetas e slogans",37000.0
80002549474,Publicidade por adesivos,12382.5
80002549474,Serviços advocatícios,12000.0
80002549474,Serviços contábeis,20000.0
80002549475,Serviços contábeis,5000.0
80002549476,Atividades de militância e mobilização de rua,288738.0
80002549476,Cessão ou locação de veículos,39877.0
80002549476,Combustíveis e lubrificantes,4796.3
80002549476,Despesa com Impulsionamento de Conteúdos,1300.0
80002549476,Despesas com pessoal,25500.0
80002549476,"Encargos financeiros, taxas bancárias e/ou op. cartão de crédito",3.0
80002549476,Locação/cessão de bens imóveis,6451.03
80002549476,Locação/cessão de bens móveis (exceto veículos),9600.0
80002549476,Publicidade por adesivos,17959.0
80002549476,Publicidade por carros de som,60000.0
80002549476,Publicidade por materiais impressos,288908.2
80002549476,Serviços advocatícios,50000.0
80002549476,Serviços contábeis,15000.0
80002549476,Serviços prestados por terceiros,263000.0
80002549476,Taxa de Administração de Financiamento Coletivo,32.35
80002549477,Atividades de militância e mobilização de rua,230855.0
80002549477,Cessão ou locação de veículos,6500.0
80002549477,Combustíveis e lubrificantes,1257.1399999999999
80002549477,Despesa com Impulsionamento de Conteúdos,5000.0
80002549477,Despesas com pessoal,8500.0
80002549477,Doações financeiras a outros candidatos/partidos,35000.0
80002549477,"Encargos financeiros, taxas bancárias e/ou op. cartão de crédito",2.5
80002549477,Locação/cessão de bens imóveis,26160.0
80002549477,Publicidade por adesivos,2775.0
80002549477,Publicidade por carros de som,52080.0
80002549477,Publicidade por materiais impressos,151187.42
80002549477,Serviços contábeis,8000.0
80002549477,Serviços prestados por terceiros,140000.0
80002549478,Atividades de militância e mobilização de rua,4000.0
80002549478,Despesa com Impulsionamento de Conteúdos,3000.0
80002549478,Despesas com pessoal,3918.1
80002549478,"Encargos financeiros, taxas bancárias e/ou op. cartão de crédito",81.9
80002549478,Eventos de promoção da candidatura,6000.0
80002549478,Publicidade por materiais impressos,13000.0
80002549478,Serviços advocatícios,10000.0
80002549478,Serviços contábeis,4000.0
80002549478,Serviços prestados por terceiros,4000.0
80002549693,Alimentação,2081.51
80002549693,Cessão ou locação de veículos,1960.0
80002549693,Combustíveis e lubrificantes,1410.36
80002549693,Despesa com Impulsionamento de Conteúdos,64500.0
80002549693,Despesas com pessoal,29550.0
80002549693,Diversas a especificar,81200.0
80002549693,Doações financeiras a outros candidatos/partidos,10000.0
80002549693,Locação/cessão de bens imóveis,8500.0
80002549693,Publicidade por adesivos,28935.0
80002549693,Publicidade por materiais impressos,6800.0
80002549693,Serviços advocatícios,55000.0
80002549694,Atividades de militância e mobilização de rua,19200.0
80002549694,Cessão ou locação de veículos,8000.0
80002549694,Combustíveis e lubrificantes,1150.35
80002549694,Despesa com Impulsionamento de Conteúdos,1500.0
80002549694,Despesas com pessoal,12200.0
80002549694,Diversas a especificar,2100.0
80002549694,"Encargos financeiros, taxas bancárias e/ou op. cartão de crédito",12.5
80002549694,"Produção de jingles, vinhetas e slogans",2000.0
80002549694,Publicidade por materiais impressos,4990.0
80002549694,Serviços advocatícios,3000.0
80002549694,Serviços contábeis,3000.0
80002549694,Serviços prestados por terceiros,36500.0
80002549695,Cessão ou locação de veículos,2000.0
80002549695,Despesas com pessoal,2900.0
80002549695,Diversas a especificar,14337.5
80002549695,"Encargos financeiros, taxas bancárias e/ou op. cartão de crédito",4.0
80002549695,Locação/cessão de bens imóveis,8000.0
80002549695,Publicidade por materiais impressos,1300.0
80002549695,Serviços prestados por terceiros,800.0
80002549696,Atividades de militância e mobilização de rua,10621.0
80002549696,Despesa com Impulsionamento de Conteúdos,20999.0
80002549696,Despesas com pessoal,18000.0
80002549696,Despesas com transporte ou deslocamento,54000.0
80002549696,"Encargos financeiros, taxas bancárias e/ou op. cartão de crédito",6.0
80002549696,Eventos de promoção da candidatura,5000.0
80002549696,Locação/cessão de bens imóveis,40000.0
80002549696,Publicidade por materiais impressos,81200.0
80002549696,Serviços advocatícios,30000.0
80002549696,Serviços contábeis,16000.0
80002549696,Serviços prestados por terceiros,45000.0
80002549697,Atividades de militância e mobilização de rua,4451.879999999999
80002549697,Criação e inclusão de páginas na internet,81.97
80002549697,Despesa com Impulsionamento de Conteúdos,7000.0
80002549697,Despesas com pessoal,17000.0
80002549697,Despesas com transporte ou deslocamento,9000.0
80002549697,"Encargos financeiros, taxas bancárias e/ou op. cartão de crédito",50.3
80002549697,Publicidade por adesivos,4400.0
80002549697,Publicidade por carros de som,4950.0
80002549697,Publicidade por materiais impressos,16829.5
80002549697,Serviços contábeis,6000.0
80002549697,Serviços prestados por terceiros,1000.0
80002549698,Cessão ou locação de veículos,7836.6
80002549698,Combustíveis e lubrificantes,4510.91
80002549698,Despesa com Impulsionamento de Conteúdos,8800.0
80002549698,Diversas a especificar,3150.0
80002549698,"Encargos financeiros, taxas bancárias e/ou op. cartão de crédito",2.5
80002549698,"Produção de jingles, vinhetas e slogans",175.0
80002549698,Publicidade por adesivos,6140.9
80002549698,Publicidade por materiais impressos,15487.5
80002549698,Serviços prestados por terceiros,349.0
80002549698,Taxa de Administração de Financiamento Coletivo,76.59
80002549699,Atividades de militância e mobilização de rua,2000.0
80002549699,Cessão ou locação de veículos,3500.0
80002549699,Diversas a especificar,10639.93
80002549699,"Encargos financeiros, taxas bancárias e/ou op. cartão de crédito",1.0
80002549700,Cessão ou locação de veículos,183806.47
80002549700,Combustíveis e lubrificantes,2045.0
80002549700,Despesa com Impulsionamento de Conteúdos,61002.36
80002549700,Despesas com pessoal,45000.0
80002549700,Doações financeiras a outros candidatos/partidos,1897000.0
80002549700,"Encargos financeiros, taxas bancárias e/ou op. cartão de crédito",11.5
80002549700,"Produção de jingles, vinhetas e slogans",21500.0
80002549700,"Produção de programas de rádio, televisão ou vídeo",10000.0
80002549700,Publicidade por materiais impressos,536492.5
80002549700,Serviços advocatícios,230000.0
80002549700,Serviços prestados por terceiros,120000.0
80002549701,Alimentação,3602.0
80002549701,Cessão ou locação de veículos,82000.0
80002549701,Combustíveis e lubrificantes,10000.0
80002549701,Despesa com Impulsionamento de Conteúdos,43192.92
80002549701,Despesas com Hospedagem,715.0
80002549701,Despesas com pessoal,112200.0
80002549701,"Encargos financeiros, taxas bancárias e/ou op. cartão de crédito",8.0
80002549701,Locação/cessão de bens imóveis,11000.0
80002549701,Publicidade por materiais impressos,90200.0
80002549701,Serviços prestados por terceiros,10000.0
80002549702,Alimentação,95.0
80002549702,Cessão ou locação de veículos,7900.0
80002549702,Diversas a especificar,37000.0
80002549702,"Encargos financeiros, taxas bancárias e/ou op. cartão de crédito",5.0
80002549702,Publicidade por materiais impressos,35000.0
80002549703,Atividades de militância e mobilização de rua,45000.0
80002549703,Despesa com Impulsionamento de Conteúdos,10000.0
80002549703,Doações financeiras a outros candidatos/partidos,56000.0
80002549703,Eventos de promoção da candidatura,24500.0
80002549703,Locação/cessão de bens imóveis,12000.0
80002549703,Pesquisas ou testes eleitorais,64496.0
80002549703,"Produção de programas de rádio, televisão ou vídeo",50500.0
80002549703,Publicidade por carros de som,60000.0
80002550807,Atividades de militância e mobilização de rua,11800.0
80002550807,Cessão ou locação de veículos,5200.0
80002550807,"Encargos financeiros, taxas bancárias e/ou op. cartão de crédito",2.5
80002550810,Atividades de militância e mobilização de rua,2749.0
80002550810,Despesas com pessoal,5750.0
80002550810,"Encargos financeiros, taxas bancárias e/ou op. cartão de crédito",1.0
80002550813,Atividades de militância e mobilização de rua,4922.0
80002550813,Despesas com pessoal,3578.0
80002550814,Atividades de militância e mobilização de rua,450.0
80002550814,Despesas com pessoal,3060.0
80002550814,"Encargos financeiros, taxas bancárias e/ou op. cartão de crédito",3.5
80002550814,Locação/cessão de bens imóveis,3750.0
80002550817,Despesas com pessoal,20000.0
80002550817,"Encargos financeiros, taxas bancárias e/ou op. cartão de crédito",3.5
80002550817,Publicidade por materiais impressos,22890.0
80002552163,Despesa com Impulsionamento de Conteúdos,4000.0
80002552163,Publicidade por adesivos,2193.0
80002552167,Despesa com Impulsionamento de Conteúdos,22.0
80002552167,"Encargos financeiros, taxas bancárias e/ou op. cartão de crédito",4.5
80002552167,"Produção de jingles, vinhetas e slogans",2600.0
80002552167,Publicidade por adesivos,750.0
80002552167,Publicidade por materiais impressos,18109.9
80002554228,Publicidade por materiais impressos,1100.0
130002533231,Despesa com Impulsionamento de Conteúdos,570.0
130002533231,Despesas com pessoal,13580.0
130002533231,Diversas a especificar,785.0
130002533231,"Encargos financeiros, taxas bancárias e/ou op. cartão de crédito",5.0
130002533231,Publicidade por adesivos,3500.5
130002533231,Serviços advocatícios,1500.0
130002533232,Combustíveis e lubrificantes,777.5799999999999
130002533232,Publicidade por adesivos,12000.0
130002533232,Publicidade por materiais impressos,11000.0
130002533233,Atividades de militância e mobilização de rua,29961.0
130002533233,"Encargos financeiros, taxas bancárias e/ou op. cartão de crédito",39.0
130002533234,Despesas com pessoal,2200.0
130002533234,"Encargos financeiros, taxas bancárias e/ou op. cartão de crédito",1.0
130002533234,Publicidade por adesivos,744.6
130002533234,Publicidade por materiais impressos,2900.0
130002533236,Publicidade por materiais impressos,15930.0
130002533237,Serviços prestados por terceiros,45500.0
130002533238,Atividades de militância e mobilização de rua,3650.0
130002533238,Cessão ou locação de veículos,3200.0
130002533238,Criação e inclusão de páginas na internet,1000.0
130002533238,Despesa com Impulsionamento de Conteúdos,2800.0
130002533238,Despesas com pessoal,21000.0
130002533238,Despesas com transporte ou deslocamento,18900.0
130002533238,"Encargos financeiros, taxas bancárias e/ou op. cartão de crédito",13.5
130002533238,Eventos de promoção da candidatura,40200.0
130002533238,Publicidade por materiais impressos,206180.81
130002533240,Alimentação,5936.0
130002533240,Atividades de militância e mobilização de rua,426194.0
130002533240,Cessão ou locação de veículos,47174.54
130002533240,Combustíveis e lubrificantes,4042.61
130002533240,Correspondências e despesas postais,204.35
130002533240,Criação e inclusão de páginas na internet,40.0
130002533240,Despesa com Impulsionamento de Conteúdos,100000.0
130002533240,Despesas com pessoal,16200.0
130002533240,Despesas com transporte ou deslocamento,482.65999999999997
130002533240,"Encargos financeiros, taxas bancárias e/ou op. cartão de crédito",5.95
130002533240,Locação/cessão de bens imóveis,15480.0
130002533240,Locação/cessão de bens móveis (exceto veículos),15795.0
130002533240,Passagem Aérea,6892.69
130002533240,Publicidade por adesivos,142456.0
130002533240,Publicidade por materiais impressos,342775.0
130002533240,Serviços prestados por terceiros,150000.0
130002533242,Despesa com Impulsionamento de Conteúdos,135.0
130002533242,Despesas com pessoal,4000.0
130002533242,Locação/cessão de bens móveis (exceto veículos),7500.0
130002533243,Atividades de militância e mobilização de rua,477973.0
130002533243,Cessão ou locação de veículos,83300.0
130002533243,Despesa com Impulsionamento de Conteúdos,30000.0
130002533243,Diversas a especificar,137120.0
130002533243,"Encargos financeiros, taxas bancárias e/ou op. cartão de crédito",14.5
130002533243,Locação/cessão de bens imóveis,31621.0
130002533243,Locação/cessão de bens móveis (exceto veículos),5800.0
130002533243,Publicidade por carros de som,4500.0
130002533243,Publicidade por materiais impressos,238664.88
130002533243,Serviços advocatícios,75000.0
130002533243,Serviços prestados por terceiros,731381.0
130002533243,Serviços próprios prestados por terceiros,1700.0
130002533244,Atividades de militância e mobilização de rua,70532.2
130002533244,Cessão ou locação de veículos,9000.0
130002533244,Despesa com Impulsionamento de Conteúdos,13000.0
130002533244,"Encargos financeiros, taxas bancárias e/ou op. cartão de crédito",27.5
130002533244,Publicidade por adesivos,98850.0
130002533244,Publicidade por materiais impressos,203298.0
130002533244,Serviços advocatícios,10000.0
130002533244,Serviços contábeis,36000.0
130002533244,Serviços prestados por terceiros,502041.0
130002533245,Atividades de militância e mobilização de rua,36600.0
130002533245,Cessão ou locação de veículos,13000.0
130002533245,Despesa com Impulsionamento de Conteúdos,42000.0
130002533245,Despesas com pessoal,5000.0
130002533245,Despesas com transporte ou deslocamento,900.0
130002533245,Diversas a especificar,35000.0
130002533245,"Encargos financeiros, taxas bancárias e/ou op. cartão de crédito",50.8
130002533245,Locação/cessão de bens imóveis,2000.0
130002533245,Publicidade por jornais e revistas,8000.0
130002533245,Publicidade por materiais impressos,47873.0
130002533245,Serviços advocatícios,15500.0
130002533245,Serviços contábeis,5500.0
130002533245,Serviços prestados por terceiros,30000.0
130002533246,Despesas com pessoal,11000.0
130002533246,"Encargos financeiros, taxas bancárias e/ou op. cartão de crédito",2.0
130002533246,Serviços prestados por terceiros,8250.0
130002533247,Atividades de militância e mobilização de rua,160710.0
130002533247,Cessão ou locação de veículos,6000.0
130002533247,Combustíveis e lubrificantes,808.4
130002533247,Criação e inclusão de páginas na internet,2551.15
130002533247,Despesa com Impulsionamento de Conteúdos,30000.0
130002533247,Locação/cessão de bens imóveis,54000.0
130002533247,Locação/cessão de bens móveis (exceto veículos),4740.0
130002533247,Materiais de expediente,1717.8799999999999
130002533247,Publicidade por jornais e revistas,580.0
130002533247,Publicidade por materiais impressos,138757.1
130002533247,Serviços advocatícios,250000.0
130002533247,Serviços contábeis,150000.0
130002533247,Serviços prestados por terceiros,28049.9
130002533248,Combustíveis e lubrificantes,614.9399999999999
130002533248,"Encargos financeiros, taxas bancárias e/ou op. cartão de crédito",0.5
130002533248,Publicidade por adesivos,1628.0
130002533248,Publicidade por materiais impressos,2181.0
130002533252,Despesa com Impulsionamento de Conteúdos,20000.0
130002533252,"Encargos financeiros, taxas bancárias e/ou op. cartão de crédito",0.5
130002533252,Publicidade por materiais impressos,35640.0
130002533255,Cessão ou locação de veículos,10000.0
130002533255,Correspondências e despesas postais,23304.2
130002533255,Despesa com Impulsionamento de Conteúdos,10000.0
130002533255,Despesas com pessoal,74321.0
130002533255,Locação/cessão de bens imóveis,10000.0
130002533255,Publicidade por materiais impressos,14555.0
130002533257,"Encargos financeiros, taxas bancárias e/ou op. cartão de crédito",0.5
130002533258,Alimentação,1961.0
130002533258,Atividades de militância e mobilização de rua,612.0
130002533258,Despesas com pessoal,11500.0
130002533258,Diversas a especificar,643.6
130002533258,Publicidade por carros de som,220.0
130002533258,Publicidade por materiais impressos,17516.0
130002533258,Serviços contábeis,2500.0
130002533258,Serviços prestados por terceiros,6563.1
130002533259,Despesa com Impulsionamento de Conteúdos,10000.0
130002533259,"Encargos financeiros, taxas bancárias e/ou op. cartão de crédito",1.0
130002533259,Publicidade por jornais e revistas,2500.0
130002533259,Serviços prestados por terceiros,25000.0
130002533260,Alimentação,1366.65
130002533260,Combustíveis e lubrificantes,8481.52
130002533260,Despesas com pessoal,26750.0
130002533260,Locação/cessão de bens imóveis,67.34
130002533260,"Produção de jingles, vinhetas e slogans",1100.0
130002533260,Publicidade por adesivos,25463.15
130002533260,Publicidade por materiais impressos,31460.0
130002533262,Atividades de militância e mobilização de rua,39492.0
130002533262,Criação e inclusão de páginas na internet,1200.0
130002533262,Despesa com Impulsionamento de Conteúdos,2300.0
130002533262,Locação/cessão de bens imóveis,10500.0
130002533262,Publicidade por adesivos,1535.0
130002533262,Publicidade por materiais impressos,4930.0
130002533262,Serviços advocatícios,10000.0
130002533262,Serviços contábeis,9000.0
130002533262,Serviços prestados por terceiros,18050.0
130002533263,Cessão ou locação de veículos,8000.0
130002533263,Criação e inclusão de páginas na internet,1219.9
130002533263,Despesa com Impulsionamento de Conteúdos,3452.85
130002533263,Diversas a especificar,85.0
130002533263,"Encargos financeiros, taxas bancárias e/ou op. cartão de crédito",2.0
130002533263,Locação/cessão de bens imóveis,1000.0
130002533263,Serviços advocatícios,15500.0
130002533263,Serviços contábeis,5500.0
130002533263,Serviços prestados por terceiros,12199.0
130002533264,Atividades de militância e mobilização de rua,4000.0
130002533264,Cessão ou locação de veículos,256927.73
130002533264,Combustíveis e lubrificantes,8899.449999999999
130002533264,Despesa com Impulsionamento de Conteúdos,40000.0
130002533264,Despesas com pessoal,422258.05
130002533264,Despesas com transporte ou deslocamento,30000.0
130002533264,"Encargos financeiros, taxas bancárias e/ou op. cartão de crédito",11.0
130002533264,Locação/cessão de bens imóveis,8500.0
130002533264,Pesquisas ou testes eleitorais,6000.0
130002533264,"Produção de jingles, vinhetas e slogans",7100.0
130002533264,Publicidade por adesivos,20000.0
130002533264,Publicidade por materiais impressos,505420.83
130002533264,Serviços advocatícios,150000.0
130002533264,Serviços contábeis,125000.0
130002533267,Correspondências e despesas postais,6382.2
130002533267,Despesas com pessoal,7000.0
130002533267,Diversas a especificar,150.0
130002533267,"Encargos financeiros, taxas bancárias e/ou op. cartão de crédito",2.0
130002533267,Publicidade por materiais impressos,5800.0
130002533267,Serviços prestados por terceiros,60.0
130002533269,Publicidade por materiais impressos,4650.0
130002533271,Despesa com Impulsionamento de Conteúdos,1000.0
130002533271,Taxa de Administração de Financiamento Coletivo,10.91
130002533272,Alimentação,2953.0
130002533272,Cessão ou locação de veículos,10500.0
130002533272,Combustíveis e lubrificantes,1899.7199999999998
130002533272,Despesas com pessoal,73526.0
130002533272,Despesas com transporte ou deslocamento,580.52
130002533272,Eventos de promoção da candidatura,4800.0
130002533272,Locação/cessão de bens imóveis,2000.0
130002533272,"Produção de jingles, vinhetas e slogans",500.0
130002533272,Publicidade por carros de som,3100.0
130002533272,Publicidade por materiais impressos,20785.0
130002533272,Serviços advocatícios,25000.0
130002533272,Serviços contábeis,10000.0
130002533272,Serviços prestados por terceiros,7000.0
130002533273,Despesa com Impulsionamento de Conteúdos,5000.0
130002533273,Publicidade por materiais impressos,21900.0
130002534429,Alimentação,4620.35
130002534429,Atividades de militância e mobilização de rua,139800.0
130002534429,Cessão ou locação de veículos,10000.0
130002534429,Combustíveis e lubrificantes,4858.41
130002534429,Correspondências e despesas postais,7074.9
130002534429,Despesa com Impulsionamento de Conteúdos,21500.0
130002534429,Despesas com Hospedagem,3647.35
130002534429,Despesas com pessoal,201992.0
130002534429,Despesas com transporte ou deslocamento,2019.1
130002534429,"Encargos financeiros, taxas bancárias e/ou op. cartão de crédito",125.09
130002534429,Locação/cessão de bens imóveis,38000.0
130002534429,Locação/cessão de bens móveis (exceto veículos),12356.78
130002534429,Materiais de expediente,2951.89
130002534429,Publicidade por adesivos,581.0
130002534429,Publicidade por materiais impressos,235753.0
130002534429,"Segurança e prevenção, repressão e combate à violência política",16470.0
130002534429,Serviços advocatícios,5000.0
130002534429,Serviços contábeis,5477.26
130002534429,Serviços prestados por terceiros,48774.0
130002534429,Taxa de Administração de Financiamento Coletivo,65.65
130002534429,Telefone,329.90999999999997
130002534430,Correspondências e despesas postais,470.8
130002534430,"Encargos financeiros, taxas bancárias e/ou op. cartão de crédito",19.6
130002534430,Locação/cessão de bens imóveis,750.0
130002534430,Serviços prestados por terceiros,31500.0
130002534431,Despesas com transporte ou deslocamento,191.45
130002534431,"Encargos financeiros, taxas bancárias e/ou op. cartão de crédito",2.0
130002534431,Serviços prestados por terceiros,21700.0
130002534431,Taxa de Administração de Financiamento Coletivo,0.3
130002534433,Combustíveis e lubrificantes,364.52
130002534433,Serviços prestados por terceiros,3000.0
130002534454,Criação e inclusão de páginas na internet,6000.0
130002534454,Despesa com Impulsionamento de Conteúdos,7500.0
130002534454,"Encargos financeiros, taxas bancárias e/ou op. cartão de crédito",3.0
130002534454,"Produção de jingles, vinhetas e slogans",1700.0
130002534454,Publicidade por materiais impressos,3650.0
130002534454,Serviços prestados por terceiros,16000.0
130002534456,Despesa com Impulsionamento de Conteúdos,10000.0
130002534457,Atividades de militância e mobilização de rua,73399.0
130002534457,Correspondências e despesas postais,1595.55
130002534457,Despesa com Impulsionamento de Conteúdos,90000.0
130002534457,Despesas com pessoal,79227.81
130002534457,Despesas com transporte ou deslocamento,49000.0
130002534457,Doações financeiras a outros candidatos/partidos,9750.0
130002534457,"Encargos financeiros, taxas bancárias e/ou op. cartão de crédito",88.5
130002534457,Locação/cessão de bens imóveis,5000.0
130002534457,"Produção de jingles, vinhetas e slogans",10000.0
130002534457,"Produção de programas de rádio, televisão ou vídeo",800.0
130002534457,Publicidade por materiais impressos,183064.0
130002534457,Serviços prestados por terceiros,58805.0
130002534458,Atividades de militância e mobilização de rua,3000.0
130002534458,Despesa com Impulsionamento de Conteúdos,500.0
130002534458,"Encargos financeiros, taxas bancárias e/ou op. cartão de crédito",3.5
130002534458,Publicidade por adesivos,5278.5
130002534458,Publicidade por materiais impressos,6000.0
130002534458,Serviços prestados por terceiros,16500.0
130002534458,Taxa de Administração de Financiamento Coletivo,1.29
130002534459,Correspondências e despesas postais,287.58000000000004
130002534459,Despesa com Impulsionamento de Conteúdos,1500.0
130002534459,Doações financeiras a outros candidatos/partidos,22500.0
130002534459,"Encargos financeiros, taxas bancárias e/ou op. cartão de crédito",1.0
130002534459,"Produção de programas de rádio, televisão ou vídeo",9000.0
130002534459,Publicidade por materiais impressos,8201.0
130002534459,Serviços prestados por terceiros,15000.0
130002534459,Taxa de Administração de Financiamento Coletivo,49.38
130002534460,Atividades de militância e mobilização de rua,2300.0
130002534460,Serviços prestados por terceiros,1233.0
130002534461,Despesa com Impulsionamento de Conteúdos,3000.0
130002534461,"Encargos financeiros, taxas bancárias e/ou op. cartão de crédito",3.5
130002534461,"Impostos, contribuições e taxas",0.5
130002534461,"Produção de programas de rádio, televisão ou vídeo",8700.0
130002534461,Publicidade por materiais impressos,3570.0
130002534461,Serviços próprios prestados por terceiros,1666.66
130002534461,Taxa de Administração de Financiamento Coletivo,153.82
130002534462,Atividades de militância e mobilização de rua,13200.0
130002534462,Combustíveis e lubrificantes,427.49
130002534462,Despesas com transporte ou deslocamento,6600.0
130002534462,"Encargos financeiros, taxas bancárias e/ou op. cartão de crédito",3.0
130002534462,"Produção de programas de rádio, televisão ou vídeo",5000.0
130002534462,Publicidade por materiais impressos,12740.0
130002534462,Reembolsos de gastos realizados por eleitores,395.0
130002534462,Serviços prestados por terceiros,2000.0
130002534463,Despesa com Impulsionamento de Conteúdos,12500.0
130002534463,Despesas com pessoal,98355.3
130002534463,Doações financeiras a outros candidatos/partidos,15000.0
130002534463,"Encargos financeiros, taxas bancárias e/ou op. cartão de crédito",39.0
130002534463,Publicidade por materiais impressos,52600.0
130002534463,Serviços próprios prestados por terceiros,2000.0
130002534464,Atividades de militância e mobilização de rua,8740.0
130002534464,Despesa com Impulsionamento de Conteúdos,1000.0
130002534464,"Produção de programas de rádio, televisão ou vídeo",3840.0
130002534464,Serviços prestados por terceiros,2700.0
130002534465,Atividades de militância e mobilização de rua,53263.82
130002534465,Cessão ou locação de veículos,10089.8
130002534465,Criação e inclusão de páginas na internet,1000.0
130002534465,Despesa com Impulsionamento de Conteúdos,6489.0
130002534465,Despesas com Hospedagem,580.0
130002534465,"Encargos financeiros, taxas bancárias e/ou op. cartão de crédito",65.4
130002534465,Publicidade por materiais impressos,4166.46
130002534466,Despesa com Impulsionamento de Conteúdos,800.0
130002534466,"Encargos financeiros, taxas bancárias e/ou op. cartão de crédito",2.0
130002534466,Serviços prestados por terceiros,20000.0
130002534467,Alimentação,140.5
130002534467,Combustíveis e lubrificantes,697.1800000000001
130002534467,Correspondências e despesas postais,290.0
130002534467,Despesa com Impulsionamento de Conteúdos,105.0
130002534467,"Encargos financeiros, taxas bancárias e/ou op. cartão de crédito",3.5
130002534467,Serviços prestados por terceiros,10000.0
130002534468,Despesa com Impulsionamento de Conteúdos,14774.0
130002534468,"Encargos financeiros, taxas bancárias e/ou op. cartão de crédito",2.5
130002534468,Publicidade por materiais impressos,3995.0
130002534468,Serviços prestados por terceiros,10225.0
130002534469,Combustíveis e lubrificantes,593.23
130002534469,Despesa com Impulsionamento de Conteúdos,21800.0
130002534469,Despesas com pessoal,60080.0
130002534469,"Encargos financeiros, taxas bancárias e/ou op. cartão de crédito",3.5
130002534469,Materiais de expediente,107.22
130002534469,Publicidade por materiais impressos,6460.0
130002534469,Taxa de Administração de Financiamento Coletivo,0.99
130002534469,Água,71.4
130002534470,Publicidade por adesivos,130.0
130002534470,Publicidade por jornais e revistas,3800.0
130002534471,Atividades de militância e mobilização de rua,1250.0
130002534471,"Encargos financeiros, taxas bancárias e/ou op. cartão de crédito",2.5
130002534471,Eventos de promoção da candidatura,600.0
130002534471,Publicidade por adesivos,3740.0
130002534471,Publicidade por materiais impressos,3490.0
130002534472,Alimentação,136.0
130002534472,Atividades de militância e mobilização de rua,9000.0
130002534472,Combustíveis e lubrificantes,156.4
130002534472,Despesa com Impulsionamento de Conteúdos,3000.0
130002534472,Diversas a especificar,22704.59
130002534472,"Encargos financeiros, taxas bancárias e/ou op. cartão de crédito",5.5
130002534472,"Impostos, contribuições e taxas",18.2
130002534472,Publicidade por materiais impressos,3910.0
130002534472,Serviços prestados por terceiros,16707.0
130002534474,Despesas com pessoal,1320.87
130002534474,"Encargos financeiros, taxas bancárias e/ou op. cartão de crédito",5.5
130002534474,Eventos de promoção da candidatura,916.14
130002534474,Locação/cessão de bens imóveis,1535.0
130002534474,Serviços prestados por terceiros,14000.0
130002534474,Serviços próprios prestados por terceiros,4000.0
130002534474,Taxa de Administração de Financiamento Coletivo,41.57
130002534475,Serviços prestados por terceiros,10000.0
130002534476,Atividades de militância e mobilização de rua,6700.0
130002534476,Correspondências e despesas postais,1599.35
130002534476,Despesa com Impulsionamento de Conteúdos,9243.0
130002534476,Doações financeiras a outros candidatos/partidos,5531.5
130002534476,"Encargos financeiros, taxas bancárias e/ou op. cartão de crédito",10.0
130002534476,"Produção de programas de rádio, televisão ou vídeo",7500.0
130002534476,Publicidade por materiais impressos,7270.0
130002534476,Serviços prestados por terceiros,55940.0
130002534476,Taxa de Administração de Financiamento Coletivo,763.4799999999999
130002534477,Atividades de militância e mobilização de rua,3700.0
130002534477,Publicidade por carros de som,6250.0
130002534477,Publicidade por materiais impressos,3929.9
130002534478,Despesa com Impulsionamento de Conteúdos,500.0
130002534478,"Encargos financeiros, taxas bancárias e/ou op. cartão de crédito",4.0
130002534478,"Produção de jingles, vinhetas e slogans",2000.0
130002534478,Publicidade por materiais impressos,18875.0
130002534478,Taxa de Administração de Financiamento Coletivo,7.91
130002534480,Despesa com Impulsionamento de Conteúdos,40.0
130002534480,Despesas com pessoal,366.74
130002534480,Despesas com transporte ou deslocamento,267.0
130002534480,Diversas a especificar,0.5
130002534480,"Encargos financeiros, taxas bancárias e/ou op. cartão de crédito",4.0
130002534480,Publicidade por materiais impressos,1920.0
130002534480,Serviços prestados por terceiros,12611.0
130002534481,Atividades de militância e mobilização de rua,32300.0
130002534481,Correspondências e despesas postais,899.4
130002534481,"Encargos financeiros, taxas bancárias e/ou op. cartão de crédito",6.0
130002534481,"Produção de jingles, vinhetas e slogans",800.0
130002534481,Publicidade por materiais impressos,1290.0
130002534481,Serviços prestados por terceiros,2860.0
130002534481,Taxa de Administração de Financiamento Coletivo,96.57
130002534482,Atividades de militância e mobilização de rua,162.35
130002534482,Despesa com Impulsionamento de Conteúdos,4544.7
130002534482,Diversas a especificar,40.0
130002534482,"Produção de jingles, vinhetas e slogans",51.75
130002534483,"Encargos financeiros, taxas bancárias e/ou op. cartão de crédito",1.5
130002534483,"Produção de programas de rádio, televisão ou vídeo",1500.0
130002534483,Publicidade por materiais impressos,1990.0
130002534483,Serviços prestados por terceiros,5000.0
130002534486,"Encargos financeiros, taxas bancárias e/ou op. cartão de crédito",2.0
130002534486,Publicidade por materiais impressos,7970.0
130002534486,Taxa de Administração de Financiamento Coletivo,64.44
130002534487,Despesa com Impulsionamento de Conteúdos,980.0
130002534487,Despesas com pessoal,8840.0
130002534487,"Encargos financeiros, taxas bancárias e/ou op. cartão de crédito",7.0
130002534487,Publicidade por adesivos,2520.0
130002534487,Publicidade por materiais impressos,21190.0
130002534487,Serviços prestados por terceiros,4200.0
130002534488,Despesa com Impulsionamento de Conteúdos,35000.0
130002534488,Despesas com transporte ou deslocamento,8000.0
130002534488,"Encargos financeiros, taxas bancárias e/ou op. cartão de crédito",0.5
130002534488,Publicidade por materiais impressos,5006.0
130002534489,Atividades de militância e mobilização de rua,3600.0
130002534489,"Encargos financeiros, taxas bancárias e/ou op. cartão de crédito",5.0
130002534489,"Produção de jingles, vinhetas e slogans",26500.0
130002534489,Publicidade por materiais impressos,480.0
130002534489,Serviços prestados por terceiros,2000.0
130002534489,Taxa de Administração de Financiamento Coletivo,12.32
130002534490,Despesa com Impulsionamento de Conteúdos,1000.0
130002534490,Despesas com pessoal,50000.0
130002534490,"Encargos financeiros, taxas bancárias e/ou op. cartão de crédito",3.0
130002534490,Locação/cessão de bens imóveis,11000.0
130002534490,Publicidade por materiais impressos,11900.0
130002534491,Atividades de militância e mobilização de rua,2968.0
130002534491,"Impostos, contribuições e taxas",1.5
130002534491,Publicidade por materiais impressos,1525.0
130002534491,Taxa de Administração de Financiamento Coletivo,2.19
130002534492,Atividades de militância e mobilização de rua,400.0
130002534492,"Encargos financeiros, taxas bancárias e/ou op. cartão de crédito",0.5
130002534492,Publicidade por materiais impressos,3900.0
130002534493,Atividades de militância e mobilização de rua,2634.0
130002534493,Cessão ou locação de veículos,2000.0
130002534493,Combustíveis e lubrificantes,500.0
130002534493,"Encargos financeiros, taxas bancárias e/ou op. cartão de crédito",1.5
130002534493,Materiais de expediente,18.0
130002534493,"Produção de jingles, vinhetas e slogans",3900.0
130002534493,Publicidade por materiais impressos,6580.0
130002534493,Serviços prestados por terceiros,3000.0
130002534494,Criação e inclusão de páginas na internet,82.81
130002534494,Despesa com Impulsionamento de Conteúdos,4000.0
130002534494,"Encargos financeiros, taxas bancárias e/ou op. cartão de crédito",1.0
130002534494,"Produção de programas de rádio, televisão ou vídeo",5000.0
130002534495,Cessão ou locação de veículos,2000.0
130002534495,Combustíveis e lubrificantes,527.2
130002534495,Despesa com Impulsionamento de Conteúdos,7750.83
130002534495,"Encargos financeiros, taxas bancárias e/ou op. cartão de crédito",1.0
130002534495,Publicidade por adesivos,250.0
130002534495,Publicidade por materiais impressos,1550.0
130002534496,Atividades de militância e mobilização de rua,100.0
130002534496,Despesa com Impulsionamento de Conteúdos,3250.0
130002534496,"Encargos financeiros, taxas bancárias e/ou op. cartão de crédito",3.0
130002534496,Publicidade por materiais impressos,4760.0
130002534496,Taxa de Administração de Financiamento Coletivo,75.36
130002534497,Atividades de militância e mobilização de rua,38950.0
130002534497,Despesa com Impulsionamento de Conteúdos,2106.2
130002534497,Diversas a especificar,3300.0
130002534497,"Encargos financeiros, taxas bancárias e/ou op. cartão de crédito",16.0
130002534497,Locação/cessão de bens imóveis,1150.0
130002534497,"Produção de jingles, vinhetas e slogans",609.6
130002534497,Publicidade por materiais impressos,7732.4
130002534497,Serviços prestados por terceiros,10227.46
130002534497,Taxa de Administração de Financiamento Coletivo,152.62
130002534498,Alimentação,141.93
130002534498,Atividades de militância e mobilização de rua,5000.0
130002534498,Combustíveis e lubrificantes,625.92
130002534498,Despesas com Hospedagem,400.0
130002534498,Despesas com pessoal,1275.9
130002534498,"Encargos financeiros, taxas bancárias e/ou op. cartão de crédito",4.5
130002534498,Locação/cessão de bens imóveis,3000.0
130002534498,Publicidade por adesivos,300.0
130002534498,Serviços prestados por terceiros,200.0
130002534499,Atividades de militância e mobilização de rua,64850.0
130002534499,Criação e inclusão de páginas na internet,18000.0
130002534499,Despesa com Impulsionamento de Conteúdos,9000.0
130002534499,Despesas com pessoal,18950.0
130002534499,Despesas com transporte ou deslocamento,4000.0
130002534499,"Encargos financeiros, taxas bancárias e/ou op. cartão de crédito",15.0
130002534499,Eventos de promoção da candidatura,11000.0
130002534499,Locação/cessão de bens imóveis,2000.0
130002534499,Materiais de expediente,84.9
130002534499,"Produção de jingles, vinhetas e slogans",3299.0
130002534499,"Produção de programas de rádio, televisão ou vídeo",10003.8
130002534499,Publicidade por materiais impressos,26209.05
130002534499,Serviços prestados por terceiros,20320.0
130002534500,Atividades de militância e mobilização de rua,4000.0
130002534500,Despesa com Impulsionamento de Conteúdos,100.0
130002534500,"Encargos financeiros, taxas bancárias e/ou op. cartão de crédito",9.5
130002534500,Publicidade por adesivos,250.0
130002534500,Publicidade por materiais impressos,1498.3
130002534500,Serviços prestados por terceiros,52300.0
130002534502,Publicidade por materiais impressos,432.0
130002534502,Serviços prestados por terceiros,1700.0
130002535276,Cessão ou locação de veículos,48000.0
130002535276,Despesa com Impulsionamento de Conteúdos,30000.0
130002535276,Despesas com pessoal,946463.0
130002535276,Diversas a especificar,50000.0
130002535276,"Encargos financeiros, taxas bancárias e/ou op. cartão de crédito",89.8
130002535276,Locação/cessão de bens imóveis,148750.0
130002535276,Locação/cessão de bens móveis (exceto veículos),10700.0
130002535276,"Produção de programas de rádio, televisão ou vídeo",75000.0
130002535276,Pré-instalação física de comitê de campanha,2420.0
130002535276,Publicidade por adesivos,182655.0
130002535276,Publicidade por materiais impressos,35816.0
130002535276,Serviços contábeis,15000.0
130002535276,Serviços prestados por terceiros,1850.0
130002535277,Serviços advocatícios,1000.0
130002535277,Serviços contábeis,1000.0
130002535278,Cessão ou locação de veículos,3000.0
130002535278,Despesas com pessoal,16000.0
130002535278,"Encargos financeiros, taxas bancárias e/ou op. cartão de crédito",4.5
130002535278,Publicidade por materiais impressos,2625.0
130002535278,Serviços contábeis,3000.0
130002535278,Serviços prestados por terceiros,27000.0
130002535279,Cessão ou locação de veículos,92970.26
130002535279,Combustíveis e lubrificantes,9034.11
130002535279,Correspondências e despesas postais,2397.6
130002535279,Despesa com Impulsionamento de Conteúdos,150000.0
130002535279,Despesas com pessoal,291640.0
130002535279,Diversas a especificar,33000.0
130002535279,"Encargos financeiros, taxas bancárias e/ou op. cartão de crédito",39.6
130002535279,Locação/cessão de bens imóveis,24000.0
130002535279,Locação/cessão de bens móveis (exceto veículos),12531.84
130002535279,"Produção de jingles, vinhetas e slogans",6720.0
130002535279,Publicidade por adesivos,97710.0
130002535279,Publicidade por carros de som,10000.0
130002535279,Publicidade por materiais impressos,638590.0
130002535279,Serviços advocatícios,80000.0
130002535279,Serviços contábeis,20000.0
130002535279,Serviços prestados por terceiros,20594.0
130002535280,Publicidade por materiais impressos,1845.0
130002535281,Atividades de militância e mobilização de rua,10400.0
130002535281,Cessão ou locação de veículos,4000.0
130002535281,Combustíveis e lubrificantes,1500.0
130002535281,Despesas com pessoal,20850.0
130002535281,"Encargos financeiros, taxas bancárias e/ou op. cartão de crédito",9.5
130002535281,Publicidade por materiais impressos,43102.5
130002535281,Serviços advocatícios,65000.0
130002535281,Serviços contábeis,65000.0
130002535281,Serviços prestados por terceiros,12000.0
130002535282,Cessão ou locação de veículos,97200.0
130002535282,Correspondências e despesas postais,1186.0
130002535282,Despesa com Impulsionamento de Conteúdos,100000.0
130002535282,Despesas com pessoal,1039522.0
130002535282,Despesas com transporte ou deslocamento,42900.0
130002535282,"Encargos financeiros, taxas bancárias e/ou op. cartão de crédito",19.5
130002535282,Locação/cessão de bens imóveis,71892.0
130002535282,"Produção de programas de rádio, televisão ou vídeo",25000.0
130002535282,Publicidade por adesivos,10108.0
130002535282,Publicidade por jornais e revistas,2780.0
130002535282,Publicidade por materiais impressos,173636.5
130002535282,Serviços advocatícios,30000.0
130002535282,Serviços contábeis,30000.0
130002535282,Serviços prestados por terceiros,126000.0
130002535283,Alimentação,1036.85
130002535283,Atividades de militância e mobilização de rua,125672.0
130002535283,Cessão ou locação de veículos,21600.0
130002535283,Combustíveis e lubrificantes,5504.96
130002535283,Despesa com Impulsionamento de Conteúdos,4499.0
130002535283,Despesas com pessoal,53643.5
130002535283,Despesas com transporte ou deslocamento,4444.0
130002535283,Diversas a especificar,204.67
130002535283,"Encargos financeiros, taxas bancárias e/ou op. cartão de crédito",53.6
130002535283,Energia elétrica,261.53
130002535283,Locação/cessão de bens imóveis,14332.87
130002535283,Locação/cessão de bens móveis (exceto veículos),3000.0
130002535283,"Produção de jingles, vinhetas e slogans",2530.0
130002535283,"Produção de programas de rádio, televisão ou vídeo",12500.0
130002535283,Publicidade por adesivos,28550.0
130002535283,Publicidade por materiais impressos,67639.0
130002535283,Serviços prestados por terceiros,162.82
130002535283,Serviços próprios prestados por terceiros,157.6
130002535283,Taxa de Administração de Financiamento Coletivo,320.42
130002535283,Água,71.12
130002535284,Criação e inclusão de páginas na internet,117.91
130002535284,Despesa com Impulsionamento de Conteúdos,10000.0
130002535284,Despesas com pessoal,126594.0
130002535284,"Encargos financeiros, taxas bancárias e/ou op. cartão de crédito",3.5
130002535284,Publicidade por jornais e revistas,1000.0
130002535284,Publicidade por materiais impressos,4700.0
130002535284,Serviços advocatícios,9542.97
130002535284,Serviços contábeis,9542.97
130002535284,Serviços prestados por terceiros,69915.0
130002535284,Taxa de Administração de Financiamento Coletivo,26.53
130002535285,Cessão ou locação de veículos,17262.0
130002535285,Combustíveis e lubrificantes,3026.2
130002535285,Correspondências e despesas postais,4943.2
130002535285,Despesa com Impulsionamento de Conteúdos,675900.0
130002535285,Despesas com pessoal,152519.0
130002535285,Despesas com transporte ou deslocamento,355.0
130002535285,Diversas a especificar,136.67
130002535285,"Encargos financeiros, taxas bancárias e/ou op. cartão de crédito",31.5
130002535285,Locação/cessão de bens imóveis,33004.0
130002535285,Publicidade por materiais impressos,203282.5
130002535285,Serviços advocatícios,5000.0
130002535285,Serviços contábeis,5000.0
130002535285,Taxa de Administração de Financiamento Coletivo,8.35
130002535286,Atividades de militância e mobilização de rua,62563.0
130002535286,Despesas com pessoal,109800.0
130002535286,"Encargos financeiros, taxas bancárias e/ou op. cartão de crédito",1.5
130002535286,Locação/cessão de bens imóveis,4990.0
130002535286,"Produção de jingles, vinhetas e slogans",2000.0
130002535286,Publicidade por adesivos,27775.0
130002535286,Publicidade por materiais impressos,350509.99
130002535287,Cessão ou locação de veículos,15000.0
130002535287,Despesas com pessoal,5000.0
130002535287,Publicidade por adesivos,18225.0
130002535287,Publicidade por carros de som,11346.0
130002535287,Publicidade por materiais impressos,47400.0
130002535287,Serviços advocatícios,40000.0
130002535287,Serviços contábeis,16200.0
130002535288,Alimentação,501.98
130002535288,Atividades de militância e mobilização de rua,11000.0
130002535288,Cessão ou locação de veículos,5000.0
130002535288,Combustíveis e lubrificantes,616.06
130002535288,Despesas com Hospedagem,385.0
130002535288,Despesas com pessoal,15500.0
130002535288,"Encargos financeiros, taxas bancárias e/ou op. cartão de crédito",2.5
130002535288,Publicidade por materiais impressos,1845.0
130002535288,Serviços contábeis,4000.0
130002535288,Serviços prestados por terceiros,9000.0
130002535289,Serviços advocatícios,1000.0
130002535289,Serviços contábeis,1000.0
130002535290,Aquisição/Doação de bens móveis ou imóveis,475.0
130002535290,Atividades de militância e mobilização de rua,267397.5
130002535290,Cessão ou locação de veículos,37650.0
130002535290,Combustíveis e lubrificantes,5778.49
130002535290,Despesa com Impulsionamento de Conteúdos,70000.0
130002535290,Despesas com pessoal,774753.0
130002535290,Despesas com transporte ou deslocamento,1900.0
130002535290,"Encargos financeiros, taxas bancárias e/ou op. cartão de crédito",193.29999999999998
130002535290,Eventos de promoção da candidatura,5000.0
130002535290,Locação/cessão de bens imóveis,24500.0
130002535290,Locação/cessão de bens móveis (exceto veículos),7800.0
130002535290,"Produção de programas de rádio, televisão ou vídeo",17500.0
130002535290,Publicidade por adesivos,21032.28
130002535290,Publicidade por materiais impressos,361516.78
130002535290,Serviços advocatícios,35000.0
130002535290,Serviços contábeis,35000.0
130002535290,Serviços prestados por terceiros,393226.0
130002535290,Serviços próprios prestados por terceiros,42000.0
130002535291,Cessão ou locação de veículos,32000.0
130002535291,Combustíveis e lubrificantes,3353.75
130002535291,Correspondências e despesas postais,6567.33
130002535291,Despesa com Impulsionamento de Conteúdos,1000.0
130002535291,Despesas com pessoal,40400.0
130002535291,Diversas a especificar,67000.0
130002535291,"Encargos financeiros, taxas bancárias e/ou op. cartão de crédito",6.0
130002535291,"Produção de jingles, vinhetas e slogans",23280.0
130002535291,Publicidade por adesivos,16355.68
130002535291,Publicidade por materiais impressos,46880.0
130002535291,Serviços advocatícios,1000.0
130002535291,Serviços contábeis,20500.0
130002535293,Cessão ou locação de veículos,51700.0
130002535293,Despesa com Impulsionamento de Conteúdos,15000.0
130002535293,"Encargos financeiros, taxas bancárias e/ou op. cartão de crédito",23.8
130002535293,Locação/cessão de bens imóveis,42200.0
130002535293,Locação/cessão de bens móveis (exceto veículos),3085.0
130002535293,Materiais de expediente,933.4599999999999
130002535293,Publicidade por adesivos,11600.0
130002535293,Publicidade por materiais impressos,127605.0
130002535293,Serviços prestados por terceiros,110021.0
130002535294,Atividades de militância e mobilização de rua,44750.0
130002535294,Despesa com Impulsionamento de Conteúdos,30000.0
130002535294,Diversas a especificar,301.6
130002535294,"Encargos financeiros, taxas bancárias e/ou op. cartão de crédito",19.0
130002535294,Locação/cessão de bens imóveis,16500.0
130002535294,Publicidade por materiais impressos,75686.6
130002535294,Serviços advocatícios,60000.0
130002535294,Serviços prestados por terceiros,152106.66
130002535295,Publicidade por materiais impressos,810.0
130002535296,Atividades de militância e mobilização de rua,7550.0
130002535296,Despesa com Impulsionamento de Conteúdos,1000.0
130002535296,"Encargos financeiros, taxas bancárias e/ou op. cartão de crédito",39.0
130002535296,Publicidade por adesivos,3840.0
130002535296,Publicidade por carros de som,5000.0
130002535296,Serviços prestados por terceiros,790.0
130002535297,Combustíveis e lubrificantes,632.7
130002535297,Despesas com Hospedagem,1700.0
130002535297,Despesas com pessoal,65100.0
130002535297,Diversas a especificar,10300.0
130002535297,"Encargos financeiros, taxas bancárias e/ou op. cartão de crédito",5.5
130002535297,Locação/cessão de bens móveis (exceto veículos),656.0
130002535297,Publicidade por materiais impressos,13563.0
130002535297,Serviços contábeis,10000.0
130002535298,"Encargos financeiros, taxas bancárias e/ou op. cartão de crédito",1.0
130002535298,Locação/cessão de bens imóveis,5000.0
130002535298,Publicidade por materiais impressos,5250.0
130002535299,Atividades de militância e mobilização de rua,11000.0
130002535299,Combustíveis e lubrificantes,68.9
130002535299,"Encargos financeiros, taxas bancárias e/ou op. cartão de crédito",3.0
130002535299,Publicidade por carros de som,10000.0
130002535299,Publicidade por materiais impressos,4265.0
130002535299,Serviços contábeis,10000.0
130002535300,Alimentação,575.09
130002535300,Cessão ou locação de veículos,16000.0
130002535300,Combustíveis e lubrificantes,26414.07
130002535300,Despesa com Impulsionamento de Conteúdos,31500.0
130002535300,Despesas com Hospedagem,1951.6
130002535300,Despesas com pessoal,514387.39999999997
130002535300,Diversas a especificar,28720.0
130002535300,"Encargos financeiros, taxas bancárias e/ou op. cartão de crédito",149.9
130002535300,Locação/cessão de bens imóveis,98500.0
130002535300,Locação/cessão de bens móveis (exceto veículos),10300.0
130002535300,Publicidade por adesivos,105350.1
130002535300,Publicidade por materiais impressos,914528.1
130002535300,Serviços advocatícios,60000.0
130002535300,Serviços contábeis,96000.0
130002535300,Serviços prestados por terceiros,165520.0
130002535301,Cessão ou locação de veículos,11027.79
130002535301,Combustíveis e lubrificantes,4666.27
130002535301,Correspondências e despesas postais,15528.400000000001
130002535301,Despesa com Impulsionamento de Conteúdos,15000.0
130002535301,Despesas com pessoal,265189.9
130002535301,Diversas a especificar,104813.4
130002535301,"Encargos financeiros, taxas bancárias e/ou op. cartão de crédito",124.7
130002535301,"Impostos, contribuições e taxas",1000.0
130002535301,Locação/cessão de bens imóveis,41170.0
130002535301,Publicidade por jornais e revistas,2000.0
130002535301,Publicidade por materiais impressos,66271.5
130002535301,Serviços advocatícios,57000.0
130002535301,Serviços contábeis,40000.0
130002535301,Serviços prestados por terceiros,3000.0
130002535301,Taxa de Administração de Financiamento Coletivo,2419.37
130002535302,Despesas com pessoal,24200.0
130002535302,"Encargos financeiros, taxas bancárias e/ou op. cartão de crédito",2.5
130002535303,Atividades de militância e mobilização de rua,316712.0
130002535303,Cessão ou locação de veículos,36306.44
130002535303,Combustíveis e lubrificantes,7335.67
130002535303,Correspondências e despesas postais,12243.67
130002535303,Despesa com Impulsionamento de Conteúdos,14250.0
130002535303,Despesas com pessoal,485045.5
130002535303,Locação/cessão de bens imóveis,45949.04
130002535303,Locação/cessão de bens móveis (exceto veículos),450.0
130002535303,Materiais de expediente,12960.0
130002535303,"Produção de jingles, vinhetas e slogans",500.0
130002535303,Publicidade por adesivos,158875.0
130002535303,Publicidade por materiais impressos,562193.5
130002535303,Serviços advocatícios,30000.0
130002535303,Serviços contábeis,26000.0
130002535303,Serviços prestados por terceiros,327.0
130002535303,Serviços próprios prestados por terceiros,309.93
130002535304,Despesa com Impulsionamento de Conteúdos,2000.0
130002535305,Criação e inclusão de páginas na internet,6900.0
130002535305,Despesas com pessoal,36901.5
130002535305,Diversas a especificar,62323.0
130002535305,"Encargos financeiros, taxas bancárias e/ou op. cartão de crédito",42.7
130002535305,Serviços contábeis,0.0
130002535305,Taxa de Administração de Financiamento Coletivo,31.39
130002535306,Cessão ou locação de veículos,1000.0
130002535306,Combustíveis e lubrificantes,4500.0
130002535306,Despesa com Impulsionamento de Conteúdos,47080.0
130002535306,Despesas com pessoal,61150.0
130002535306,Locação/cessão de bens imóveis,1250.0
130002535306,"Produção de jingles, vinhetas e slogans",12500.0
130002535306,Publicidade por adesivos,34200.0
130002535306,Publicidade por materiais impressos,89199.8
130002535306,Serviços advocatícios,20000.0
130002535306,Serviços contábeis,5000.0
130002535308,Atividades de militância e mobilização de rua,4860.0
130002535308,Despesas com pessoal,5000.0
130002535308,Diversas a especificar,349.0
130002535308,"Encargos financeiros, taxas bancárias e/ou op. cartão de crédito",3.0
130002535308,Publicidade por materiais impressos,3325.0
130002535308,Serviços advocatícios,5000.0
130002535308,Serviços contábeis,4200.0
130002535308,Serviços próprios prestados por terceiros,10000.0
130002535308,Taxa de Administração de Financiamento Coletivo,2.49
130002535309,Combustíveis e lubrificantes,370.57000000000005
130002535309,Despesas com pessoal,13600.0
130002535309,Publicidade por materiais impressos,7660.0
130002535309,Serviços advocatícios,5000.0
130002535309,Serviços contábeis,10000.0
130002535313,Cessão ou locação de veículos,88954.0
130002535313,Combustíveis e lubrificantes,17831.03
130002535313,Despesa com Impulsionamento de Conteúdos,30000.0
130002535313,Despesas com pessoal,217793.0
130002535313,"Encargos financeiros, taxas bancárias e/ou op. cartão de crédito",28.1
130002535313,Locação/cessão de bens imóveis,39200.0
130002535313,Pré-instalação física de comitê de campanha,526.6
130002535313,Publicidade por adesivos,421478.45
130002535313,Publicidade por carros de som,34500.0
130002535313,Publicidade por materiais impressos,538676.0
130002535313,Serviços advocatícios,20000.0
130002535313,Serviços contábeis,40000.0
130002535313,Serviços prestados por terceiros,136000.0
130002535314,Correspondências e despesas postais,241.0
130002535314,Despesa com Impulsionamento de Conteúdos,10000.0
130002535314,Despesas com pessoal,689154.7
130002535314,Despesas com transporte ou deslocamento,4500.0
130002535314,Diversas a especificar,3419.98
130002535314,"Encargos financeiros, taxas bancárias e/ou op. cartão de crédito",29.45
130002535314,Locação/cessão de bens imóveis,37500.0
130002535314,Locação/cessão de bens móveis (exceto veículos),290.0
130002535314,"Produção de programas de rádio, televisão ou vídeo",152940.0
130002535314,Publicidade por materiais impressos,221831.11
130002535314,Serviços advocatícios,117000.0
130002535314,Serviços contábeis,30000.0
130002535314,Taxa de Administração de Financiamento Coletivo,16.95
130002535314,Água,205.86
130002535315,Alimentação,4320.0
130002535315,Aquisição/Doação de bens móveis ou imóveis,42260.0
130002535315,Atividades de militância e mobilização de rua,469000.0
130002535315,Cessão ou locação de veículos,38868.0
130002535315,Combustíveis e lubrificantes,2462.31
130002535315,Correspondências e despesas postais,1209.69
130002535315,Despesa com Impulsionamento de Conteúdos,151000.0
130002535315,Despesas com pessoal,90000.0
130002535315,"Encargos financeiros, taxas bancárias e/ou op. cartão de crédito",54.1
130002535315,Eventos de promoção da candidatura,4200.0
130002535315,Locação/cessão de bens imóveis,15750.0
130002535315,"Produção de programas de rádio, televisão ou vídeo",39000.0
130002535315,Publicidade por adesivos,58850.0
130002535315,Publicidade por carros de som,11200.0
130002535315,Publicidade por materiais impressos,34752.4
130002535315,Serviços advocatícios,60000.0
130002535315,Serviços contábeis,45000.0
130002535315,Serviços prestados por terceiros,475400.0
130002535315,Serviços próprios prestados por terceiros,8000.0
130002535315,Taxa de Administração de Financiamento Coletivo,100.28
130002535316,Atividades de militância e mobilização de rua,23000.0
130002535316,Serviços advocatícios,25000.0
130002535316,Serviços contábeis,3500.0
130002535316,Serviços prestados por terceiros,6700.0
130002535316,Taxa de Administração de Financiamento Coletivo,301.92
130002535317,Cessão ou locação de veículos,47736.0
130002535317,Despesa com Impulsionamento de Conteúdos,108000.0
130002535317,Despesas com pessoal,226636.31
130002535317,Despesas com transporte ou deslocamento,49950.0
130002535317,Diversas a especificar,38445.0
130002535317,"Encargos financeiros, taxas bancárias e/ou op. cartão de crédito",130.6
130002535317,Eventos de promoção da candidatura,650.0
130002535317,Locação/cessão de bens imóveis,30800.0
130002535317,Publicidade por adesivos,130526.89
130002535317,Publicidade por materiais impressos,171209.88
130002535317,Serviços advocatícios,10000.0
130002535317,Serviços contábeis,20000.0
130002535317,Serviços prestados por terceiros,24000.0
130002535318,Alimentação,293.7
130002535318,Atividades de militância e mobilização de rua,107991.0
130002535318,Cessão ou locação de veículos,14721.619999999999
130002535318,Correspondências e despesas postais,5000.0
130002535318,Despesa com Impulsionamento de Conteúdos,4000.0
130002535318,Despesas com Hospedagem,1846.0
130002535318,Despesas com pessoal,12520.0
130002535318,Diversas a especificar,6245.0
130002535318,"Encargos financeiros, taxas bancárias e/ou op. cartão de crédito",3.5
130002535318,Locação/cessão de bens imóveis,33000.0
130002535318,Locação/cessão de bens móveis (exceto veículos),926.8
130002535318,Publicidade por adesivos,51226.630000000005
130002535318,Publicidade por carros de som,400.0
130002535318,Publicidade por materiais impressos,60363.3
130002535319,Cessão ou locação de veículos,87720.2
130002535319,Combustíveis e lubrificantes,4351.38
130002535319,Correspondências e despesas postais,3540.75
130002535319,Despesa com Impulsionamento de Conteúdos,60000.0
130002535319,Despesas com pessoal,283671.83
130002535319,Diversas a especificar,166850.0
130002535319,"Encargos financeiros, taxas bancárias e/ou op. cartão de crédito",36.8
130002535319,Locação/cessão de bens imóveis,42646.0
130002535319,Locação/cessão de bens móveis (exceto veículos),6000.0
130002535319,Materiais de expediente,600.0
130002535319,"Produção de jingles, vinhetas e slogans",2500.0
130002535319,Publicidade por adesivos,41681.31
130002535319,Publicidade por materiais impressos,131513.0
130002535319,Serviços advocatícios,6000.0
130002535319,Serviços contábeis,24000.0
130002535319,Serviços prestados por terceiros,155000.0
130002537181,Publicidade por materiais impressos,99484.0
130002537182,Atividades de militância e mobilização de rua,116026.0
130002537182,Cessão ou locação de veículos,39500.0
130002537182,Diversas a especificar,1000.0
130002537182,"Encargos financeiros, taxas bancárias e/ou op. cartão de crédito",71.4
130002537182,Locação/cessão de bens imóveis,40600.0
130002537182,Materiais de expediente,70.0
130002537182,Publicidade por adesivos,25600.0
130002537182,Publicidade por jornais e revistas,350.0
130002537182,Publicidade por materiais impressos,13950.0
130002537182,Serviços contábeis,28000.0
130002537182,Serviços prestados por terceiros,260490.0
130002537183,Despesa com Impulsionamento de Conteúdos,2000.0
130002537183,Despesas com pessoal,10000.0
130002537184,Atividades de militância e mobilização de rua,48993.5
130002537184,Despesas com pessoal,35000.0
130002537184,"Encargos financeiros, taxas bancárias e/ou op. cartão de crédito",6.5
130002537184,Locação/cessão de bens imóveis,16000.0
130002537185,Alimentação,2730.14
130002537185,Cessão ou locação de veículos,27000.0
130002537185,Despesa com Impulsionamento de Conteúdos,11500.0
130002537185,Despesas com pessoal,3000.0
130002537185,Diversas a especificar,72800.0
130002537185,"Encargos financeiros, taxas bancárias e/ou op. cartão de crédito",1.0
130002537185,Serviços contábeis,35000.0
130002537185,Água,30.0
130002537186,Atividades de militância e mobilização de rua,6214.0
130002537186,Despesa com Impulsionamento de Conteúdos,5000.0
130002537186,Despesas com pessoal,5000.0
130002537186,"Encargos financeiros, taxas bancárias e/ou op. cartão de crédito",15.1
130002537186,Locação/cessão de bens imóveis,5000.0
130002537186,Publicidade por materiais impressos,36992.0
130002537186,Serviços contábeis,5250.0
130002537186,Serviços próprios prestados por terceiros,35000.0
130002537188,Cessão ou locação de veículos,5200.0
130002537188,Combustíveis e lubrificantes,1706.83
130002537188,Despesa com Impulsionamento de Conteúdos,10000.0
130002537188,Despesas com pessoal,54918.0
130002537188,Diversas a especificar,9900.0
130002537188,"Encargos financeiros, taxas bancárias e/ou op. cartão de crédito",5.0
130002537188,Locação/cessão de bens imóveis,3800.0
130002537188,Materiais de expediente,6200.0
130002537188,"Produção de jingles, vinhetas e slogans",450.0
130002537188,Publicidade por adesivos,11522.0
130002537188,Serviços advocatícios,8000.0
130002537188,Serviços prestados por terceiros,1700.0
130002537189,Combustíveis e lubrificantes,857.54
130002537189,Despesa com Impulsionamento de Conteúdos,4830.24
130002537189,Despesas com pessoal,21259.0
130002537189,Diversas a especificar,12388.0
130002537189,"Encargos financeiros, taxas bancárias e/ou op. cartão de crédito",12.0
130002537189,Eventos de promoção da candidatura,20000.0
130002537189,Locação/cessão de bens imóveis,35000.0
130002537189,Publicidade por materiais impressos,8964.95
130002537191,Combustíveis e lubrificantes,1050.0
130002537191,Despesa com Impulsionamento de Conteúdos,3000.0
130002537191,"Encargos financeiros, taxas bancárias e/ou op. cartão de crédito",3.5
130002537191,Locação/cessão de bens imóveis,5000.0
130002537191,Serviços advocatícios,15000.0
130002537191,Serviços contábeis,11000.0
130002537191,Serviços prestados por terceiros,98180.0
130002537191,Serviços próprios prestados por terceiros,15000.0
130002537193,Publicidade por materiais impressos,19290.0
130002537194,Atividades de militância e mobilização de rua,25000.0
130002537194,"Encargos financeiros, taxas bancárias e/ou op. cartão de crédito",39.0
130002537194,Publicidade por materiais impressos,304.0
130002537195,Atividades de militância e mobilização de rua,11000.0
130002537195,Criação e inclusão de páginas na internet,1000.0
130002537195,Despesas com pessoal,19500.0
130002537195,"Encargos financeiros, taxas bancárias e/ou op. cartão de crédito",16.6
130002537195,Locação/cessão de bens imóveis,2800.0
130002537195,"Produção de programas de rádio, televisão ou vídeo",25000.0
130002537195,Serviços prestados por terceiros,63000.0
130002537196,Atividades de militância e mobilização de rua,23484.0
130002537196,Combustíveis e lubrificantes,10000.0
130002537196,Despesa com Impulsionamento de Conteúdos,28000.0
130002537196,Despesas com pessoal,6484.0
130002537196,"Encargos financeiros, taxas bancárias e/ou op. cartão de crédito",348.8
130002537196,Publicidade por materiais impressos,108500.0
130002537197,Publicidade por materiais impressos,99484.0
130002537198,Atividades de militância e mobilização de rua,144344.13999999998
130002537198,Cessão ou locação de veículos,17900.0
130002537198,Combustíveis e lubrificantes,1157.51
130002537198,Despesa com Impulsionamento de Conteúdos,30000.0
130002537198,Despesas com pessoal,9500.78
130002537198,Diversas a especificar,13160.0
130002537198,"Encargos financeiros, taxas bancárias e/ou op. cartão de crédito",53.0
130002537198,Publicidade por materiais impressos,63700.0
130002537198,Serviços prestados por terceiros,53970.79
130002537198,Serviços próprios prestados por terceiros,1500.24
130002537199,Correspondências e despesas postais,1803.76
130002537199,Despesa com Impulsionamento de Conteúdos,21000.0
130002537199,Diversas a especificar,641.47
130002537199,Locação/cessão de bens imóveis,500.0
130002537199,Materiais de expediente,542.45
130002537199,Publicidade por adesivos,31127.5
130002537199,Publicidade por materiais impressos,58175.0
130002537199,Serviços advocatícios,24000.0
130002537199,Serviços contábeis,16000.0
130002537200,Cessão ou locação de veículos,2000.0
130002537200,Combustíveis e lubrificantes,230.03
130002537200,Despesa com Impulsionamento de Conteúdos,9000.0
130002537200,"Encargos financeiros, taxas bancárias e/ou op. cartão de crédito",10.8
130002537200,Locação/cessão de bens imóveis,2000.0
130002537200,Publicidade por materiais impressos,15958.97
130002537200,Serviços contábeis,16000.0
130002537200,Serviços prestados por terceiros,56000.0
130002537201,Atividades de militância e mobilização de rua,57000.0
130002537201,Criação e inclusão de páginas na internet,69.99
130002537201,Despesa com Impulsionamento de Conteúdos,2500.0
130002537201,Diversas a especificar,139.17000000000002
130002537201,"Encargos financeiros, taxas bancárias e/ou op. cartão de crédito",68.5
130002537201,Locação/cessão de bens imóveis,3000.0
130002537201,Publicidade por jornais e revistas,350.0
130002537201,Publicidade por materiais impressos,1560.0
130002537201,Serviços advocatícios,60000.0
130002537201,Serviços contábeis,29000.0
130002537201,Serviços prestados por terceiros,104880.0
130002537202,Atividades de militância e mobilização de rua,373400.0
130002537202,Cessão ou locação de veículos,96534.20999999999
130002537202,Combustíveis e lubrificantes,9396.59
130002537202,Correspondências e despesas postais,87511.98
130002537202,Despesa com Impulsionamento de Conteúdos,10500.0
130002537202,Despesas com pessoal,65320.0
130002537202,Diversas a especificar,7452.41
130002537202,Locação/cessão de bens imóveis,63527.130000000005
130002537202,Locação/cessão de bens móveis (exceto veículos),9000.0
130002537202,"Produção de jingles, vinhetas e slogans",1000.0
130002537202,Publicidade por adesivos,6000.0
130002537202,Publicidade por carros de som,18000.0
130002537202,Publicidade por materiais impressos,65500.0
130002537202,Serviços contábeis,40000.0
130002537203,Cessão ou locação de veículos,7502.9
130002537203,Combustíveis e lubrificantes,768.5999999999999
130002537203,Despesas com Hospedagem,989.53
130002537203,Despesas com pessoal,26347.0
130002537203,Diversas a especificar,10500.0
130002537203,"Encargos financeiros, taxas bancárias e/ou op. cartão de crédito",3.0
130002537203,Publicidade por adesivos,490.0
130002537203,Publicidade por materiais impressos,4695.0
130002537203,Serviços advocatícios,3000.0
130002537204,Atividades de militância e mobilização de rua,25100.0
130002537204,Cessão ou locação de veículos,3300.0
130002537204,Combustíveis e lubrificantes,4000.0
130002537204,Despesa com Impulsionamento de Conteúdos,10000.0
130002537204,"Encargos financeiros, taxas bancárias e/ou op. cartão de crédito",4.0
130002537204,Publicidade por adesivos,9275.0
130002537204,Publicidade por materiais impressos,990.0
130002537205,Despesas com pessoal,87000.0
130002537205,Diversas a especificar,8000.0
130002537205,"Encargos financeiros, taxas bancárias e/ou op. cartão de crédito",11.5
130002537205,Publicidade por materiais impressos,278.0
130002537206,Despesa com Impulsionamento de Conteúdos,5000.0
130002537206,"Encargos financeiros, taxas bancárias e/ou op. cartão de crédito",1.0
130002537206,Publicidade por materiais impressos,13025.0
130002537208,Criação e inclusão de páginas na internet,5750.0
130002537208,Despesas com pessoal,106600.0
130002537208,"Encargos financeiros, taxas bancárias e/ou op. cartão de crédito",10.8
130002537208,Locação/cessão de bens imóveis,6400.0
130002537208,Publicidade por adesivos,18540.0
130002537208,Serviços contábeis,4000.0
130002537209,Cessão ou locação de veículos,4250.0
130002537209,Combustíveis e lubrificantes,265.0
130002537209,"Encargos financeiros, taxas bancárias e/ou op. cartão de crédito",1.5
130002537212,Combustíveis e lubrificantes,1387.21
130002537212,Despesas com pessoal,4000.0
130002537212,Diversas a especificar,2188.0
130002537212,"Encargos financeiros, taxas bancárias e/ou op. cartão de crédito",0.5
130002537212,Serviços advocatícios,4000.0
130002537212,Serviços contábeis,5000.0
130002537213,Atividades de militância e mobilização de rua,25300.0
130002537213,Despesa com Impulsionamento de Conteúdos,20000.0
130002537213,"Encargos financeiros, taxas bancárias e/ou op. cartão de crédito",6.0
130002537213,Publicidade por materiais impressos,129162.0
130002537214,Alimentação,83.9
130002537214,Cessão ou locação de veículos,2000.0
130002537214,Combustíveis e lubrificantes,143.03
130002537214,Despesas com pessoal,5000.0
130002537214,"Encargos financeiros, taxas bancárias e/ou op. cartão de crédito",2.0
130002537214,Serviços advocatícios,3000.0
130002537214,Serviços contábeis,7000.0
130002537215,Atividades de militância e mobilização de rua,84800.0
130002537215,Cessão ou locação de veículos,28920.0
130002537215,Combustíveis e lubrificantes,8696.89
130002537215,Correspondências e despesas postais,15930.2
130002537215,Criação e inclusão de páginas na internet,2250.0
130002537215,Despesa com Impulsionamento de Conteúdos,20000.0
130002537215,Despesas com pessoal,25000.0
130002537215,Diversas a especificar,97594.0
130002537215,"Encargos financeiros, taxas bancárias e/ou op. cartão de crédito",43.2
130002537215,"Impostos, contribuições e taxas",3.0
130002537215,Locação/cessão de bens imóveis,500.0
130002537215,Materiais de expediente,656.0
130002537215,"Produção de jingles, vinhetas e slogans",600.0
130002537215,"Produção de programas de rádio, televisão ou vídeo",200.0
130002537215,Publicidade por adesivos,5985.0
130002537215,Publicidade por materiais impressos,17630.0
130002537215,Serviços prestados por terceiros,24922.22
130002537216,Publicidade por adesivos,540.0
130002537216,Serviços contábeis,5000.0
130002537217,Atividades de militância e mobilização de rua,5000.0
130002537217,Despesas com pessoal,6000.0
130002537217,"Encargos financeiros, taxas bancárias e/ou op. cartão de crédito",0.5
130002537218,Atividades de militância e mobilização de rua,34000.0
130002537218,Cessão ou locação de veículos,14050.0
130002537218,Combustíveis e lubrificantes,310.75
130002537218,"Encargos financeiros, taxas bancárias e/ou op. cartão de crédito",3.5
130002537218,Materiais de expediente,153.0
130002537218,"Produção de jingles, vinhetas e slogans",1200.0
130002537219,Criação e inclusão de páginas na internet,100.0
130002537219,Despesas com pessoal,152950.0
130002537219,Diversas a especificar,3100.0
130002537219,Publicidade por materiais impressos,18968.0
130002537219,Serviços advocatícios,4000.0
130002537219,Serviços contábeis,3000.0
130002537219,Serviços prestados por terceiros,3433.33
130002537220,Atividades de militância e mobilização de rua,5000.0
130002537221,Despesa com Impulsionamento de Conteúdos,15000.0
130002537221,Locação/cessão de bens imóveis,38634.24
130002537221,Publicidade por adesivos,99300.0
130002537221,Publicidade por carros de som,2200.0
130002537221,Publicidade por materiais impressos,12000.0
130002537221,Serviços advocatícios,70000.0
130002537221,Serviços contábeis,22500.0
130002537221,Serviços prestados por terceiros,13500.0
130002537222,Despesa com Impulsionamento de Conteúdos,1550.0
130002537222,Despesas com pessoal,11000.0
130002537222,"Encargos financeiros, taxas bancárias e/ou op. cartão de crédito",2.5
130002537222,Publicidade por materiais impressos,5670.0
130002537222,Serviços advocatícios,4000.0
130002537222,Serviços contábeis,5000.0
130002537223,Criação e inclusão de páginas na internet,16500.0
130002537223,Despesas com pessoal,529390.0
130002537223,Diversas a especificar,34571.8
130002537223,"Encargos financeiros, taxas bancárias e/ou op. cartão de crédito",19.0
130002537223,Locação/cessão de bens imóveis,13500.0
130002537223,"Produção de jingles, vinhetas e slogans",1600.0
130002537223,Publicidade por adesivos,88355.0
130002537223,Publicidade por materiais impressos,104095.6
130002537223,Serviços contábeis,25000.0
130002537224,Atividades de militância e mobilização de rua,411653.34
130002537224,Cessão ou locação de veículos,2500.0
130002537224,Combustíveis e lubrificantes,455.73
130002537224,Despesa com Impulsionamento de Conteúdos,60000.0
130002537224,"Encargos financeiros, taxas bancárias e/ou op. cartão de crédito",124.0
130002537224,Locação/cessão de bens imóveis,11000.0
130002537224,Locação/cessão de bens móveis (exceto veículos),10000.0
130002537224,"Produção de jingles, vinhetas e slogans",121000.0
130002537224,Publicidade por materiais impressos,570725.0
130002537224,Serviços advocatícios,150000.0
130002537224,Serviços prestados por terceiros,146496.85
130002537225,Alimentação,1627.0
130002537225,Atividades de militância e mobilização de rua,186417.19999999998
130002537225,Despesa com Impulsionamento de Conteúdos,39500.0
130002537225,Diversas a especificar,3385.0
130002537225,Publicidade por materiais impressos,111914.95
130002537226,Atividades de militância e mobilização de rua,27292.0
130002537226,Cessão ou locação de veículos,9750.0
130002537226,Criação e inclusão de páginas na internet,50000.0
130002537226,Despesa com Impulsionamento de Conteúdos,10000.0
130002537226,Diversas a especificar,3857.7
130002537226,"Encargos financeiros, taxas bancárias e/ou op. cartão de crédito",14.0
130002537226,Publicidade por adesivos,1750.0
130002537226,Publicidade por materiais impressos,3245.0
130002537226,Serviços contábeis,5000.0
130002537226,Serviços prestados por terceiros,43000.0
130002538253,Despesas com pessoal,6000.0
130002538253,Publicidade por materiais impressos,2900.0
130002538257,Despesa com Impulsionamento de Conteúdos,1075.0
130002538257,Publicidade por materiais impressos,12095.0
130002538257,Serviços prestados por terceiros,72930.0
130002538259,Atividades de militância e mobilização de rua,6000.0
130002538259,Cessão ou locação de veículos,37110.0
130002538259,Combustíveis e lubrificantes,6720.0
130002538259,Publicidade por adesivos,31090.0
130002538259,Publicidade por materiais impressos,5000.0
130002538259,Serviços advocatícios,20000.0
130002538259,Serviços contábeis,20000.0
130002538259,Serviços prestados por terceiros,41500.0
130002538259,Serviços próprios prestados por terceiros,20000.0
130002538261,Atividades de militância e mobilização de rua,186876.47
130002538261,Cessão ou locação de veículos,35000.0
130002538261,Combustíveis e lubrificantes,3833.8199999999997
130002538261,Despesas com pessoal,79750.0
130002538261,"Encargos financeiros, taxas bancárias e/ou op. cartão de crédito",7.5
130002538261,Locação/cessão de bens imóveis,21300.0
130002538261,Locação/cessão de bens móveis (exceto veículos),1550.0
130002538261,Materiais de expediente,488.15999999999997
130002538261,Publicidade por materiais impressos,100050.0
130002538261,Serviços advocatícios,54000.0
130002538261,Serviços contábeis,12000.0
130002538261,Serviços prestados por terceiros,130000.0
130002538264,Despesa com Impulsionamento de Conteúdos,600.0
130002538264,Locação/cessão de bens imóveis,10000.0
130002538264,Publicidade por materiais impressos,45252.16
130002538267,Despesas com pessoal,85000.0
130002538267,Publicidade por materiais impressos,81000.0
130002538267,Serviços advocatícios,6000.0
130002538267,Serviços contábeis,6000.0
130002538274,Publicidade por materiais impressos,17763.2
130002538274,Serviços contábeis,2236.8
130002538276,Atividades de militância e mobilização de rua,7000.0
130002538276,Combustíveis e lubrificantes,1000.0
130002538276,Despesas com pessoal,2800.0
130002538276,"Encargos financeiros, taxas bancárias e/ou op. cartão de crédito",3.5
130002538276,Locação/cessão de bens imóveis,4000.0
130002538276,Publicidade por adesivos,11674.0
130002538276,Publicidade por carros de som,1100.0
130002538276,Serviços advocatícios,14000.0
130002538276,Serviços contábeis,8000.0
130002538276,Serviços prestados por terceiros,15250.0
130002538278,Atividades de militância e mobilização de rua,3000.0
130002538278,Publicidade por materiais impressos,10380.0
130002538279,Atividades de militância e mobilização de rua,1000.0
130002538279,Criação e inclusão de páginas na internet,2000.0
130002538279,Despesa com Impulsionamento de Conteúdos,5000.0
130002538279,"Produção de jingles, vinhetas e slogans",1500.0
130002538279,Publicidade por adesivos,175.0
130002538279,Publicidade por jornais e revistas,10500.0
130002538279,Publicidade por materiais impressos,1830.0
130002538279,Serviços advocatícios,20000.0
130002538286,Atividades de militância e mobilização de rua,12750.0
130002538286,Despesas com pessoal,5000.0
130002538286,"Encargos financeiros, taxas bancárias e/ou op. cartão de crédito",1.5
130002538286,Locação/cessão de bens imóveis,1742.0
130002538286,Publicidade por adesivos,25000.0
130002538286,Serviços advocatícios,11000.0
130002538287,Aquisição/Doação de bens móveis ou imóveis,700.0
130002538287,Atividades de militância e mobilização de rua,860211.0
130002538287,Cessão ou locação de veículos,61800.0
130002538287,Despesa com Impulsionamento de Conteúdos,20000.0
130002538287,Despesas com pessoal,55000.0
130002538287,Despesas com transporte ou deslocamento,84000.0
130002538287,"Encargos financeiros, taxas bancárias e/ou op. cartão de crédito",58.5
130002538287,Eventos de promoção da candidatura,5000.0
130002538287,Locação/cessão de bens imóveis,23300.0
130002538287,"Produção de jingles, vinhetas e slogans",2200.0
130002538287,Publicidade por adesivos,7902.5
130002538287,Publicidade por materiais impressos,120391.0
130002538287,Serviços contábeis,10000.0
130002538287,Serviços prestados por terceiros,180000.0
130002538288,Publicidade por materiais impressos,3895.0
130002538292,Atividades de militância e mobilização de rua,39500.0
130002538292,Cessão ou locação de veículos,5200.0
130002538292,Despesa com Impulsionamento de Conteúdos,2000.0
130002538292,"Encargos financeiros, taxas bancárias e/ou op. cartão de crédito",17.6
130002538292,Locação/cessão de bens imóveis,1200.0
130002538292,"Produção de jingles, vinhetas e slogans",5500.0
130002538292,Publicidade por materiais impressos,49315.2
130002538292,Serviços advocatícios,5000.0
130002538292,Serviços contábeis,15000.0
130002538292,Serviços prestados por terceiros,20750.0
130002538293,Despesa com Impulsionamento de Conteúdos,500.0
130002538293,Despesas com pessoal,97900.0
130002538293,Locação/cessão de bens imóveis,1621.0
130002538293,Locação/cessão de bens móveis (exceto veículos),3000.0
130002538293,"Produção de programas de rádio, televisão ou vídeo",50000.0
130002538293,Publicidade por adesivos,8930.0
130002538293,Publicidade por materiais impressos,9250.0
130002538293,Serviços advocatícios,25000.0
130002538293,Serviços contábeis,25000.0
130002538295,Atividades de militância e mobilização de rua,8997.0
130002538295,"Encargos financeiros, taxas bancárias e/ou op. cartão de crédito",3.0
130002538295,Locação/cessão de bens imóveis,2000.0
130002538295,Locação/cessão de bens móveis (exceto veículos),6000.0
130002538295,Serviços prestados por terceiros,3000.0
130002538297,Despesa com Impulsionamento de Conteúdos,1500.0
130002538297,Despesas com pessoal,31020.0
130002538297,"Encargos financeiros, taxas bancárias e/ou op. cartão de crédito",3.0
130002538297,Publicidade por adesivos,498.0
130002538297,Serviços contábeis,7500.0
130002538299,Atividades de militância e mobilização de rua,33000.0
130002538299,Serviços advocatícios,2000.0
130002538299,Serviços contábeis,350.0
130002538301,Alimentação,2153.78
130002538301,Cessão ou locação de veículos,11963.9
130002538301,Combustíveis e lubrificantes,1776.18
130002538301,Despesa com Impulsionamento de Conteúdos,14000.0
130002538301,Despesas com Hospedagem,1995.0
130002538301,Diversas a especificar,4500.0
130002538301,"Encargos financeiros, taxas bancárias e/ou op. cartão de crédito",3.0
130002538301,Publicidade por adesivos,1169.4
130002538301,Publicidade por materiais impressos,3200.0
130002538301,Serviços advocatícios,18000.0
130002538301,Serviços contábeis,4000.0
130002538301,Serviços prestados por terceiros,77000.0
130002538301,Taxa de Administração de Financiamento Coletivo,83.7
130002538302,Despesa com Impulsionamento de Conteúdos,10516.32
130002538302,Despesas com pessoal,23800.0
130002538302,"Encargos financeiros, taxas bancárias e/ou op. cartão de crédito",3.0
130002538302,Publicidade por materiais impressos,960.0
130002538302,Serviços advocatícios,2500.0
130002538302,Serviços contábeis,2500.0
130002538303,Combustíveis e lubrificantes,235.05
130002538303,Publicidade por materiais impressos,600.0
130002538304,Atividades de militância e mobilização de rua,318.0
130002538304,Combustíveis e lubrificantes,45101.75
130002538304,Despesa com Impulsionamento de Conteúdos,35000.0
130002538304,Despesas com pessoal,30370.0
130002538304,Diversas a especificar,9250.0
130002538304,"Encargos financeiros, taxas bancárias e/ou op. cartão de crédito",48.7
130002538304,Locação/cessão de bens imóveis,7000.0
130002538304,"Produção de programas de rádio, televisão ou vídeo",5000.0
130002538304,Publicidade por jornais e revistas,4860.0
130002538304,Publicidade por materiais impressos,88828.0
130002538304,Serviços contábeis,4000.0
130002538304,Serviços prestados por terceiros,16645.82
130002538304,Água,454.0
130002538960,Despesa com Impulsionamento de Conteúdos,989.2
130002538960,"Encargos financeiros, taxas bancárias e/ou op. cartão de crédito",10.8
130002538960,Publicidade por materiais impressos,5000.0
130002538963,Serviços advocatícios,5000.0
130002538963,Serviços contábeis,5000.0
130002538964,Atividades de militância e mobilização de rua,4680.0
130002538964,Despesa com Impulsionamento de Conteúdos,25.95
130002538964,"Encargos financeiros, taxas bancárias e/ou op. cartão de crédito",3.0
130002538964,"Produção de programas de rádio, televisão ou vídeo",4500.0
130002538964,Publicidade por materiais impressos,930.0
130002538965,Despesa com Impulsionamento de Conteúdos,10000.0
130002538965,"Encargos financeiros, taxas bancárias e/ou op. cartão de crédito",0.5
130002538965,"Produção de programas de rádio, televisão ou vídeo",17600.0
130002538965,Publicidade por adesivos,202.88
130002538965,Publicidade por materiais impressos,5270.0
130002538965,Serviços prestados por terceiros,82000.0
130002538965,Taxa de Administração de Financiamento Coletivo,21.34
130002538967,Atividades de militância e mobilização de rua,39100.0
130002538967,Despesas com pessoal,10000.0
130002538967,"Encargos financeiros, taxas bancárias e/ou op. cartão de crédito",250.5
130002538967,"Produção de programas de rádio, televisão ou vídeo",10000.0
130002538968,Atividades de militância e mobilização de rua,168930.0
130002538968,Cessão ou locação de veículos,9000.0
130002538968,Despesa com Impulsionamento de Conteúdos,10000.0
130002538968,Doações financeiras a outros candidatos/partidos,40000.0
130002538968,Materiais de expediente,1575.5
130002538968,Publicidade por materiais impressos,4977.0
130002538969,Serviços advocatícios,2000.0
130002538970,Serviços advocatícios,2000.0
130002538970,Serviços contábeis,4000.0
130002538973,Atividades de militância e mobilização de rua,35400.0
130002538973,Criação e inclusão de páginas na internet,39.99
130002538973,Despesas com transporte ou deslocamento,820.0799999999999
130002538973,"Encargos financeiros, taxas bancárias e/ou op. cartão de crédito",11.5
130002538973,Eventos de promoção da candidatura,400.0
130002538973,"Produção de programas de rádio, televisão ou vídeo",450.0
130002538973,Publicidade por materiais impressos,8410.0
130002538973,Serviços prestados por terceiros,14000.0
130002539640,Cessão ou locação de veículos,500.0
130002539640,Despesas com pessoal,1500.0
130002539640,Locação/cessão de bens imóveis,3620.59
130002539640,Publicidade por adesivos,3300.0
130002539640,Publicidade por carros de som,1210.0
130002539640,Serviços advocatícios,1000.0
130002539640,Serviços contábeis,1000.0
130002539640,Serviços prestados por terceiros,245.0
130002539714,Combustíveis e lubrificantes,150.0
130002539714,Despesa com Impulsionamento de Conteúdos,30.72
130002539714,"Encargos financeiros, taxas bancárias e/ou op. cartão de crédito",3.5
130002539714,Publicidade por materiais impressos,6580.0
130002539715,Despesa com Impulsionamento de Conteúdos,924934.0
130002539715,Diversas a especificar,4785.0
130002539715,"Encargos financeiros, taxas bancárias e/ou op. cartão de crédito",26.0
130002539715,"Produção de jingles, vinhetas e slogans",100000.0
130002539715,"Produção de programas de rádio, televisão ou vídeo",33000.0
130002539715,Publicidade por materiais impressos,57304.4
130002539716,"Encargos financeiros, taxas bancárias e/ou op. cartão de crédito",0.5
130002539716,"Produção de jingles, vinhetas e slogans",6000.0
130002539716,Publicidade por materiais impressos,4250.0
130002539717,Serviços advocatícios,2000.0
130002539720,Atividades de militância e mobilização de rua,22540.0
130002539720,Cessão ou locação de veículos,1080.0
130002539720,Combustíveis e lubrificantes,739.3
130002539720,Despesa com Impulsionamento de Conteúdos,4900.0
130002539720,"Encargos financeiros, taxas bancárias e/ou op. cartão de crédito",9.0
130002539720,Locação/cessão de bens imóveis,205.0
130002539720,"Produção de jingles, vinhetas e slogans",800.0
130002539720,Publicidade por adesivos,1470.0
130002539720,Publicidade por materiais impressos,12618.0
130002539720,Serviços prestados por terceiros,24500.0
130002539721,Atividades de militância e mobilização de rua,3000.0
130002539721,Serviços advocatícios,2000.0
130002539722,Despesa com Impulsionamento de Conteúdos,440.40999999999997
130002539722,"Encargos financeiros, taxas bancárias e/ou op. cartão de crédito",98.2
130002539722,Publicidade por adesivos,2760.0
130002539722,Publicidade por materiais impressos,1969.0
130002539722,Serviços prestados por terceiros,32100.0
130002539723,Atividades de militância e mobilização de rua,7000.0
130002539723,"Encargos financeiros, taxas bancárias e/ou op. cartão de crédito",0.5
130002539723,Serviços prestados por terceiros,23000.0
130002539724,Atividades de militância e mobilização de rua,7200.0
130002539724,Cessão ou locação de veículos,6000.0
130002539724,Combustíveis e lubrificantes,1500.0
130002539724,"Encargos financeiros, taxas bancárias e/ou op. cartão de crédito",2.0
130002539724,Materiais de expediente,50.0
130002539724,Publicidade por adesivos,3620.0
130002539724,Publicidade por materiais impressos,6400.0
130002539726,"Encargos financeiros, taxas bancárias e/ou op. cartão de crédito",1.5
130002539726,Locação/cessão de bens imóveis,1500.0
130002539726,Publicidade por materiais impressos,4118.0
130002539726,Serviços prestados por terceiros,10800.0
130002539726,Taxa de Administração de Financiamento Coletivo,94.61000000000001
130002539727,Atividades de militância e mobilização de rua,158820.0
130002539727,Combustíveis e lubrificantes,1259.26
130002539727,Correspondências e despesas postais,282.1
130002539727,Despesa com Impulsionamento de Conteúdos,2500.0
130002539727,Despesas com Hospedagem,900.0
130002539727,"Produção de programas de rádio, televisão ou vídeo",30000.0
130002539727,Publicidade por materiais impressos,30035.0
130002539727,Serviços prestados por terceiros,39000.0
130002539728,Alimentação,9111.14
130002539728,Aquisição/Doação de bens móveis ou imóveis,53500.0
130002539728,Atividades de militância e mobilização de rua,175771.42
130002539728,Cessão ou locação de veículos,8616.67
130002539728,Combustíveis e lubrificantes,2540.0299999999997
130002539728,Correspondências e despesas postais,1058.4
130002539728,Despesa com Impulsionamento de Conteúdos,50000.0
130002539728,Despesas com Hospedagem,2196.0
130002539728,Despesas com pessoal,27800.0
130002539728,Diversas a especificar,11159.0
130002539728,"Encargos financeiros, taxas bancárias e/ou op. cartão de crédito",136.51
130002539728,Locação/cessão de bens imóveis,46700.0
130002539728,Locação/cessão de bens móveis (exceto veículos),6820.0
130002539728,Materiais de expediente,17224.79
130002539728,"Produção de jingles, vinhetas e slogans",5200.0
130002539728,"Produção de programas de rádio, televisão ou vídeo",195700.0
130002539728,Publicidade por adesivos,3940.0
130002539728,Publicidade por materiais impressos,745.3199999999999
130002539728,Serviços advocatícios,80000.0
130002539728,Serviços contábeis,32000.0
130002539728,Serviços prestados por terceiros,287330.0
130002539728,Serviços próprios prestados por terceiros,3500.0
130002539728,Água,29.8
130002539729,Atividades de militância e mobilização de rua,16500.0
130002539729,Despesa com Impulsionamento de Conteúdos,8000.0
130002539729,Despesas com pessoal,6000.0
130002539729,"Encargos financeiros, taxas bancárias e/ou op. cartão de crédito",5.5
130002539729,"Produção de programas de rádio, televisão ou vídeo",2000.0
130002539729,Publicidade por materiais impressos,5720.0
130002539729,Serviços advocatícios,9000.0
130002539729,Serviços prestados por terceiros,14000.0
130002539730,Atividades de militância e mobilização de rua,4800.0
130002539730,Cessão ou locação de veículos,8959.0
130002539730,Combustíveis e lubrificantes,304.06
130002539730,Despesa com Impulsionamento de Conteúdos,1000.0
130002539730,"Encargos financeiros, taxas bancárias e/ou op. cartão de crédito",39.0
130002539730,Publicidade por materiais impressos,6800.0
130002539730,Serviços prestados por terceiros,13100.0
130002539731,Atividades de militância e mobilização de rua,3000.0
130002539731,Serviços advocatícios,2000.0
130002539732,Atividades de militância e mobilização de rua,21400.0
130002539732,"Encargos financeiros, taxas bancárias e/ou op. cartão de crédito",12.5
130002539732,Locação/cessão de bens imóveis,3400.0
130002539732,Locação/cessão de bens móveis (exceto veículos),620.0
130002539732,Publicidade por materiais impressos,32556.0
130002539732,Serviços prestados por terceiros,70969.0
130002539733,Alimentação,670.88
130002539733,Despesa com Impulsionamento de Conteúdos,2782.59
130002539733,Despesas com transporte ou deslocamento,354.25
130002539733,Publicidade por materiais impressos,4000.0
130002539734,Atividades de militância e mobilização de rua,29440.0
130002539734,Correspondências e despesas postais,2498.2
130002539734,Despesa com Impulsionamento de Conteúdos,50700.0
130002539734,Doações financeiras a outros candidatos/partidos,44850.0
130002539734,"Encargos financeiros, taxas bancárias e/ou op. cartão de crédito",73.2
130002539734,Locação/cessão de bens imóveis,8000.0
130002539734,Materiais de expediente,1793.4
130002539734,"Produção de programas de rádio, televisão ou vídeo",7000.0
130002539734,Publicidade por adesivos,5005.0
130002539734,Publicidade por materiais impressos,30522.8
130002539734,Serviços prestados por terceiros,402474.0
130002539734,Serviços próprios prestados por terceiros,26000.0
130002539734,Água,182.0
130002539736,Publicidade por materiais impressos,19560.0
130002539738,Atividades de militância e mobilização de rua,15000.5
130002539738,"Encargos financeiros, taxas bancárias e/ou op. cartão de crédito",13.6
130002539739,Despesa com Impulsionamento de Conteúdos,2040.0
130002539739,"Encargos financeiros, taxas bancárias e/ou op. cartão de crédito",6.0
130002539739,Publicidade por adesivos,900.0
130002539739,Publicidade por materiais impressos,4285.0
130002539739,Serviços prestados por terceiros,41450.0
130002539740,Atividades de militância e mobilização de rua,4000.0
130002539740,Cessão ou locação de veículos,4300.0
130002539740,Combustíveis e lubrificantes,222.92
130002539740,Despesa com Impulsionamento de Conteúdos,1130.0
130002539740,"Encargos financeiros, taxas bancárias e/ou op. cartão de crédito",4.5
130002539740,Publicidade por materiais impressos,5562.5
130002539741,Atividades de militância e mobilização de rua,600020.0
130002539741,Cessão ou locação de veículos,36649.0
130002539741,Despesa com Impulsionamento de Conteúdos,62000.0
130002539741,Despesas com Hospedagem,8268.07
130002539741,Despesas com pessoal,7000.0
130002539741,Despesas com transporte ou deslocamento,17975.96
130002539741,"Encargos financeiros, taxas bancárias e/ou op. cartão de crédito",51.0
130002539741,Eventos de promoção da candidatura,5000.0
130002539741,Locação/cessão de bens imóveis,26000.0
130002539741,"Produção de jingles, vinhetas e slogans",33200.0
130002539741,"Produção de programas de rádio, televisão ou vídeo",60700.0
130002539741,Publicidade por materiais impressos,190700.0
130002539741,Serviços advocatícios,87500.0
130002539741,Serviços prestados por terceiros,300400.0
130002539839,"Encargos financeiros, taxas bancárias e/ou op. cartão de crédito",3.0
130002539839,Publicidade por adesivos,519.0
130002539839,Publicidade por materiais impressos,6788.0
130002539839,Serviços prestados por terceiros,8000.0
130002539840,Atividades de militância e mobilização de rua,3000.0
130002539840,"Encargos financeiros, taxas bancárias e/ou op. cartão de crédito",27.4
130002539840,Publicidade por materiais impressos,5203.0
130002539840,Serviços prestados por terceiros,500.0
130002539841,Despesa com Impulsionamento de Conteúdos,1000.0
130002539841,Publicidade por materiais impressos,1955.0
130002539841,Serviços prestados por terceiros,54500.0
130002539842,Cessão ou locação de veículos,39604.84
130002539842,Combustíveis e lubrificantes,3221.48
130002539842,Despesa com Impulsionamento de Conteúdos,5002.0
130002539842,Despesas com pessoal,938015.9
130002539842,Despesas com transporte ou deslocamento,4000.0
130002539842,"Encargos financeiros, taxas bancárias e/ou op. cartão de crédito",14.0
130002539842,Locação/cessão de bens imóveis,28105.760000000002
130002539842,Publicidade por materiais impressos,40604.9
130002539842,Serviços prestados por terceiros,15000.0
130002539843,Atividades de militância e mobilização de rua,49800.0
130002539843,Despesas com pessoal,74000.0
130002539843,Publicidade por materiais impressos,3900.0
130002539844,Despesas com Hospedagem,40.0
130002539845,Atividades de militância e mobilização de rua,45000.0
130002539845,"Encargos financeiros, taxas bancárias e/ou op. cartão de crédito",1.0
130002539847,Atividades de militância e mobilização de rua,34537.0
130002539847,Cessão ou locação de veículos,5717.0
130002539847,Combustíveis e lubrificantes,226.1
130002539847,Despesa com Impulsionamento de Conteúdos,1500.0
130002539847,Despesas com pessoal,74750.0
130002539847,Despesas com transporte ou deslocamento,1754.0
130002539847,"Encargos financeiros, taxas bancárias e/ou op. cartão de crédito",1512.0
130002539847,"Produção de programas de rádio, televisão ou vídeo",80000.0
130002539847,Publicidade por materiais impressos,11335.0
130002539848,Atividades de militância e mobilização de rua,4000.0
130002539848,"Produção de programas de rádio, televisão ou vídeo",9980.0
130002539850,Atividades de militância e mobilização de rua,23325.0
130002539850,Despesas com pessoal,19500.0
130002539850,Locação/cessão de bens imóveis,5000.0
130002539850,"Produção de programas de rádio, televisão ou vídeo",32000.0
130002539850,Serviços prestados por terceiros,4000.0
130002539851,Atividades de militância e mobilização de rua,109500.0
130002539851,Despesas com pessoal,210200.0
130002539851,"Encargos financeiros, taxas bancárias e/ou op. cartão de crédito",76.9
130002539851,Locação/cessão de bens imóveis,2400.0
130002539851,Publicidade por materiais impressos,15190.0
130002539852,Atividades de militância e mobilização de rua,25000.0
130002539852,Cessão ou locação de veículos,4000.0
130002539852,Despesas com pessoal,18500.0
130002539852,"Encargos financeiros, taxas bancárias e/ou op. cartão de crédito",4.5
130002539852,Publicidade por materiais impressos,2880.0
130002539852,Serviços prestados por terceiros,30000.0
130002539853,"Encargos financeiros, taxas bancárias e/ou op. cartão de crédito",52.0
130002539853,Publicidade por materiais impressos,4405.0
130002539853,Serviços prestados por terceiros,6600.0
130002539854,"Encargos financeiros, taxas bancárias e/ou op. cartão de crédito",1.0
130002539854,"Produção de programas de rádio, televisão ou vídeo",600.0
130002539854,Publicidade por materiais impressos,1700.0
130002539859,Correspondências e despesas postais,49302.0
130002539859,"Encargos financeiros, taxas bancárias e/ou op. cartão de crédito",28.7
130002539859,"Produção de jingles, vinhetas e slogans",6000.0
130002539859,"Produção de programas de rádio, televisão ou vídeo",125000.0
130002539859,Serviços advocatícios,15000.0
130002539859,Serviços prestados por terceiros,32400.0
130002539860,"Encargos financeiros, taxas bancárias e/ou op. cartão de crédito",3.5
130002539860,Publicidade por materiais impressos,18915.0
130002539860,Serviços prestados por terceiros,9000.0
130002539861,Despesa com Impulsionamento de Conteúdos,5000.0
130002539861,"Encargos financeiros, taxas bancárias e/ou op. cartão de crédito",1.0
130002539861,"Produção de programas de rádio, televisão ou vídeo",20000.0
130002539861,Publicidade por materiais impressos,92200.8
130002539862,Atividades de militância e mobilização de rua,12000.0
130002539862,Cessão ou locação de veículos,14300.0
130002539862,Combustíveis e lubrificantes,1081.02
130002539862,Correspondências e despesas postais,4632.1
130002539862,Despesas com pessoal,116100.0
130002539862,Locação/cessão de bens imóveis,3500.0
130002539862,Locação/cessão de bens móveis (exceto veículos),490.0
130002539862,Publicidade por materiais impressos,81527.5
130002539862,Serviços contábeis,10000.0
130002539862,Serviços prestados por terceiros,120000.0
130002539865,Despesa com Impulsionamento de Conteúdos,1200.0
130002539865,"Encargos financeiros, taxas bancárias e/ou op. cartão de crédito",2.0
130002539865,Publicidade por materiais impressos,5020.0
130002539865,Serviços próprios prestados por terceiros,13750.0
130002539866,Publicidade por materiais impressos,1500.0
130002539869,Alimentação,1869.9
130002539869,Cessão ou locação de veículos,5000.0
130002539869,Combustíveis e lubrificantes,1658.73
130002539869,Criação e inclusão de páginas na internet,71.6
130002539869,Despesa com Impulsionamento de Conteúdos,1500.0
130002539869,Despesas com Hospedagem,240.0
130002539869,"Encargos financeiros, taxas bancárias e/ou op. cartão de crédito",37.1
130002539869,Locação/cessão de bens imóveis,1500.0
130002539869,"Produção de programas de rádio, televisão ou vídeo",180.0
130002539869,Publicidade por materiais impressos,7590.9
130002539869,Serviços prestados por terceiros,29953.34
130002539870,Alimentação,59.489999999999995
130002539870,Cessão ou locação de veículos,500.0
130002539870,Combustíveis e lubrificantes,603.67
130002539870,Despesas com pessoal,4000.0
130002539870,"Encargos financeiros, taxas bancárias e/ou op. cartão de crédito",2.0
130002539870,Publicidade por materiais impressos,4840.0
130002539870,Serviços prestados por terceiros,3800.0
130002539871,Cessão ou locação de veículos,15690.0
130002539871,Combustíveis e lubrificantes,2002.49
130002539871,Criação e inclusão de páginas na internet,6000.0
130002539871,Despesa com Impulsionamento de Conteúdos,18000.0
130002539871,Despesas com pessoal,182000.0
130002539871,"Encargos financeiros, taxas bancárias e/ou op. cartão de crédito",3.5
130002539871,Locação/cessão de bens imóveis,8007.84
130002539871,"Produção de programas de rádio, televisão ou vídeo",3000.0
130002539871,Publicidade por adesivos,11900.0
130002539871,Serviços próprios prestados por terceiros,1990.0
130002539871,Taxa de Administração de Financiamento Coletivo,97.46000000000001
130002539874,Atividades de militância e mobilização de rua,29000.0
130002539874,Despesas com transporte ou deslocamento,15000.0
130002539874,"Encargos financeiros, taxas bancárias e/ou op. cartão de crédito",22.9
130002539874,Publicidade por materiais impressos,9500.0
130002539875,Atividades de militância e mobilização de rua,156889.0
130002539875,Cessão ou locação de veículos,105025.0
130002539875,Despesa com Impulsionamento de Conteúdos,20112.98
130002539875,Despesas com pessoal,16560.0
130002539875,"Encargos financeiros, taxas bancárias e/ou op. cartão de crédito",377.4
130002539875,Locação/cessão de bens imóveis,3500.0
130002539875,"Produção de jingles, vinhetas e slogans",6000.0
130002539875,Publicidade por adesivos,14650.0
130002539875,Publicidade por materiais impressos,41490.0
130002539875,Serviços prestados por terceiros,192078.28
130002539877,Despesas com pessoal,35400.0
130002539877,"Encargos financeiros, taxas bancárias e/ou op. cartão de crédito",7.5
130002539877,Locação/cessão de bens imóveis,1000.0
130002539877,Publicidade por materiais impressos,16000.0
130002539877,Serviços contábeis,10000.0
130002541993,Alimentação,1591.0
130002541993,Atividades de militância e mobilização de rua,126978.39
130002541993,Combustíveis e lubrificantes,3384.5
130002541993,Correspondências e despesas postais,91.38
130002541993,Despesa com Impulsionamento de Conteúdos,50000.0
130002541993,Despesas com transporte ou deslocamento,33000.0
130002541993,Diversas a especificar,32397.63
130002541993,"Encargos financeiros, taxas bancárias e/ou op. cartão de crédito",485.53000000000003
130002541993,Energia elétrica,2116.54
130002541993,Locação/cessão de bens imóveis,9000.0
130002541993,Materiais de expediente,432.83
130002541993,"Produção de jingles, vinhetas e slogans",68000.0
130002541993,Publicidade por adesivos,35705.0
130002541993,Publicidade por carros de som,80000.0
130002541993,Publicidade por materiais impressos,45050.0
130002541993,Serviços advocatícios,40000.0
130002541993,Serviços contábeis,110000.0
130002541993,Serviços prestados por terceiros,29766.02
130002541993,Serviços próprios prestados por terceiros,2647.64
130002541994,Combustíveis e lubrificantes,484.2
130002541994,Despesa com Impulsionamento de Conteúdos,30000.0
130002541994,Despesas com pessoal,118200.0
130002541994,Diversas a especificar,399.0
130002541994,"Encargos financeiros, taxas bancárias e/ou op. cartão de crédito",14.5
130002541994,Publicidade por adesivos,2450.0
130002541994,Publicidade por materiais impressos,52814.0
130002541994,Serviços advocatícios,8000.0
130002541994,Serviços contábeis,8000.0
130002541995,Atividades de militância e mobilização de rua,51800.0
130002541995,Despesa com Impulsionamento de Conteúdos,50000.0
130002541995,Despesas com pessoal,13500.0
130002541995,Diversas a especificar,3435.0
130002541995,"Encargos financeiros, taxas bancárias e/ou op. cartão de crédito",17.0
130002541995,Eventos de promoção da candidatura,9400.0
130002541995,Locação/cessão de bens imóveis,10000.0
130002541995,"Produção de programas de rádio, televisão ou vídeo",150000.0
130002541995,Publicidade por adesivos,185505.0
130002541995,Serviços contábeis,22000.0
130002541996,Alimentação,8336.53
130002541996,Cessão ou locação de veículos,92985.0
130002541996,Combustíveis e lubrificantes,17323.37
130002541996,Criação e inclusão de páginas na internet,2790.0
130002541996,Despesa com Impulsionamento de Conteúdos,150000.0
130002541996,Despesas com Hospedagem,1095.0
130002541996,Despesas com pessoal,259741.34
130002541996,Diversas a especificar,25860.0
130002541996,"Encargos financeiros, taxas bancárias e/ou op. cartão de crédito",117.0
130002541996,Publicidade por materiais impressos,650520.0
130002541996,Serviços advocatícios,30000.0
130002541996,Serviços contábeis,60000.0
130002541996,Serviços prestados por terceiros,658300.0
130002541998,Atividades de militância e mobilização de rua,43000.0
130002541998,Cessão ou locação de veículos,21910.800000000003
130002541998,Despesa com Impulsionamento de Conteúdos,1500.0
130002541998,"Encargos financeiros, taxas bancárias e/ou op. cartão de crédito",47.3
130002541998,Locação/cessão de bens imóveis,40000.0
130002541998,Materiais de expediente,150349.38
130002541998,Serviços contábeis,8000.0
130002541998,Serviços prestados por terceiros,15600.0
130002541999,Cessão ou locação de veículos,17000.0
130002541999,Despesa com Impulsionamento de Conteúdos,5000.0
130002541999,"Encargos financeiros, taxas bancárias e/ou op. cartão de crédito",122.7
130002541999,Locação/cessão de bens imóveis,5751.5
130002541999,"Produção de jingles, vinhetas e slogans",8500.0
130002541999,"Produção de programas de rádio, televisão ou vídeo",3600.0
130002541999,Publicidade por adesivos,55849.0
130002541999,Publicidade por materiais impressos,279173.74
130002541999,Serviços advocatícios,50000.0
130002541999,Serviços contábeis,35000.0
130002541999,Serviços prestados por terceiros,224398.5
130002542000,Alimentação,300.0
130002542000,Atividades de militância e mobilização de rua,260953.3
130002542000,Cessão ou locação de veículos,19500.0
130002542000,Combustíveis e lubrificantes,36369.15
130002542000,Despesa com Impulsionamento de Conteúdos,41000.0
130002542000,Despesas com pessoal,9496.0
130002542000,"Encargos financeiros, taxas bancárias e/ou op. cartão de crédito",4.5
130002542000,Locação/cessão de bens imóveis,22000.0
130002542000,Locação/cessão de bens móveis (exceto veículos),3500.0
130002542000,Materiais de expediente,2401.56
130002542000,"Produção de jingles, vinhetas e slogans",5000.0
130002542000,Publicidade por adesivos,55172.11
130002542000,Publicidade por carros de som,67000.0
130002542000,Publicidade por materiais impressos,18507.14
130002542000,Serviços advocatícios,20000.0
130002542000,Serviços contábeis,30000.0
130002542000,Serviços prestados por terceiros,10000.0
130002542001,Atividades de militância e mobilização de rua,69300.0
130002542001,Despesa com Impulsionamento de Conteúdos,3000.0
130002542001,Diversas a especificar,65216.5
130002542001,"Encargos financeiros, taxas bancárias e/ou op. cartão de crédito",36.5
130002542001,Locação/cessão de bens imóveis,13600.0
130002542001,Publicidade por materiais impressos,11240.8
130002542001,Serviços prestados por terceiros,208500.0
130002542002,Criação e inclusão de páginas na internet,71.6
130002542002,Despesa com Impulsionamento de Conteúdos,40000.0
130002542002,Despesas com pessoal,54000.0
130002542002,"Encargos financeiros, taxas bancárias e/ou op. cartão de crédito",10.0
130002542002,Publicidade por materiais impressos,13226.0
130002542002,Serviços prestados por terceiros,17850.0
130002542003,Atividades de militância e mobilização de rua,39900.0
130002542003,Cessão ou locação de veículos,78376.66
130002542003,Combustíveis e lubrificantes,2145.99
130002542003,Correspondências e despesas postais,3191.1
130002542003,Despesa com Impulsionamento de Conteúdos,75000.0
130002542003,Despesas com pessoal,1271763.0
130002542003,Diversas a especificar,1555.0
130002542003,"Encargos financeiros, taxas bancárias e/ou op. cartão de crédito",236.2
130002542003,Locação/cessão de bens imóveis,23625.0
130002542003,Locação/cessão de bens móveis (exceto veículos),200.0
130002542003,Materiais de expediente,229.0
130002542003,"Produção de programas de rádio, televisão ou vídeo",40000.0
130002542003,Publicidade por adesivos,60115.17
130002542003,Publicidade por materiais impressos,167713.4
130002542003,Serviços advocatícios,23000.0
130002542003,Serviços contábeis,23000.0
130002542003,Serviços prestados por terceiros,11000.0
130002542004,Atividades de militância e mobilização de rua,2157381.0
130002542004,Cessão ou locação de veículos,26085.1
130002542004,Despesa com Impulsionamento de Conteúdos,30000.0
130002542004,Despesas com pessoal,9725.0
130002542004,"Encargos financeiros, taxas bancárias e/ou op. cartão de crédito",62.5
130002542004,Locação/cessão de bens imóveis,37226.33
130002542004,Locação/cessão de bens móveis (exceto veículos),10600.0
130002542004,"Produção de programas de rádio, televisão ou vídeo",16000.0
130002542004,Publicidade por adesivos,31980.0
130002542004,Publicidade por materiais impressos,452021.81
130002542004,Serviços advocatícios,33000.0
130002542004,Serviços contábeis,60000.0
130002542004,Serviços prestados por terceiros,263681.0
130002542005,"Encargos financeiros, taxas bancárias e/ou op. cartão de crédito",1.0
130002542005,Locação/cessão de bens imóveis,6500.0
130002542005,"Produção de jingles, vinhetas e slogans",6000.0
130002542005,Serviços prestados por terceiros,25397.0
130002542006,Atividades de militância e mobilização de rua,191300.0
130002542006,Despesa com Impulsionamento de Conteúdos,12000.0
130002542006,Despesas com pessoal,22000.0
130002542006,Despesas com transporte ou deslocamento,19500.0
130002542006,"Encargos financeiros, taxas bancárias e/ou op. cartão de crédito",14.6
130002542006,Eventos de promoção da candidatura,5990.0
130002542006,Locação/cessão de bens imóveis,20531.5
130002542006,Pré-instalação física de comitê de campanha,10000.0
130002542006,Publicidade por jornais e revistas,1000.0
130002542006,Publicidade por materiais impressos,175849.5
130002542006,Serviços prestados por terceiros,13000.0
130002542007,Alimentação,170.78
130002542007,Atividades de militância e mobilização de rua,55460.0
130002542007,Cessão ou locação de veículos,38450.0
130002542007,Combustíveis e lubrificantes,8225.789999999999
130002542007,Correspondências e despesas postais,4791.0
130002542007,Criação e inclusão de páginas na internet,219.88
130002542007,Despesa com Impulsionamento de Conteúdos,34900.99
130002542007,Despesas com pessoal,250170.0
130002542007,"Encargos financeiros, taxas bancárias e/ou op. cartão de crédito",105.8
130002542007,Locação/cessão de bens imóveis,112002.58
130002542007,Locação/cessão de bens móveis (exceto veículos),2650.0
130002542007,Materiais de expediente,671.96
130002542007,Publicidade por adesivos,39700.0
130002542007,Publicidade por carros de som,660.0
130002542007,Publicidade por materiais impressos,604672.4
130002542007,Serviços contábeis,60000.0
130002542007,Serviços prestados por terceiros,20000.0
130002542007,Taxa de Administração de Financiamento Coletivo,19.63
130002542008,Alimentação,16476.77
130002542008,Atividades de militância e mobilização de rua,102850.0
130002542008,Cessão ou locação de veículos,120240.0
130002542008,Combustíveis e lubrificantes,22835.989999999998
130002542008,Correspondências e despesas postais,12857.699999999999
130002542008,Despesa com Impulsionamento de Conteúdos,83500.0
130002542008,Despesas com Hospedagem,692.58
130002542008,Despesas com pessoal,5000.0
130002542008,"Impostos, contribuições e taxas",82.8
130002542008,Locação/cessão de bens imóveis,37100.0
130002542008,Locação/cessão de bens móveis (exceto veículos),7329.9
130002542008,Materiais de expediente,5807.84
130002542008,"Produção de jingles, vinhetas e slogans",1600.0
130002542008,Publicidade por materiais impressos,176324.78
130002542008,Serviços advocatícios,45000.0
130002542008,Serviços contábeis,16900.0
130002542008,Serviços prestados por terceiros,8704.87
130002542008,Serviços próprios prestados por terceiros,1710.0
130002542009,Alimentação,1065.8600000000001
130002542009,Atividades de militância e mobilização de rua,33350.0
130002542009,Cessão ou locação de veículos,13000.0
130002542009,Combustíveis e lubrificantes,2066.62
130002542009,Despesas com pessoal,47734.68
130002542009,"Encargos financeiros, taxas bancárias e/ou op. cartão de crédito",30.89
130002542009,Locação/cessão de bens imóveis,4000.0
130002542009,Materiais de expediente,337.2
130002542009,Publicidade por adesivos,2006.4
130002542009,Publicidade por materiais impressos,47273.0
130002542009,Serviços contábeis,2000.0
130002542009,Serviços prestados por terceiros,17400.0
130002542010,Alimentação,609.61
130002542010,Atividades de militância e mobilização de rua,60650.0
130002542010,Cessão ou locação de veículos,17550.0
130002542010,Combustíveis e lubrificantes,6855.43
130002542010,Despesa com Impulsionamento de Conteúdos,5000.0
130002542010,"Encargos financeiros, taxas bancárias e/ou op. cartão de crédito",26.6
130002542010,Locação/cessão de bens imóveis,8000.0
130002542010,Locação/cessão de bens móveis (exceto veículos),4850.0
130002542010,Materiais de expediente,207.11
130002542010,Publicidade por materiais impressos,16665.0
130002542010,Serviços prestados por terceiros,129704.6
130002542011,Atividades de militância e mobilização de rua,84800.0
130002542011,Combustíveis e lubrificantes,438.74
130002542011,Correspondências e despesas postais,540.6
130002542011,Criação e inclusão de páginas na internet,219.88
130002542011,Despesas com pessoal,69500.0
130002542011,Diversas a especificar,957.85
130002542011,"Encargos financeiros, taxas bancárias e/ou op. cartão de crédito",16.6
130002542011,Locação/cessão de bens imóveis,13700.0
130002542011,Locação/cessão de bens móveis (exceto veículos),9327.01
130002542011,Publicidade por adesivos,19750.0
130002542011,Publicidade por materiais impressos,53832.0
130002542011,Serviços prestados por terceiros,219310.0
130002542012,Alimentação,2785.0
130002542012,Atividades de militância e mobilização de rua,87903.58
130002542012,Cessão ou locação de veículos,1001.0
130002542012,Combustíveis e lubrificantes,800.0
130002542012,Criação e inclusão de páginas na internet,2200.0
130002542012,Despesa com Impulsionamento de Conteúdos,37251.88
130002542012,Diversas a especificar,1196.36
130002542012,"Encargos financeiros, taxas bancárias e/ou op. cartão de crédito",29.0
130002542012,Pesquisas ou testes eleitorais,20000.0
130002542012,"Produção de jingles, vinhetas e slogans",1500.0
130002542012,Publicidade por materiais impressos,72871.0
130002542012,Serviços advocatícios,173600.0
130002542012,Serviços contábeis,25000.0
130002542012,Serviços prestados por terceiros,300504.63
130002542013,Cessão ou locação de veículos,4000.0
130002542013,Despesa com Impulsionamento de Conteúdos,12000.0
130002542013,"Encargos financeiros, taxas bancárias e/ou op. cartão de crédito",190.92
130002542013,Locação/cessão de bens imóveis,34780.0
130002542013,Publicidade por adesivos,18520.0
130002542013,Serviços advocatícios,10000.0
130002542013,Serviços contábeis,20000.0
130002542013,Serviços prestados por terceiros,75000.0
130002542015,Atividades de militância e mobilização de rua,1260894.0
130002542015,Cessão ou locação de veículos,73995.41
130002542015,Combustíveis e lubrificantes,8940.369999999999
130002542015,Despesa com Impulsionamento de Conteúdos,60000.0
130002542015,Eventos de promoção da candidatura,7861.24
130002542015,Locação/cessão de bens imóveis,58879.3
130002542015,Locação/cessão de bens móveis (exceto veículos),15349.0
130002542015,Materiais de expediente,5309.8
130002542015,"Produção de jingles, vinhetas e slogans",2500.0
130002542015,"Produção de programas de rádio, televisão ou vídeo",25000.0
130002542015,Publicidade por adesivos,87727.65
130002542015,Publicidade por materiais impressos,137945.0
130002542015,Serviços advocatícios,45000.0
130002542015,Serviços prestados por terceiros,20000.0
130002542015,Água,692.81
130002542016,Cessão ou locação de veículos,131521.84
130002542016,Combustíveis e lubrificantes,22912.86
130002542016,Correspondências e despesas postais,5060.37
130002542016,Despesa com Impulsionamento de Conteúdos,85000.0
130002542016,Despesas com Hospedagem,1500.0
130002542016,Despesas com pessoal,299860.0
130002542016,Diversas a especificar,47410.72
130002542016,"Encargos financeiros, taxas bancárias e/ou op. cartão de crédito",113.0
130002542016,Locação/cessão de bens imóveis,41700.0
130002542016,Locação/cessão de bens móveis (exceto veículos),9045.0
130002542016,"Produção de jingles, vinhetas e slogans",520.0
130002542016,Publicidade por jornais e revistas,600.0
130002542016,Publicidade por materiais impressos,423762.52
130002542017,Atividades de militância e mobilização de rua,66400.0
130002542017,Cessão ou locação de veículos,17721.0
130002542017,Despesa com Impulsionamento de Conteúdos,10000.0
130002542017,Despesas com transporte ou deslocamento,2205.0
130002542017,"Encargos financeiros, taxas bancárias e/ou op. cartão de crédito",21.1
130002542017,Locação/cessão de bens imóveis,26300.0
130002542017,Locação/cessão de bens móveis (exceto veículos),6000.0
130002542017,"Produção de programas de rádio, televisão ou vídeo",275000.0
130002542017,Publicidade por adesivos,71035.0
130002542017,Publicidade por materiais impressos,391440.0
130002542017,Serviços advocatícios,35000.0
130002542017,Serviços contábeis,27000.0
130002542017,Serviços prestados por terceiros,216422.5
130002542018,Atividades de militância e mobilização de rua,88621.0
130002542018,Despesa com Impulsionamento de Conteúdos,500.0
130002542018,Despesas com pessoal,135000.0
130002542018,Diversas a especificar,15000.0
130002542018,"Encargos financeiros, taxas bancárias e/ou op. cartão de crédito",134.3
130002542018,Locação/cessão de bens imóveis,6500.0
130002542018,Publicidade por materiais impressos,264978.0
130002542018,Serviços advocatícios,35000.0
130002542018,Serviços contábeis,15000.0
130002542018,Serviços prestados por terceiros,114700.0
130002542018,Serviços próprios prestados por terceiros,3500.0
130002542019,Atividades de militância e mobilização de rua,184906.66
130002542019,Cessão ou locação de veículos,37206.21
130002542019,Combustíveis e lubrificantes,13000.0
130002542019,Correspondências e despesas postais,3179.6
130002542019,Despesa com Impulsionamento de Conteúdos,8000.0
130002542019,Despesas com Hospedagem,3075.14
130002542019,Despesas com pessoal,395000.0
130002542019,Despesas com transporte ou deslocamento,151038.57
130002542019,Diversas a especificar,1929.0
130002542019,"Encargos financeiros, taxas bancárias e/ou op. cartão de crédito",58.5
130002542019,Locação/cessão de bens imóveis,49000.0
130002542019,Locação/cessão de bens móveis (exceto veículos),1100.0
130002542019,Materiais de expediente,1813.23
130002542019,Passagem Aérea,3121.69
130002542019,Pesquisas ou testes eleitorais,80000.0
130002542019,Publicidade por adesivos,96838.3
130002542019,Publicidade por materiais impressos,131850.0
130002542019,Serviços advocatícios,35000.0
130002542019,Serviços contábeis,8000.0
130002542019,Serviços prestados por terceiros,130000.0
130002542019,Serviços próprios prestados por terceiros,11065.0
130002542020,Atividades de militância e mobilização de rua,10320.0
130002542020,Despesa com Impulsionamento de Conteúdos,5500.0
130002542020,Despesas com pessoal,8000.0
130002542020,"Encargos financeiros, taxas bancárias e/ou op. cartão de crédito",4.5
130002542020,Locação/cessão de bens imóveis,10000.0
130002542020,"Produção de jingles, vinhetas e slogans",3000.0
130002542020,Publicidade por adesivos,1680.0
130002542020,Publicidade por materiais impressos,45285.0
130002542020,Serviços advocatícios,57000.0
130002542020,Serviços contábeis,13000.0
130002542020,Serviços prestados por terceiros,13138.89
130002542021,Cessão ou locação de veículos,21899.989999999998
130002542021,Combustíveis e lubrificantes,11549.15
130002542021,Despesa com Impulsionamento de Conteúdos,10000.0
130002542021,Despesas com pessoal,664500.0
130002542021,Despesas com transporte ou deslocamento,38000.0
130002542021,Eventos de promoção da candidatura,600.0
130002542021,Locação/cessão de bens imóveis,29354.47
130002542021,Materiais de expediente,165.0
130002542021,"Produção de jingles, vinhetas e slogans",325.0
130002542021,Pré-instalação física de comitê de campanha,54431.0
130002542021,Publicidade por adesivos,21075.0
130002542021,Publicidade por carros de som,24000.0
130002542021,Publicidade por materiais impressos,103852.5
130002542021,Serviços advocatícios,27000.0
130002542021,Serviços prestados por terceiros,30000.0
130002542021,Água,1600.0
130002542022,Alimentação,14259.34
130002542022,Atividades de militância e mobilização de rua,59000.0
130002542022,Cessão ou locação de veículos,50000.0
130002542022,Combustíveis e lubrificantes,19528.0
130002542022,Correspondências e despesas postais,1349.5
130002542022,Criação e inclusão de páginas na internet,40.0
130002542022,Despesa com Impulsionamento de Conteúdos,20000.0
130002542022,Despesa com geradores de energia,510.0
130002542022,Despesas com Hospedagem,20361.21
130002542022,Despesas com pessoal,25642.5
130002542022,Despesas com transporte ou deslocamento,59.35
130002542022,Diversas a especificar,585.6800000000001
130002542022,"Impostos, contribuições e taxas",4591.27
130002542022,Locação/cessão de bens imóveis,13036.53
130002542022,Materiais de expediente,1471.28
130002542022,Pré-instalação física de comitê de campanha,2700.0
130002542022,Publicidade por adesivos,23000.0
130002542022,Publicidade por materiais impressos,30297.5
130002542022,Serviços advocatícios,9500.0
130002542022,Serviços contábeis,2500.0
130002542023,Atividades de militância e mobilização de rua,3000.0
130002542023,Combustíveis e lubrificantes,150.0
130002542023,Despesa com Impulsionamento de Conteúdos,81000.0
130002542023,Publicidade por materiais impressos,4362.5
130002542023,Serviços prestados por terceiros,82500.0
130002542024,Atividades de militância e mobilização de rua,630.0
130002542024,Cessão ou locação de veículos,17000.0
130002542024,Combustíveis e lubrificantes,1646.62
130002542024,Criação e inclusão de páginas na internet,1000.0
130002542024,Despesa com Impulsionamento de Conteúdos,8000.0
130002542024,Despesas com pessoal,204466.6
130002542024,"Encargos financeiros, taxas bancárias e/ou op. cartão de crédito",20.5
130002542024,Locação/cessão de bens imóveis,30038.21
130002542024,Materiais de expediente,239.2
130002542024,Publicidade por adesivos,22949.0
130002542024,Publicidade por materiais impressos,38101.0
130002542024,Serviços advocatícios,10500.0
130002542024,Serviços contábeis,17000.0
130002542024,Serviços prestados por terceiros,90576.66
130002542025,Atividades de militância e mobilização de rua,71346.0
130002542025,Cessão ou locação de veículos,31500.0
130002542025,Despesa com Impulsionamento de Conteúdos,13000.0
130002542025,Despesas com pessoal,33000.0
130002542025,"Encargos financeiros, taxas bancárias e/ou op. cartão de crédito",119.2
130002542025,"Produção de programas de rádio, televisão ou vídeo",4500.0
130002542025,Publicidade por carros de som,4000.0
130002542025,Publicidade por materiais impressos,25500.0
130002542025,Serviços prestados por terceiros,17800.0
130002542025,Água,15870.0
130002542026,Combustíveis e lubrificantes,576.43
130002542026,Correspondências e despesas postais,28141.989999999998
130002542026,Despesa com Impulsionamento de Conteúdos,123000.0
130002542026,Despesas com pessoal,78933.3
130002542026,"Encargos financeiros, taxas bancárias e/ou op. cartão de crédito",57.0
130002542026,Locação/cessão de bens imóveis,57366.66
130002542026,Locação/cessão de bens móveis (exceto veículos),900.0
130002542026,Materiais de expediente,1471.9
130002542026,Publicidade por materiais impressos,586595.0
130002542026,Serviços contábeis,20000.0
130002542026,Serviços prestados por terceiros,331123.89
130002542026,Serviços próprios prestados por terceiros,2000.0
130002542026,Taxa de Administração de Financiamento Coletivo,1526.68
130002542027,Atividades de militância e mobilização de rua,613835.0
130002542027,Cessão ou locação de veículos,52500.0
130002542027,Combustíveis e lubrificantes,20630.31
130002542027,Despesas com pessoal,113150.0
130002542027,Despesas com transporte ou deslocamento,67000.0
130002542027,Diversas a especificar,63407.5
130002542027,"Encargos financeiros, taxas bancárias e/ou op. cartão de crédito",34.0
130002542027,Locação/cessão de bens imóveis,39492.0
130002542027,Locação/cessão de bens móveis (exceto veículos),3425.0
130002542027,Materiais de expediente,1309.84
130002542027,"Produção de jingles, vinhetas e slogans",5500.0
130002542027,Publicidade por adesivos,114413.0
130002542027,Publicidade por materiais impressos,530620.0
130002542027,Serviços advocatícios,5000.0
130002542027,Serviços contábeis,45000.0
130002542027,Serviços próprios prestados por terceiros,45000.0
130002542028,Cessão ou locação de veículos,22000.0
130002542028,Combustíveis e lubrificantes,2000.0
130002542028,Despesa com Impulsionamento de Conteúdos,7156.0
130002542028,Despesas com pessoal,153573.0
130002542028,Diversas a especificar,2041.17
130002542028,"Encargos financeiros, taxas bancárias e/ou op. cartão de crédito",27.5
130002542028,Locação/cessão de bens imóveis,7500.0
130002542028,"Produção de programas de rádio, televisão ou vídeo",240.0
130002542028,Publicidade por materiais impressos,33155.0
130002542031,Atividades de militância e mobilização de rua,919489.5
130002542031,Cessão ou locação de veículos,12760.0
130002542031,Despesa com Impulsionamento de Conteúdos,108000.0
130002542031,Despesas com pessoal,15500.0
130002542031,Diversas a especificar,6480.0
130002542031,Publicidade por adesivos,127505.24
130002542031,Publicidade por materiais impressos,31620.0
130002542031,Serviços advocatícios,100000.0
130002542031,Água,800.0
130002542033,Atividades de militância e mobilização de rua,43883.33
130002542033,Cessão ou locação de veículos,13000.35
130002542033,Combustíveis e lubrificantes,30000.0
130002542033,Despesa com Impulsionamento de Conteúdos,10000.0
130002542033,Despesas com pessoal,2000.0
130002542033,"Encargos financeiros, taxas bancárias e/ou op. cartão de crédito",50.1
130002542033,Locação/cessão de bens imóveis,1400.0
130002542033,Materiais de expediente,127.0
130002542033,Publicidade por adesivos,20100.0
130002542033,Publicidade por materiais impressos,58172.04
130002542033,Serviços advocatícios,10000.0
130002542033,Serviços contábeis,12750.0
130002542033,Serviços prestados por terceiros,150000.0
130002542033,Serviços próprios prestados por terceiros,3546.67
130002542034,Cessão ou locação de veículos,17000.0
130002542034,Combustíveis e lubrificantes,1800.0
130002542034,Correspondências e despesas postais,248617.6
130002542034,Despesa com Impulsionamento de Conteúdos,635400.0
130002542034,Diversas a especificar,5042.14
130002542034,"Encargos financeiros, taxas bancárias e/ou op. cartão de crédito",23.5
130002542034,Locação/cessão de bens imóveis,88000.0
130002542034,Materiais de expediente,1776.5
130002542034,Publicidade por materiais impressos,169781.0
130002542034,Serviços advocatícios,45000.0
130002542034,Serviços contábeis,25000.0
130002542034,Serviços prestados por terceiros,213650.0
130002542034,Água,80.0
130002542036,Atividades de militância e mobilização de rua,145820.0
130002542036,Cessão ou locação de veículos,39808.33
130002542036,Combustíveis e lubrificantes,4902.139999999999
130002542036,Despesa com Impulsionamento de Conteúdos,97000.0
130002542036,"Encargos financeiros, taxas bancárias e/ou op. cartão de crédito",11.5
130002542036,Publicidade por adesivos,120678.0
130002542036,Publicidade por jornais e revistas,1880.0
130002542036,Publicidade por materiais impressos,56740.0
130002542036,Serviços advocatícios,8000.0
130002542036,Serviços contábeis,22000.0
130002542037,Cessão ou locação de veículos,9000.0
130002542037,Combustíveis e lubrificantes,2971.34
130002542037,Despesa com Impulsionamento de Conteúdos,16200.0
130002542037,Despesas com pessoal,3800.0
130002542037,Diversas a especificar,4838.89
130002542037,"Encargos financeiros, taxas bancárias e/ou op. cartão de crédito",50.3
130002542037,Locação/cessão de bens imóveis,75400.0
130002542037,"Produção de jingles, vinhetas e slogans",5000.0
130002542037,"Produção de programas de rádio, televisão ou vídeo",50000.0
130002542037,Publicidade por materiais impressos,28880.0
130002542039,Atividades de militância e mobilização de rua,268950.0
130002542039,Cessão ou locação de veículos,42500.0
130002542039,Combustíveis e lubrificantes,146.38
130002542039,Despesa com Impulsionamento de Conteúdos,60000.0
130002542039,Despesas com pessoal,575110.0
130002542039,"Encargos financeiros, taxas bancárias e/ou op. cartão de crédito",67.0
130002542039,Eventos de promoção da candidatura,14400.0
130002542039,Locação/cessão de bens imóveis,33750.0
130002542039,"Produção de jingles, vinhetas e slogans",19800.0
130002542039,"Produção de programas de rádio, televisão ou vídeo",33500.0
130002542039,Publicidade por adesivos,104983.5
130002542039,Publicidade por materiais impressos,124716.3
130002542039,Serviços advocatícios,30000.0
130002542039,Serviços contábeis,10000.0
130002542040,Atividades de militância e mobilização de rua,59100.0
130002542040,Combustíveis e lubrificantes,1756.0900000000001
130002542040,Despesa com Impulsionamento de Conteúdos,255000.0
130002542040,Materiais de expediente,2100.0
130002542040,Publicidade por adesivos,36289.0
130002542040,Publicidade por carros de som,1500.0
130002542040,Publicidade por materiais impressos,69309.0
130002542040,Serviços prestados por terceiros,600.0
130002542040,Taxa de Administração de Financiamento Coletivo,126.7
130002542043,Atividades de militância e mobilização de rua,485464.0
130002542043,Cessão ou locação de veículos,85400.0
130002542043,Combustíveis e lubrificantes,6092.74
130002542043,Correspondências e despesas postais,16714.079999999998
130002542043,Despesa com Impulsionamento de Conteúdos,6000.0
130002542043,Despesas com pessoal,285850.54
130002542043,Doações financeiras a outros candidatos/partidos,317345.0
130002542043,"Encargos financeiros, taxas bancárias e/ou op. cartão de crédito",118.5
130002542043,Locação/cessão de bens imóveis,48200.0
130002542043,Locação/cessão de bens móveis (exceto veículos),14350.0
130002542043,"Produção de jingles, vinhetas e slogans",1000.0
130002542043,Publicidade por adesivos,243155.0
130002542043,Publicidade por materiais impressos,290004.0
130002542043,Serviços advocatícios,40000.0
130002542043,Serviços contábeis,14900.0
130002542043,Serviços prestados por terceiros,9000.0
130002542044,Atividades de militância e mobilização de rua,252050.0
130002542044,Cessão ou locação de veículos,59500.0
130002542044,Combustíveis e lubrificantes,377.4
130002542044,Despesa com Impulsionamento de Conteúdos,10000.0
130002542044,Despesas com pessoal,70950.0
130002542044,Locação/cessão de bens imóveis,9500.0
130002542044,"Produção de jingles, vinhetas e slogans",3000.0
130002542044,Publicidade por adesivos,80752.0
130002542044,Publicidade por materiais impressos,28330.5
130002542044,Serviços advocatícios,20000.0
130002542044,Serviços contábeis,15000.0
130002542692,Atividades de militância e mobilização de rua,157999.99
130002542692,"Encargos financeiros, taxas bancárias e/ou op. cartão de crédito",26.0
130002542692,Publicidade por materiais impressos,10865.0
130002542692,Serviços prestados por terceiros,50000.0
130002542693,Diversas a especificar,75000.0
130002542693,Publicidade por materiais impressos,156000.0
130002542693,Serviços advocatícios,30000.0
130002542693,Serviços contábeis,30000.0
130002542694,"Produção de jingles, vinhetas e slogans",3350.0
130002542694,Publicidade por materiais impressos,10080.0
130002542695,Atividades de militância e mobilização de rua,53672.5
130002542695,Cessão ou locação de veículos,6500.0
130002542695,Combustíveis e lubrificantes,15122.61
130002542695,Despesa com Impulsionamento de Conteúdos,50000.0
130002542695,Despesas com Hospedagem,960.0
130002542695,Despesas com transporte ou deslocamento,1200.0
130002542695,"Encargos financeiros, taxas bancárias e/ou op. cartão de crédito",42.5
130002542695,Locação/cessão de bens imóveis,39833.35
130002542695,Locação/cessão de bens móveis (exceto veículos),4090.0
130002542695,Materiais de expediente,1944.71
130002542695,Publicidade por adesivos,8960.0
130002542695,Publicidade por materiais impressos,391973.23
130002542695,Serviços advocatícios,50000.0
130002542695,Serviços contábeis,32500.0
130002542695,Serviços prestados por terceiros,251650.0
130002542695,Serviços próprios prestados por terceiros,35300.0
130002542695,Telefone,530.0
130002542697,Atividades de militância e mobilização de rua,404399.66
130002542697,Cessão ou locação de veículos,143107.88
130002542697,Combustíveis e lubrificantes,10215.429999999998
130002542697,Correspondências e despesas postais,111050.28
130002542697,Despesa com Impulsionamento de Conteúdos,40000.0
130002542697,Despesas com pessoal,315769.67
130002542697,Diversas a especificar,2144.0
130002542697,Locação/cessão de bens imóveis,28000.0
130002542697,Locação/cessão de bens móveis (exceto veículos),10600.0
130002542697,Publicidade por materiais impressos,382698.0
130002542697,Serviços prestados por terceiros,5480.0
130002542698,Atividades de militância e mobilização de rua,18000.0
130002542698,Publicidade por materiais impressos,16700.0
130002542698,Serviços advocatícios,1075.0
130002542698,Serviços contábeis,29000.0
130002542699,Atividades de militância e mobilização de rua,12000.0
130002542699,Cessão ou locação de veículos,7000.0
130002542699,Despesa com Impulsionamento de Conteúdos,20000.0
130002542699,Despesas com pessoal,65000.0
130002542699,"Encargos financeiros, taxas bancárias e/ou op. cartão de crédito",14.1
130002542699,Publicidade por materiais impressos,11400.0
130002542699,Serviços contábeis,35000.0
130002542699,Serviços prestados por terceiros,10200.0
130002542700,Alimentação,15540.0
130002542700,Atividades de militância e mobilização de rua,162058.13
130002542700,Combustíveis e lubrificantes,1405.89
130002542700,Despesa com Impulsionamento de Conteúdos,3000.0
130002542700,Despesas com pessoal,7484.0
130002542700,Despesas com transporte ou deslocamento,3400.0
130002542700,Diversas a especificar,780.0
130002542700,Publicidade por adesivos,554740.0
130002542700,Publicidade por materiais impressos,81700.0
130002542700,"Segurança e prevenção, repressão e combate à violência política",3782.8
130002542701,Atividades de militância e mobilização de rua,126760.0
130002542701,Cessão ou locação de veículos,95770.0
130002542701,Despesa com Impulsionamento de Conteúdos,70000.0
130002542701,Despesas com pessoal,898240.0
130002542701,Locação/cessão de bens imóveis,29800.0
130002542701,"Produção de programas de rádio, televisão ou vídeo",25000.0
130002542701,Publicidade por adesivos,45012.0
130002542701,Publicidade por carros de som,8000.0
130002542701,Publicidade por materiais impressos,126493.5
130002542701,Serviços contábeis,5000.0
130002542701,Serviços prestados por terceiros,108900.0
130002542701,Serviços próprios prestados por terceiros,3700.0
130002542702,Despesa com Impulsionamento de Conteúdos,6750.0
130002542703,Despesa com Impulsionamento de Conteúdos,10580.0
130002542703,Publicidade por materiais impressos,10200.0
130002542704,Atividades de militância e mobilização de rua,327185.0
130002542704,Cessão ou locação de veículos,12500.0
130002542704,Criação e inclusão de páginas na internet,163.1
130002542704,Despesa com Impulsionamento de Conteúdos,7000.0
130002542704,Despesas com pessoal,12500.0
130002542704,Diversas a especificar,6500.0
130002542704,"Encargos financeiros, taxas bancárias e/ou op. cartão de crédito",2.0
130002542704,Locação/cessão de bens imóveis,1945.0
130002542704,Publicidade por adesivos,10670.0
130002542704,Publicidade por materiais impressos,6780.0
130002542704,Serviços advocatícios,2000.0
130002542704,Serviços contábeis,42000.0
130002542705,Despesas com pessoal,16100.0
130002542705,Publicidade por materiais impressos,122000.0
130002542706,Atividades de militância e mobilização de rua,30000.0
130002542706,Despesas com pessoal,70000.0
130002542706,"Encargos financeiros, taxas bancárias e/ou op. cartão de crédito",2.0
130002542708,Atividades de militância e mobilização de rua,1200.0
130002542708,Despesa com Impulsionamento de Conteúdos,223.69
130002542708,"Encargos financeiros, taxas bancárias e/ou op. cartão de crédito",0.5
130002542708,"Produção de programas de rádio, televisão ou vídeo",6000.0
130002542708,Serviços contábeis,2400.0
130002542708,Serviços prestados por terceiros,15000.0
130002542709,Atividades de militância e mobilização de rua,39525.0
130002542709,Correspondências e despesas postais,4148.43
130002542709,Despesa com Impulsionamento de Conteúdos,13000.0
130002542709,Despesas com transporte ou deslocamento,2700.0
130002542709,Diversas a especificar,845.0
130002542709,"Encargos financeiros, taxas bancárias e/ou op. cartão de crédito",15.6
130002542709,Locação/cessão de bens imóveis,6484.0
130002542709,Locação/cessão de bens móveis (exceto veículos),800.0
130002542709,Materiais de expediente,185.0
130002542709,"Produção de jingles, vinhetas e slogans",600.0
130002542709,Publicidade por adesivos,22413.440000000002
130002542709,Publicidade por materiais impressos,27680.0
130002542709,Serviços advocatícios,10000.0
130002542709,Serviços contábeis,11250.0
130002542709,Serviços prestados por terceiros,180000.0
130002542710,Cessão ou locação de veículos,18000.0
130002542710,Combustíveis e lubrificantes,1074.83
130002542710,Despesa com Impulsionamento de Conteúdos,2000.0
130002542710,Despesas com pessoal,6000.0
130002542710,Diversas a especificar,75000.0
130002542710,"Encargos financeiros, taxas bancárias e/ou op. cartão de crédito",2.5
130002542710,"Produção de jingles, vinhetas e slogans",3500.0
130002542710,Publicidade por materiais impressos,59709.99
130002542711,Despesa com Impulsionamento de Conteúdos,5000.0
130002542711,Diversas a especificar,1625.0
130002542711,Publicidade por materiais impressos,10000.0
130002542712,Atividades de militância e mobilização de rua,10000.0
130002542712,Despesa com Impulsionamento de Conteúdos,1000.0
130002542713,Despesa com Impulsionamento de Conteúdos,600.0
130002542713,Serviços advocatícios,5000.0
130002542714,Atividades de militância e mobilização de rua,61619.0
130002542714,Despesa com Impulsionamento de Conteúdos,55000.0
130002542714,Despesas com pessoal,12000.0
130002542714,Despesas com transporte ou deslocamento,11115.0
130002542714,Diversas a especificar,230554.74
130002542714,"Encargos financeiros, taxas bancárias e/ou op. cartão de crédito",26.0
130002542714,Locação/cessão de bens imóveis,5500.0
130002542714,Pesquisas ou testes eleitorais,22200.0
130002542714,"Produção de jingles, vinhetas e slogans",20000.0
130002542714,Publicidade por materiais impressos,41590.0
130002542715,Atividades de militância e mobilização de rua,546439.0
130002542715,Cessão ou locação de veículos,44932.0
130002542715,Combustíveis e lubrificantes,30125.17
130002542715,Comícios,2000.0
130002542715,Despesa com Impulsionamento de Conteúdos,80500.0
130002542715,"Encargos financeiros, taxas bancárias e/ou op. cartão de crédito",75.6
130002542715,Locação/cessão de bens imóveis,25700.0
130002542715,"Produção de jingles, vinhetas e slogans",15000.0
130002542715,Publicidade por adesivos,234400.0
130002542715,Publicidade por materiais impressos,199719.8
130002542715,Serviços advocatícios,50000.0
130002542715,Serviços contábeis,50000.0
130002542715,Serviços prestados por terceiros,326990.06
130002542716,Atividades de militância e mobilização de rua,220899.0
130002542716,Despesa com Impulsionamento de Conteúdos,150000.0
130002542716,Despesas com pessoal,21830.0
130002542716,Diversas a especificar,214.0
130002542716,Eventos de promoção da candidatura,10900.0
130002542716,Locação/cessão de bens imóveis,3000.0
130002542716,Publicidade por adesivos,263500.0
130002542716,Publicidade por materiais impressos,4948.0
130002542716,Serviços advocatícios,10000.0
130002542716,Serviços contábeis,60000.0
130002542716,Serviços prestados por terceiros,57500.0
130002542717,Alimentação,787.44
130002542717,Cessão ou locação de veículos,18000.0
130002542717,Combustíveis e lubrificantes,3238.16
130002542717,Despesa com Impulsionamento de Conteúdos,6500.0
130002542717,"Encargos financeiros, taxas bancárias e/ou op. cartão de crédito",3.5
130002542717,Publicidade por materiais impressos,40950.0
130002542717,Serviços próprios prestados por terceiros,400.0
130002542718,Despesa com Impulsionamento de Conteúdos,200.0
130002542718,Publicidade por materiais impressos,8500.0
130002542718,Serviços advocatícios,59000.0
130002542718,Serviços contábeis,15000.0
130002542718,Serviços prestados por terceiros,22000.0
130002542720,Despesa com Impulsionamento de Conteúdos,15000.0
130002542720,Diversas a especificar,20000.0
130002542720,Publicidade por materiais impressos,2050.0
130002542721,Atividades de militância e mobilização de rua,32824.0
130002542721,Cessão ou locação de veículos,9400.0
130002542721,Combustíveis e lubrificantes,682.4100000000001
130002542721,Despesa com Impulsionamento de Conteúdos,7544.88
130002542721,Despesas com transporte ou deslocamento,5500.0
130002542721,Diversas a especificar,16500.0
130002542721,"Encargos financeiros, taxas bancárias e/ou op. cartão de crédito",68.2
130002542721,Locação/cessão de bens imóveis,4000.0
130002542721,Publicidade por materiais impressos,32980.0
130002542721,Serviços prestados por terceiros,6000.0
130002542722,Serviços advocatícios,10000.0
130002542722,Serviços contábeis,10000.0
130002542723,Alimentação,607.66
130002542723,Atividades de militância e mobilização de rua,14540.0
130002542723,Cessão ou locação de veículos,15300.0
130002542723,Combustíveis e lubrificantes,9906.98
130002542723,Correspondências e despesas postais,558.0
130002542723,Despesa com Impulsionamento de Conteúdos,42500.0
130002542723,Locação/cessão de bens imóveis,10000.0
130002542723,Locação/cessão de bens móveis (exceto veículos),1196.0
130002542723,Materiais de expediente,673.0
130002542723,Publicidade por adesivos,53196.5
130002542723,Serviços prestados por terceiros,384190.0
130002542723,Água,200.0
130002542724,Cessão ou locação de veículos,85117.32
130002542724,Combustíveis e lubrificantes,5727.5
130002542724,Despesa com Impulsionamento de Conteúdos,16000.0
130002542724,Despesas com pessoal,195950.0
130002542724,"Encargos financeiros, taxas bancárias e/ou op. cartão de crédito",340.7
130002542724,Locação/cessão de bens imóveis,5400.0
130002542724,Locação/cessão de bens móveis (exceto veículos),1560.0
130002542724,"Produção de programas de rádio, televisão ou vídeo",44500.0
130002542724,Publicidade por adesivos,225805.0
130002542724,Publicidade por materiais impressos,357405.0
130002542724,Serviços advocatícios,25000.0
130002542724,Serviços contábeis,25000.0
130002542725,Despesas com pessoal,20000.0
130002542725,Diversas a especificar,120747.0
130002542726,Alimentação,966.25
130002542726,Aquisição/Doação de bens móveis ou imóveis,5000.0
130002542726,Atividades de militância e mobilização de rua,42700.0
130002542726,Cessão ou locação de veículos,30000.0
130002542726,Combustíveis e lubrificantes,1415.8500000000001
130002542726,Despesa com Impulsionamento de Conteúdos,1200.0
130002542726,Publicidade por materiais impressos,107000.0
130002542727,Cessão ou locação de veículos,6970.4
130002542727,Despesa com Impulsionamento de Conteúdos,247.02
130002542727,"Encargos financeiros, taxas bancárias e/ou op. cartão de crédito",25.0
130002542727,Publicidade por materiais impressos,4000.0
130002542728,Despesa com Impulsionamento de Conteúdos,5000.0
130002542728,"Encargos financeiros, taxas bancárias e/ou op. cartão de crédito",1.0
130002542728,"Produção de jingles, vinhetas e slogans",67.0
130002542728,Publicidade por materiais impressos,4644.0
130002542728,Serviços prestados por terceiros,35000.0
130002542729,Atividades de militância e mobilização de rua,27600.0
130002542729,Cessão ou locação de veículos,4400.0
130002542729,Combustíveis e lubrificantes,321.09
130002542729,Despesas com pessoal,6600.0
130002542729,Publicidade por materiais impressos,4100.0
130002542730,Comícios,22500.0
130002542730,"Encargos financeiros, taxas bancárias e/ou op. cartão de crédito",2.0
130002542730,Locação/cessão de bens imóveis,77700.0
130002542730,Publicidade por materiais impressos,154600.0
130002542731,Publicidade por materiais impressos,8380.0
130002542732,Atividades de militância e mobilização de rua,16500.0
130002542732,Cessão ou locação de veículos,5000.0
130002542732,Combustíveis e lubrificantes,475.8
130002542732,Despesas com pessoal,9100.0
130002542733,Atividades de militância e mobilização de rua,52124.33
130002542733,Cessão ou locação de veículos,11784.48
130002542733,"Encargos financeiros, taxas bancárias e/ou op. cartão de crédito",23.9
130002542733,Locação/cessão de bens imóveis,14000.0
130002542733,"Produção de jingles, vinhetas e slogans",1200.0
130002542733,"Produção de programas de rádio, televisão ou vídeo",120000.0
130002542733,Pré-instalação física de comitê de campanha,858.0
130002542733,Publicidade por materiais impressos,24165.0
130002542733,Serviços advocatícios,20000.0
130002542733,Serviços contábeis,15000.0
130002542733,Serviços prestados por terceiros,10000.0
130002542734,Atividades de militância e mobilização de rua,115225.0
130002542734,Cessão ou locação de veículos,10180.0
130002542734,Combustíveis e lubrificantes,457.92
130002542734,Criação e inclusão de páginas na internet,2000.0
130002542734,Despesas com pessoal,167900.0
130002542734,Diversas a especificar,9.21
130002542734,"Encargos financeiros, taxas bancárias e/ou op. cartão de crédito",10.8
130002542734,Locação/cessão de bens imóveis,6000.0
130002542734,"Produção de jingles, vinhetas e slogans",1500.0
130002542734,Publicidade por adesivos,2425.0
130002542734,Publicidade por materiais impressos,14780.0
130002542734,Serviços contábeis,4863.0
130002542734,Serviços prestados por terceiros,21840.0
130002542735,Diversas a especificar,1000.0
130002542735,Locação/cessão de bens imóveis,3500.0
130002542735,"Produção de jingles, vinhetas e slogans",199.0
130002542735,Publicidade por materiais impressos,1500.0
130002542735,Serviços prestados por terceiros,11000.0
130002542736,Despesa com Impulsionamento de Conteúdos,569.14
130002542736,Publicidade por materiais impressos,18850.0
130002542737,Atividades de militância e mobilização de rua,256474.0
130002542737,Correspondências e despesas postais,18381.0
130002542737,Criação e inclusão de páginas na internet,850.0
130002542737,Diversas a especificar,145651.67
130002542737,"Encargos financeiros, taxas bancárias e/ou op. cartão de crédito",7.5
130002542737,Locação/cessão de bens imóveis,14000.0
130002542737,"Produção de jingles, vinhetas e slogans",700.0
130002542737,Publicidade por jornais e revistas,7800.0
130002542737,Publicidade por materiais impressos,14300.0
130002542737,Serviços advocatícios,50000.0
130002542737,Serviços contábeis,30000.0
130002542737,Serviços prestados por terceiros,112566.0
130002542737,Água,662.0
130002542738,Cessão ou locação de veículos,85593.17
130002542738,Combustíveis e lubrificantes,6395.84
130002542738,Despesa com Impulsionamento de Conteúdos,50000.0
130002542738,Doações financeiras a outros candidatos/partidos,1110000.0
130002542738,"Encargos financeiros, taxas bancárias e/ou op. cartão de crédito",19.0
130002542738,Locação/cessão de bens móveis (exceto veículos),3500.0
130002542738,Publicidade por adesivos,173243.0
130002542738,Publicidade por materiais impressos,288171.0
130002542738,Serviços contábeis,50000.0
130002542738,Serviços prestados por terceiros,145000.0
130002542738,Serviços próprios prestados por terceiros,8000.0
130002542739,Atividades de militância e mobilização de rua,5200.0
130002542739,Despesas com pessoal,2000.0
130002542739,Publicidade por materiais impressos,23425.0
130002542740,Cessão ou locação de veículos,2495.65
130002542740,Combustíveis e lubrificantes,425.8
130002542740,Despesa com Impulsionamento de Conteúdos,1922.11
130002542740,Despesas com pessoal,22000.0
130002542740,Diversas a especificar,6000.0
130002542740,"Encargos financeiros, taxas bancárias e/ou op. cartão de crédito",2.0
130002542740,Energia elétrica,16.2
130002542741,Cessão ou locação de veículos,10000.0
130002542741,Criação e inclusão de páginas na internet,26.9
130002542741,Despesas com pessoal,30800.0
130002542741,"Encargos financeiros, taxas bancárias e/ou op. cartão de crédito",43.3
130002542741,Locação/cessão de bens imóveis,5000.0
130002542741,Materiais de expediente,177.3
130002542741,"Produção de jingles, vinhetas e slogans",1200.0
130002542741,Publicidade por materiais impressos,84175.0
130002542741,Serviços prestados por terceiros,1622.0
130002542742,Atividades de militância e mobilização de rua,150440.0
130002542742,Cessão ou locação de veículos,53451.66
130002542742,Locação/cessão de bens imóveis,18500.0
130002542742,Publicidade por materiais impressos,283523.0
130002542742,Serviços contábeis,25000.0
130002542742,Serviços prestados por terceiros,200.0
130002542743,Alimentação,3855.75
130002542743,Cessão ou locação de veículos,28040.0
130002542743,Combustíveis e lubrificantes,5569.5
130002542743,Despesa com Impulsionamento de Conteúdos,17500.0
130002542743,Despesas com pessoal,13950.0
130002542743,Despesas com transporte ou deslocamento,14000.0
130002542743,Diversas a especificar,19475.05
130002542743,"Encargos financeiros, taxas bancárias e/ou op. cartão de crédito",276.4
130002542743,Locação/cessão de bens imóveis,21142.0
130002542743,Materiais de expediente,1940.6
130002542743,"Produção de programas de rádio, televisão ou vídeo",67550.0
130002542743,Pré-instalação física de comitê de campanha,4600.0
130002542743,Publicidade por adesivos,133727.0
130002542743,Publicidade por materiais impressos,219364.0
130002542743,Serviços advocatícios,265000.0
130002542743,Serviços contábeis,40000.0
130002542744,Cessão ou locação de veículos,12000.0
130002542744,Despesa com Impulsionamento de Conteúdos,10000.0
130002542744,Despesas com pessoal,39600.0
130002542744,"Encargos financeiros, taxas bancárias e/ou op. cartão de crédito",8.0
130002542744,Locação/cessão de bens imóveis,8200.0
130002542744,Publicidade por jornais e revistas,3000.0
130002542744,Publicidade por materiais impressos,23859.5
130002542744,Serviços advocatícios,12000.0
130002542744,Serviços contábeis,12000.0
130002542744,Serviços prestados por terceiros,15000.0
130002542744,Serviços próprios prestados por terceiros,10000.0
130002542745,Despesa com Impulsionamento de Conteúdos,12000.0
130002542745,Despesas com pessoal,96000.0
130002542745,"Encargos financeiros, taxas bancárias e/ou op. cartão de crédito",1.0
130002542745,Publicidade por carros de som,1740.0
130002542745,Publicidade por materiais impressos,10000.0
130002542745,Serviços advocatícios,10000.0
130002542745,Serviços contábeis,10000.0
130002543105,Alimentação,510.91
130002543105,Atividades de militância e mobilização de rua,18000.0
130002543105,Cessão ou locação de veículos,9000.0
130002543105,Combustíveis e lubrificantes,370.0
130002543105,Despesas com pessoal,12000.0
130002543105,"Encargos financeiros, taxas bancárias e/ou op. cartão de crédito",7.5
130002543105,Materiais de expediente,262.5
130002543105,Serviços advocatícios,2000.0
130002543106,Despesa com Impulsionamento de Conteúdos,10000.0
130002543106,"Encargos financeiros, taxas bancárias e/ou op. cartão de crédito",3.0
130002543106,Publicidade por adesivos,2180.0
130002543106,Publicidade por materiais impressos,1912.0
130002543106,Serviços advocatícios,7500.0
130002543106,Serviços contábeis,35300.0
130002543106,Serviços prestados por terceiros,78250.0
130002543108,Atividades de militância e mobilização de rua,83500.0
130002543108,Cessão ou locação de veículos,30337.12
130002543108,Combustíveis e lubrificantes,5000.0
130002543108,Criação e inclusão de páginas na internet,7500.0
130002543108,Despesa com Impulsionamento de Conteúdos,40000.0
130002543108,Despesas com pessoal,73200.0
130002543108,"Encargos financeiros, taxas bancárias e/ou op. cartão de crédito",104.0
130002543108,Eventos de promoção da candidatura,68817.0
130002543108,Locação/cessão de bens imóveis,40000.0
130002543108,Materiais de expediente,7475.25
130002543108,Pesquisas ou testes eleitorais,42000.0
130002543108,Publicidade por adesivos,23000.0
130002543108,Publicidade por materiais impressos,299439.0
130002543108,Serviços advocatícios,50000.0
130002543108,Serviços contábeis,23660.0
130002543108,Serviços prestados por terceiros,380700.0
130002543108,Taxa de Administração de Financiamento Coletivo,1.99
130002543109,Cessão ou locação de veículos,16000.0
130002543109,Combustíveis e lubrificantes,1982.0
130002543109,Despesa com Impulsionamento de Conteúdos,15000.0
130002543109,Despesas com pessoal,8000.0
130002543109,Locação/cessão de bens imóveis,3000.0
130002543109,"Produção de jingles, vinhetas e slogans",1000.0
130002543109,Publicidade por materiais impressos,44242.0
130002543109,Serviços advocatícios,30000.0
130002543109,Serviços contábeis,8000.0
130002543109,Serviços prestados por terceiros,49300.0
130002543112,Despesa com Impulsionamento de Conteúdos,30000.0
130002543112,Despesas com pessoal,591236.0
130002543112,"Encargos financeiros, taxas bancárias e/ou op. cartão de crédito",13.5
130002543112,Locação/cessão de bens imóveis,10000.0
130002543112,Publicidade por adesivos,60097.880000000005
130002543112,Publicidade por materiais impressos,4200.0
130002543594,Atividades de militância e mobilização de rua,132626.58
130002543594,Cessão ou locação de veículos,24000.0
130002543594,Combustíveis e lubrificantes,10754.58
130002543594,Diversas a especificar,0.1
130002543594,"Encargos financeiros, taxas bancárias e/ou op. cartão de crédito",26.0
130002543594,Publicidade por adesivos,23590.0
130002543594,Publicidade por materiais impressos,23770.0
130002543594,Serviços contábeis,10000.0
130002543595,Atividades de militância e mobilização de rua,91200.0
130002543595,Diversas a especificar,960.0
130002543595,"Encargos financeiros, taxas bancárias e/ou op. cartão de crédito",1.0
130002543595,"Produção de jingles, vinhetas e slogans",1200.0
130002543595,Publicidade por adesivos,8000.0
130002543595,Publicidade por jornais e revistas,1000.0
130002543595,Publicidade por materiais impressos,14210.0
130002543595,Serviços advocatícios,30000.0
130002543595,Serviços contábeis,25000.0
130002543596,Atividades de militância e mobilização de rua,1500.0
130002543596,"Encargos financeiros, taxas bancárias e/ou op. cartão de crédito",1.0
130002543596,Locação/cessão de bens imóveis,3000.0
130002543596,Serviços advocatícios,15500.0
130002543596,Serviços contábeis,5500.0
130002543598,Cessão ou locação de veículos,5000.0
130002543598,Despesas com pessoal,51504.6
130002543598,"Encargos financeiros, taxas bancárias e/ou op. cartão de crédito",6.0
130002543598,Locação/cessão de bens móveis (exceto veículos),6000.0
130002543598,Publicidade por materiais impressos,30310.0
130002543598,Serviços contábeis,15000.0
130002543599,Alimentação,74.5
130002543599,Atividades de militância e mobilização de rua,18300.0
130002543599,Cessão ou locação de veículos,30000.0
130002543599,Publicidade por materiais impressos,5790.0
130002543600,Cessão ou locação de veículos,2700.0
130002543600,Despesas com pessoal,27400.0
130002543600,Diversas a especificar,3000.0
130002543600,Locação/cessão de bens imóveis,500.0
130002543600,Publicidade por materiais impressos,284.0
130002543600,Serviços advocatícios,4250.0
130002543600,Serviços contábeis,2250.0
130002543601,Despesas com pessoal,18800.0
130002543601,"Encargos financeiros, taxas bancárias e/ou op. cartão de crédito",13.0
130002543601,Locação/cessão de bens imóveis,14067.38
130002543601,Publicidade por adesivos,1200.0
130002543601,Publicidade por materiais impressos,9735.0
130002543601,Serviços advocatícios,8000.0
130002543601,Serviços prestados por terceiros,2200.0
130002543602,Atividades de militância e mobilização de rua,75000.0
130002543602,Cessão ou locação de veículos,4000.0
130002543602,Despesa com Impulsionamento de Conteúdos,2000.0
130002543602,Despesas com pessoal,3200.0
130002543602,"Encargos financeiros, taxas bancárias e/ou op. cartão de crédito",17.5
130002543602,Locação/cessão de bens imóveis,4970.0
130002543602,"Produção de jingles, vinhetas e slogans",1500.0
130002543602,Publicidade por adesivos,9825.0
130002543602,Serviços advocatícios,15000.0
130002543602,Serviços contábeis,20000.0
130002543603,Cessão ou locação de veículos,11265.0
130002543603,Despesa com Impulsionamento de Conteúdos,3510.0
130002543603,Despesas com pessoal,178000.0
130002543603,Diversas a especificar,22000.0
130002543603,"Encargos financeiros, taxas bancárias e/ou op. cartão de crédito",1.5
130002543603,Locação/cessão de bens imóveis,1050.0
130002543603,Publicidade por adesivos,34000.0
130002543603,Publicidade por materiais impressos,12960.0
130002543603,Serviços advocatícios,25000.0
130002543603,Serviços contábeis,15000.0
130002543603,Serviços prestados por terceiros,349.0
130002543603,Taxa de Administração de Financiamento Coletivo,42.95
130002543604,Cessão ou locação de veículos,7933.33
130002543604,Combustíveis e lubrificantes,729.4
130002543604,Despesa com Impulsionamento de Conteúdos,31.38
130002543604,Despesas com pessoal,28600.0
130002543604,Diversas a especificar,124.25
130002543604,Locação/cessão de bens imóveis,5500.0
130002543604,Publicidade por adesivos,1612.5
130002543604,Publicidade por materiais impressos,16207.95
130002543604,Serviços advocatícios,2000.0
130002543604,Serviços contábeis,8000.0
130002543605,Atividades de militância e mobilização de rua,10044.0
130002543605,Cessão ou locação de veículos,8383.8
130002543605,Combustíveis e lubrificantes,963.06
130002543605,Publicidade por adesivos,750.0
130002543605,Publicidade por materiais impressos,1290.0
130002543605,Serviços advocatícios,1000.0
130002543605,Serviços contábeis,1000.0
130002543605,Serviços prestados por terceiros,13550.0
130002543606,Alimentação,582.1
130002543606,Atividades de militância e mobilização de rua,9950.0
130002543606,Combustíveis e lubrificantes,2504.2
130002543606,Diversas a especificar,1139.43
130002543606,"Encargos financeiros, taxas bancárias e/ou op. cartão de crédito",36.8
130002543606,Locação/cessão de bens imóveis,10000.0
130002543606,Publicidade por adesivos,9419.0
130002543606,Publicidade por materiais impressos,3565.0
130002543606,Reembolsos de gastos realizados por eleitores,31.26
130002543606,Serviços contábeis,25000.0
130002543606,Serviços prestados por terceiros,210932.0
130002543607,Atividades de militância e mobilização de rua,7500.0
130002543607,Cessão ou locação de veículos,13000.0
130002543607,Despesa com Impulsionamento de Conteúdos,1000.0
130002543607,Despesas com pessoal,40000.0
130002543607,Doações financeiras a outros candidatos/partidos,350.0
130002543607,Locação/cessão de bens imóveis,13700.0
130002543607,Publicidade por adesivos,9870.0
130002543607,Publicidade por materiais impressos,6465.0
130002543607,Serviços advocatícios,10000.0
130002543607,Serviços contábeis,10000.0
130002543608,Despesas com pessoal,95037.0
130002543608,Serviços advocatícios,15000.0
130002543609,Atividades de militância e mobilização de rua,3100.0
130002543609,Locação/cessão de bens imóveis,10000.0
130002543609,Serviços advocatícios,15000.0
130002543609,Serviços contábeis,400.0
130002543610,Alimentação,434.31999999999994
130002543610,Atividades de militância e mobilização de rua,36544.0
130002543610,Cessão ou locação de veículos,5053.5
130002543610,Combustíveis e lubrificantes,1104.05
130002543610,Despesa com Impulsionamento de Conteúdos,9000.0
130002543610,Despesas com pessoal,10000.0
130002543610,Diversas a especificar,80.28
130002543610,"Encargos financeiros, taxas bancárias e/ou op. cartão de crédito",98.1
130002543610,Eventos de promoção da candidatura,112.0
130002543610,Locação/cessão de bens imóveis,8000.0
130002543610,Locação/cessão de bens móveis (exceto veículos),800.0
130002543610,Materiais de expediente,34.32
130002543610,Publicidade por adesivos,4100.0
130002543610,Publicidade por materiais impressos,17606.0
130002543610,Serviços advocatícios,3000.0
130002543610,Serviços contábeis,8000.0
130002543610,Serviços prestados por terceiros,91360.0
130002543610,Serviços próprios prestados por terceiros,1850.0
130002543610,Taxa de Administração de Financiamento Coletivo,79.99
130002543611,Alimentação,379.09000000000003
130002543611,Atividades de militância e mobilização de rua,14000.0
130002543611,Combustíveis e lubrificantes,200.0
130002543611,Despesa com Impulsionamento de Conteúdos,300.0
130002543611,Locação/cessão de bens imóveis,2050.0
130002543611,Materiais de expediente,10200.0
130002543611,Serviços contábeis,5000.0
130002543611,Serviços prestados por terceiros,38700.0
130002543612,Alimentação,650.0
130002543612,Atividades de militância e mobilização de rua,5000.0
130002543612,Despesa com Impulsionamento de Conteúdos,20000.0
130002543612,Locação/cessão de bens imóveis,10000.0
130002543612,Locação/cessão de bens móveis (exceto veículos),1368.0
130002543612,Materiais de expediente,1445.09
130002543612,Publicidade por adesivos,9313.0
130002543612,Publicidade por materiais impressos,38680.0
130002543612,Serviços advocatícios,5000.0
130002543612,Serviços contábeis,3000.0
130002543612,Serviços prestados por terceiros,10500.0
130002543613,Atividades de militância e mobilização de rua,123802.0
130002543613,Cessão ou locação de veículos,10200.0
130002543613,Combustíveis e lubrificantes,6000.0
130002543613,Despesa com Impulsionamento de Conteúdos,13000.0
130002543613,Despesas com pessoal,52621.0
130002543613,"Encargos financeiros, taxas bancárias e/ou op. cartão de crédito",12.0
130002543613,Locação/cessão de bens imóveis,10500.0
130002543613,"Produção de jingles, vinhetas e slogans",3000.0
130002543613,Publicidade por adesivos,11330.0
130002543613,Publicidade por materiais impressos,22780.0
130002543613,Serviços advocatícios,5000.0
130002543613,Serviços contábeis,10000.0
130002543614,Alimentação,780.0
130002543614,Atividades de militância e mobilização de rua,31575.33
130002543614,Cessão ou locação de veículos,6300.0
130002543614,Despesa com Impulsionamento de Conteúdos,5000.0
130002543614,Diversas a especificar,1750.0
130002543614,"Produção de jingles, vinhetas e slogans",1500.0
130002543614,"Produção de programas de rádio, televisão ou vídeo",2597.0
130002543614,Serviços advocatícios,15500.0
130002543614,Serviços contábeis,5500.0
130002543615,Alimentação,49.0
130002543615,Combustíveis e lubrificantes,350.7
130002543615,Despesa com Impulsionamento de Conteúdos,2000.0
130002543615,Despesas com pessoal,15000.0
130002543616,Atividades de militância e mobilização de rua,3500.0
130002543616,Despesa com Impulsionamento de Conteúdos,16000.0
130002543616,Diversas a especificar,1261.0
130002543616,"Encargos financeiros, taxas bancárias e/ou op. cartão de crédito",5.0
130002543616,Locação/cessão de bens imóveis,9500.0
130002543616,Publicidade por jornais e revistas,1300.0
130002543616,Publicidade por materiais impressos,11191.0
130002543616,Serviços advocatícios,15500.0
130002543616,Serviços contábeis,5500.0
130002543616,Serviços prestados por terceiros,5000.0
130002543617,Cessão ou locação de veículos,4000.0
130002543617,Combustíveis e lubrificantes,3864.1
130002543617,Criação e inclusão de páginas na internet,299.9
130002543617,Despesa com Impulsionamento de Conteúdos,5000.0
130002543617,Despesas com pessoal,83292.0
130002543617,Diversas a especificar,40000.0
130002543617,"Encargos financeiros, taxas bancárias e/ou op. cartão de crédito",8.5
130002543617,Publicidade por materiais impressos,6280.0
130002543617,Serviços advocatícios,10000.0
130002543617,Serviços contábeis,10000.0
130002543618,Atividades de militância e mobilização de rua,80600.34
130002543618,Cessão ou locação de veículos,1166.67
130002543618,Despesas com pessoal,35437.5
130002543618,"Encargos financeiros, taxas bancárias e/ou op. cartão de crédito",31.0
130002543618,Locação/cessão de bens imóveis,10000.0
130002543618,"Produção de jingles, vinhetas e slogans",1500.0
130002543618,Publicidade por adesivos,9534.0
130002543618,Serviços advocatícios,15000.0
130002543618,Serviços contábeis,20000.0
130002543619,Materiais de expediente,284.7
130002543619,Serviços prestados por terceiros,2480.0
130002543622,Atividades de militância e mobilização de rua,2600.0
130002543622,Combustíveis e lubrificantes,170.0
130002543622,Criação e inclusão de páginas na internet,40.0
130002543622,Despesa com Impulsionamento de Conteúdos,1000.0
130002543622,Publicidade por adesivos,1497.5
130002543622,Publicidade por carros de som,6000.0
130002543622,Publicidade por materiais impressos,400.0
130002543622,Serviços advocatícios,30000.0
130002543622,Serviços contábeis,15000.0
130002543622,Serviços prestados por terceiros,17250.0
130002543623,Despesa com Impulsionamento de Conteúdos,15000.0
130002543623,Despesas com pessoal,16600.0
130002543623,Diversas a especificar,1500.0
130002543623,Eventos de promoção da candidatura,600.0
130002543623,Locação/cessão de bens imóveis,9477.31
130002543623,"Produção de programas de rádio, televisão ou vídeo",14400.0
130002543623,Publicidade por adesivos,11301.0
130002543623,Publicidade por materiais impressos,8392.0
130002543623,Serviços advocatícios,2000.0
130002543623,Serviços contábeis,8000.0
130002543625,Despesa com Impulsionamento de Conteúdos,13800.0
130002543625,Publicidade por materiais impressos,10000.0
130002543627,Doações financeiras a outros candidatos/partidos,60000.0
130002543627,Publicidade por materiais impressos,17000.0
130002543627,Serviços advocatícios,9500.0
130002543627,Serviços contábeis,8500.0
130002543628,Despesa com Impulsionamento de Conteúdos,500.0
130002543628,Serviços advocatícios,10000.0
130002543628,Serviços contábeis,4000.0
130002543684,Combustíveis e lubrificantes,1128.05
130002543684,"Encargos financeiros, taxas bancárias e/ou op. cartão de crédito",1.0
130002543684,"Produção de jingles, vinhetas e slogans",450.0
130002543684,"Produção de programas de rádio, televisão ou vídeo",8950.0
130002543684,Serviços prestados por terceiros,21700.0
130002543685,Atividades de militância e mobilização de rua,4400.0
130002543685,Publicidade por materiais impressos,10325.0
130002543686,Atividades de militância e mobilização de rua,1600.0
130002543686,"Encargos financeiros, taxas bancárias e/ou op. cartão de crédito",3.0
130002543686,Serviços prestados por terceiros,15000.0
130002543687,Atividades de militância e mobilização de rua,30300.0
130002543687,"Encargos financeiros, taxas bancárias e/ou op. cartão de crédito",3.5
130002543687,Serviços prestados por terceiros,40001.0
130002543688,Cessão ou locação de veículos,3000.0
130002543688,Combustíveis e lubrificantes,5900.0
130002543688,Despesa com Impulsionamento de Conteúdos,1050.0
130002543688,"Encargos financeiros, taxas bancárias e/ou op. cartão de crédito",1.0
130002543688,Locação/cessão de bens imóveis,15626.0
130002543688,Locação/cessão de bens móveis (exceto veículos),1620.0
130002543688,"Produção de jingles, vinhetas e slogans",800.0
130002543688,Publicidade por materiais impressos,142868.0
130002543688,Serviços prestados por terceiros,200850.0
130002543689,Correspondências e despesas postais,148.8
130002543689,Criação e inclusão de páginas na internet,566.44
130002543689,Despesa com Impulsionamento de Conteúdos,4309.99
130002543689,"Encargos financeiros, taxas bancárias e/ou op. cartão de crédito",48.8
130002543689,Locação/cessão de bens imóveis,6000.0
130002543689,"Produção de programas de rádio, televisão ou vídeo",2200.0
130002543689,Publicidade por materiais impressos,7660.0
130002543689,Serviços prestados por terceiros,13750.0
130002543689,Taxa de Administração de Financiamento Coletivo,17.37
130002543690,Atividades de militância e mobilização de rua,5000.0
130002543690,Despesa com Impulsionamento de Conteúdos,102.45
130002543690,"Encargos financeiros, taxas bancárias e/ou op. cartão de crédito",2.0
130002543690,Publicidade por materiais impressos,550.0
130002543690,Serviços prestados por terceiros,44346.0
130002543691,Atividades de militância e mobilização de rua,2700.0
130002543691,"Encargos financeiros, taxas bancárias e/ou op. cartão de crédito",5.5
130002543691,"Produção de programas de rádio, televisão ou vídeo",4000.0
130002543691,Serviços prestados por terceiros,26400.0
130002543692,Atividades de militância e mobilização de rua,23500.0
130002543692,Despesa com Impulsionamento de Conteúdos,1850.0
130002543692,"Encargos financeiros, taxas bancárias e/ou op. cartão de crédito",12.5
130002543692,"Produção de programas de rádio, televisão ou vídeo",140000.0
130002543692,Serviços prestados por terceiros,19500.0
130002543692,Serviços próprios prestados por terceiros,5000.0
130002543694,Atividades de militância e mobilização de rua,600.0
130002543694,Despesa com Impulsionamento de Conteúdos,5702.78
130002543694,"Encargos financeiros, taxas bancárias e/ou op. cartão de crédito",2.5
130002543694,Materiais de expediente,75.9
130002543694,Publicidade por materiais impressos,3716.5
130002543694,Serviços prestados por terceiros,9000.0
130002543695,Atividades de militância e mobilização de rua,32600.0
130002543695,Cessão ou locação de veículos,15000.0
130002543695,Combustíveis e lubrificantes,997.3100000000001
130002543695,Despesa com Impulsionamento de Conteúdos,2221.98
130002543695,Despesas com pessoal,51600.0
130002543695,"Encargos financeiros, taxas bancárias e/ou op. cartão de crédito",6.0
130002543695,Eventos de promoção da candidatura,400.0
130002543695,"Impostos, contribuições e taxas",176.82
130002543695,Locação/cessão de bens imóveis,9000.0
130002543695,Publicidade por adesivos,2331.0
130002543695,Publicidade por materiais impressos,75855.0
130002543695,Serviços advocatícios,2000.0
130002543695,Serviços contábeis,20000.0
130002543695,Taxa de Administração de Financiamento Coletivo,233.44
130002543696,Cessão ou locação de veículos,24454.8
130002543696,Correspondências e despesas postais,186.0
130002543696,Despesas com pessoal,434000.0
130002543696,"Encargos financeiros, taxas bancárias e/ou op. cartão de crédito",26.0
130002543696,Locação/cessão de bens imóveis,5219.16
130002543696,Publicidade por adesivos,7992.0
130002543696,Publicidade por jornais e revistas,1800.0
130002543696,Publicidade por materiais impressos,50489.0
130002543696,Serviços advocatícios,30000.0
130002543696,Serviços contábeis,20000.0
130002543696,Serviços prestados por terceiros,5200.0
130002543696,Serviços próprios prestados por terceiros,10000.0
130002543697,Alimentação,2556.0
130002543697,Correspondências e despesas postais,189.5
130002543697,"Encargos financeiros, taxas bancárias e/ou op. cartão de crédito",2.0
130002543697,Materiais de expediente,2205.8
130002543697,"Produção de programas de rádio, televisão ou vídeo",4500.0
130002543697,Publicidade por materiais impressos,13626.0
130002543697,Serviços prestados por terceiros,15000.0
130002543698,Atividades de militância e mobilização de rua,2960.0
130002543698,Despesa com Impulsionamento de Conteúdos,2000.0
130002543698,Despesas com pessoal,29500.0
130002543698,Locação/cessão de bens imóveis,3000.0
130002543698,Locação/cessão de bens móveis (exceto veículos),300.0
130002543698,Publicidade por materiais impressos,40690.0
130002543698,Serviços advocatícios,30000.0
130002543698,Serviços contábeis,40000.0
130002543699,Despesa com Impulsionamento de Conteúdos,20000.0
130002543699,Despesas com pessoal,172061.2
130002543699,Diversas a especificar,77280.0
130002543699,Doações financeiras a outros candidatos/partidos,5600.0
130002543699,Eventos de promoção da candidatura,13000.0
130002543699,"Impostos, contribuições e taxas",22.5
130002543699,"Produção de jingles, vinhetas e slogans",4400.0
130002543699,Publicidade por materiais impressos,151480.0
130002543699,Serviços advocatícios,50000.0
130002543699,Serviços contábeis,10000.0
130002543702,"Produção de programas de rádio, televisão ou vídeo",2590.64
130002543703,Publicidade por materiais impressos,40000.0
130002543704,"Encargos financeiros, taxas bancárias e/ou op. cartão de crédito",0.5
130002543704,Publicidade por materiais impressos,49999.5
130002543706,Alimentação,222.0
130002543706,Atividades de militância e mobilização de rua,58900.0
130002543706,Cessão ou locação de veículos,31526.08
130002543706,Despesa com Impulsionamento de Conteúdos,52000.0
130002543706,Despesas com transporte ou deslocamento,2029.06
130002543706,"Encargos financeiros, taxas bancárias e/ou op. cartão de crédito",21.1
130002543706,Locação/cessão de bens imóveis,30000.0
130002543706,Pesquisas ou testes eleitorais,20000.0
130002543706,Pré-instalação física de comitê de campanha,3510.0499999999997
130002543706,Publicidade por adesivos,1404.0
130002543706,Publicidade por jornais e revistas,2450.0
130002543706,Publicidade por materiais impressos,4220.0
130002543706,Serviços advocatícios,20000.0
130002543706,Serviços contábeis,15000.0
130002543706,Serviços prestados por terceiros,239876.0
130002543707,Atividades de militância e mobilização de rua,2538.0
130002543707,Combustíveis e lubrificantes,843.31
130002543707,Correspondências e despesas postais,59009.58
130002543707,Criação e inclusão de páginas na internet,2500.0
130002543707,Despesa com Impulsionamento de Conteúdos,20000.0
130002543707,Despesas com Hospedagem,1459.15
130002543707,Despesas com pessoal,13733.0
130002543707,Diversas a especificar,84453.1
130002543707,"Encargos financeiros, taxas bancárias e/ou op. cartão de crédito",25.6
130002543707,Locação/cessão de bens imóveis,5310.0
130002543707,"Produção de jingles, vinhetas e slogans",249.5
130002543707,Publicidade por adesivos,5100.0
130002543707,Publicidade por jornais e revistas,1300.0
130002543707,Publicidade por materiais impressos,80705.0
130002543709,Alimentação,105.6
130002543709,Cessão ou locação de veículos,2000.0
130002543709,Combustíveis e lubrificantes,966.47
130002543709,Despesas com Hospedagem,209.0
130002543709,Despesas com pessoal,79000.0
130002543709,"Encargos financeiros, taxas bancárias e/ou op. cartão de crédito",3.5
130002543709,Publicidade por materiais impressos,10000.0
130002543709,Serviços advocatícios,20000.0
130002543709,Serviços contábeis,30000.0
130002543710,Atividades de militância e mobilização de rua,260452.1
130002543710,Combustíveis e lubrificantes,2260.79
130002543710,Correspondências e despesas postais,40763.62
130002543710,Criação e inclusão de páginas na internet,65.7
130002543710,Despesa com Impulsionamento de Conteúdos,119000.0
130002543710,Despesas com pessoal,364163.7
130002543710,Despesas com transporte ou deslocamento,819.9
130002543710,"Encargos financeiros, taxas bancárias e/ou op. cartão de crédito",135.0
130002543710,Locação/cessão de bens imóveis,18946.45
130002543710,Locação/cessão de bens móveis (exceto veículos),13796.67
130002543710,Materiais de expediente,153.9
130002543710,Pré-instalação física de comitê de campanha,16293.0
130002543710,Publicidade por adesivos,34190.0
130002543710,Publicidade por materiais impressos,416610.0
130002543710,Serviços advocatícios,26000.0
130002543710,Serviços contábeis,8000.0
130002543710,Serviços prestados por terceiros,70362.23999999999
130002543710,Serviços próprios prestados por terceiros,8000.0
130002543711,Atividades de militância e mobilização de rua,800.0
130002543711,Cessão ou locação de veículos,15000.0
130002543711,"Encargos financeiros, taxas bancárias e/ou op. cartão de crédito",1.0
130002543711,"Produção de programas de rádio, televisão ou vídeo",1621.0
130002543711,Serviços prestados por terceiros,7000.0
130002543712,Despesa com Impulsionamento de Conteúdos,949.5
130002543712,"Encargos financeiros, taxas bancárias e/ou op. cartão de crédito",1.0
130002543712,"Produção de programas de rádio, televisão ou vídeo",3150.0
130002543712,Publicidade por materiais impressos,4312.0
130002543713,Serviços prestados por terceiros,24000.0
130002543714,Correspondências e despesas postais,144.79999999999998
130002543714,Despesas com pessoal,11621.0
130002543714,Locação/cessão de bens imóveis,5000.0
130002543714,Publicidade por materiais impressos,196081.88
130002543714,Serviços advocatícios,29000.0
130002543714,Serviços contábeis,20000.0
130002543714,Serviços próprios prestados por terceiros,18000.0
130002543715,Diversas a especificar,10140.0
130002543715,Publicidade por materiais impressos,5400.0
130002543715,Serviços prestados por terceiros,60200.0
130002543716,Cessão ou locação de veículos,10000.0
130002543716,"Encargos financeiros, taxas bancárias e/ou op. cartão de crédito",1.5
130002543716,"Produção de programas de rádio, televisão ou vídeo",3500.0
130002543716,Serviços prestados por terceiros,36498.5
130002543717,Atividades de militância e mobilização de rua,98500.0
130002543717,Cessão ou locação de veículos,18226.0
130002543717,Despesa com Impulsionamento de Conteúdos,5000.0
130002543717,"Encargos financeiros, taxas bancárias e/ou op. cartão de crédito",18.5
130002543717,"Produção de programas de rádio, televisão ou vídeo",22500.0
130002543717,Publicidade por materiais impressos,111740.6
130002543717,Serviços prestados por terceiros,131500.0
130002543718,Atividades de militância e mobilização de rua,18400.0
130002543718,Doações financeiras a outros candidatos/partidos,25000.0
130002543718,"Encargos financeiros, taxas bancárias e/ou op. cartão de crédito",8.0
130002543718,"Produção de jingles, vinhetas e slogans",300.0
130002543718,Publicidade por materiais impressos,14100.0
130002543718,Serviços prestados por terceiros,11700.0
130002543719,Atividades de militância e mobilização de rua,74311.21
130002543719,Cessão ou locação de veículos,6300.0
130002543719,Combustíveis e lubrificantes,5676.29
130002543719,Despesa com Impulsionamento de Conteúdos,15000.0
130002543719,Despesas com transporte ou deslocamento,3225.0
130002543719,Diversas a especificar,2699.92
130002543719,Locação/cessão de bens imóveis,11110.5
130002543719,Materiais de expediente,2521.77
130002543719,"Produção de jingles, vinhetas e slogans",3000.0
130002543719,Publicidade por adesivos,77480.0
130002543719,Publicidade por jornais e revistas,89500.0
130002543719,Publicidade por materiais impressos,70350.02
130002543719,Serviços contábeis,125000.0
130002543719,Serviços próprios prestados por terceiros,27675.0
130002543720,Atividades de militância e mobilização de rua,781104.0
130002543720,Cessão ou locação de veículos,2950.0
130002543720,Combustíveis e lubrificantes,3170.29
130002543720,Correspondências e despesas postais,3275.5
130002543720,Criação e inclusão de páginas na internet,30000.0
130002543720,Despesa com Impulsionamento de Conteúdos,33500.0
130002543720,Despesas com pessoal,24040.0
130002543720,Diversas a especificar,1164.0
130002543720,Doações financeiras a outros candidatos/partidos,35000.0
130002543720,"Encargos financeiros, taxas bancárias e/ou op. cartão de crédito",45.5
130002543720,Locação/cessão de bens imóveis,14450.0
130002543720,Materiais de expediente,5189.0
130002543720,Publicidade por adesivos,69225.05
130002543720,Publicidade por materiais impressos,206278.0
130002543720,Serviços advocatícios,5000.0
130002543720,Serviços contábeis,22000.0
130002543720,Serviços prestados por terceiros,3700.0
130002544423,"Encargos financeiros, taxas bancárias e/ou op. cartão de crédito",0.5
130002544423,Publicidade por materiais impressos,3138.0
130002544424,Despesa com Impulsionamento de Conteúdos,1200.0
130002544425,Despesa com Impulsionamento de Conteúdos,437.56
130002544425,"Encargos financeiros, taxas bancárias e/ou op. cartão de crédito",1.5
130002544425,Publicidade por materiais impressos,800.0
130002544427,"Encargos financeiros, taxas bancárias e/ou op. cartão de crédito",3.0
130002544427,Publicidade por adesivos,5559.5
130002544427,Serviços prestados por terceiros,1000.0
130002544427,Taxa de Administração de Financiamento Coletivo,66.43
130002544428,Combustíveis e lubrificantes,215.46
130002544428,"Encargos financeiros, taxas bancárias e/ou op. cartão de crédito",2.5
130002544429,Despesa com Impulsionamento de Conteúdos,3000.0
130002544429,"Encargos financeiros, taxas bancárias e/ou op. cartão de crédito",1.0
130002544429,Publicidade por materiais impressos,1379.9
130002544429,Taxa de Administração de Financiamento Coletivo,290.88
130002544430,"Encargos financeiros, taxas bancárias e/ou op. cartão de crédito",2.0
130002544430,Publicidade por materiais impressos,5015.0
130002544430,Taxa de Administração de Financiamento Coletivo,31.9
130002544431,"Encargos financeiros, taxas bancárias e/ou op. cartão de crédito",1.5
130002544431,"Produção de programas de rádio, televisão ou vídeo",1500.0
130002544431,Publicidade por materiais impressos,700.0
130002544432,"Encargos financeiros, taxas bancárias e/ou op. cartão de crédito",0.5
130002544432,Publicidade por materiais impressos,280.0
130002544432,Taxa de Administração de Financiamento Coletivo,3.59
130002544433,"Encargos financeiros, taxas bancárias e/ou op. cartão de crédito",1.0
130002544433,Publicidade por materiais impressos,143.75
130002544433,Serviços prestados por terceiros,3400.0
130002544434,Despesas com transporte ou deslocamento,105.94
130002544434,"Encargos financeiros, taxas bancárias e/ou op. cartão de crédito",0.5
130002544434,Publicidade por materiais impressos,900.0
130002544435,"Encargos financeiros, taxas bancárias e/ou op. cartão de crédito",1.5
130002544435,Publicidade por adesivos,400.0
130002544435,Publicidade por materiais impressos,200.0
130002544436,Despesa com Impulsionamento de Conteúdos,192.0
130002544436,"Encargos financeiros, taxas bancárias e/ou op. cartão de crédito",0.5
130002544436,Taxa de Administração de Financiamento Coletivo,27.35
130002544437,Despesa com Impulsionamento de Conteúdos,1000.0
130002544438,"Encargos financeiros, taxas bancárias e/ou op. cartão de crédito",1.0
130002544438,Materiais de expediente,1090.0
130002544438,Publicidade por adesivos,1250.0
130002544439,"Encargos financeiros, taxas bancárias e/ou op. cartão de crédito",1.5
130002544439,Publicidade por materiais impressos,953.65
130002544441,Correspondências e despesas postais,70.4
130002544441,Despesa com Impulsionamento de Conteúdos,130.0
130002544441,Materiais de expediente,1290.0
130002544441,Taxa de Administração de Financiamento Coletivo,29.03
130002544442,Correspondências e despesas postais,40.3
130002544442,Criação e inclusão de páginas na internet,100.0
130002544442,Despesa com Impulsionamento de Conteúdos,3000.0
130002544442,"Encargos financeiros, taxas bancárias e/ou op. cartão de crédito",1.4
130002544442,Publicidade por adesivos,300.0
130002544442,Publicidade por materiais impressos,533.0
130002544442,Taxa de Administração de Financiamento Coletivo,7.9
130002544821,Alimentação,2934.27
130002544821,Atividades de militância e mobilização de rua,158900.0
130002544821,Cessão ou locação de veículos,15140.5
130002544821,Correspondências e despesas postais,8629.86
130002544821,Despesa com Impulsionamento de Conteúdos,20000.0
130002544821,Despesas com pessoal,22400.0
130002544821,Doações financeiras a outros candidatos/partidos,11100.0
130002544821,"Encargos financeiros, taxas bancárias e/ou op. cartão de crédito",139.4
130002544821,Materiais de expediente,4244.31
130002544821,"Produção de jingles, vinhetas e slogans",5000.0
130002544821,Publicidade por materiais impressos,120336.0
130002544821,Serviços prestados por terceiros,3500.0
130002544821,Serviços próprios prestados por terceiros,1420.0
130002545559,Atividades de militância e mobilização de rua,448250.0
130002545559,Cessão ou locação de veículos,26000.0
130002545559,Combustíveis e lubrificantes,7330.0
130002545559,Despesa com Impulsionamento de Conteúdos,21000.0
130002545559,Despesas com pessoal,714194.0
130002545559,"Encargos financeiros, taxas bancárias e/ou op. cartão de crédito",68.6
130002545559,Energia elétrica,85.94
130002545559,Eventos de promoção da candidatura,5500.0
130002545559,Locação/cessão de bens imóveis,14300.0
130002545559,Locação/cessão de bens móveis (exceto veículos),1940.0
130002545559,Materiais de expediente,1160.0
130002545559,"Produção de programas de rádio, televisão ou vídeo",47500.0
130002545559,Publicidade por adesivos,94230.0
130002545559,Publicidade por materiais impressos,128843.0
130002545559,Serviços advocatícios,23000.0
130002545559,Serviços contábeis,20000.0
130002545559,Água,37.23
130002545560,Atividades de militância e mobilização de rua,110780.0
130002545560,Cessão ou locação de veículos,11080.0
130002545560,Combustíveis e lubrificantes,345.57
130002545560,Correspondências e despesas postais,75.0
130002545560,Materiais de expediente,1541.0
130002545560,Publicidade por adesivos,15600.0
130002545560,Publicidade por materiais impressos,47796.0
130002545561,"Encargos financeiros, taxas bancárias e/ou op. cartão de crédito",0.5
130002545561,Publicidade por materiais impressos,5730.0
130002545562,Publicidade por materiais impressos,1700.0
130002545562,Serviços prestados por terceiros,2500.0
130002545563,Atividades de militância e mobilização de rua,4350.0
130002545563,Criação e inclusão de páginas na internet,2250.0
130002545563,Despesa com Impulsionamento de Conteúdos,3500.0
130002545563,Despesas com transporte ou deslocamento,2400.0
130002545563,"Produção de jingles, vinhetas e slogans",2950.0
130002545563,"Produção de programas de rádio, televisão ou vídeo",2250.0
130002545563,Publicidade por adesivos,4395.0
130002545563,Serviços advocatícios,4000.0
130002545563,Serviços contábeis,2000.0
130002545563,Serviços prestados por terceiros,18500.0
130002545564,Alimentação,145.0
130002545564,Cessão ou locação de veículos,4000.0
130002545564,Combustíveis e lubrificantes,312.12
130002545564,Despesa com Impulsionamento de Conteúdos,7600.0
130002545564,"Encargos financeiros, taxas bancárias e/ou op. cartão de crédito",4.0
130002545564,Publicidade por materiais impressos,59660.0
130002545564,Serviços advocatícios,25000.0
130002545564,Serviços prestados por terceiros,45000.0
130002545565,Alimentação,7180.0
130002545565,Eventos de promoção da candidatura,700.0
130002545565,Locação/cessão de bens imóveis,12000.0
130002545565,Locação/cessão de bens móveis (exceto veículos),1100.0
130002545565,Materiais de expediente,21344.2
130002545565,"Produção de programas de rádio, televisão ou vídeo",26000.0
130002545565,Publicidade por materiais impressos,113720.0
130002545565,Serviços próprios prestados por terceiros,5000.0
130002545566,Locação/cessão de bens imóveis,5700.0
130002545566,Publicidade por materiais impressos,101190.0
130002545566,Serviços contábeis,30000.0
130002545567,Atividades de militância e mobilização de rua,16000.0
130002545567,Cessão ou locação de veículos,14000.0
130002545567,Combustíveis e lubrificantes,200.0
130002545567,Publicidade por adesivos,1445.0
130002545567,Publicidade por materiais impressos,4050.0
130002545567,Serviços advocatícios,6000.0
130002545567,Serviços prestados por terceiros,8200.0
130002545568,Atividades de militância e mobilização de rua,6900.0
130002545568,Despesa com Impulsionamento de Conteúdos,3550.0
130002545568,"Encargos financeiros, taxas bancárias e/ou op. cartão de crédito",1.5
130002545568,Publicidade por materiais impressos,11128.0
130002545570,Cessão ou locação de veículos,1400.0
130002545570,Combustíveis e lubrificantes,400.0
130002545570,Locação/cessão de bens móveis (exceto veículos),200.0
130002545570,Serviços advocatícios,5000.0
130002545570,Serviços contábeis,2000.0
130002545572,Cessão ou locação de veículos,2000.0
130002545572,Combustíveis e lubrificantes,723.47
130002545572,Despesa com Impulsionamento de Conteúdos,6300.0
130002545572,Diversas a especificar,238.5
130002545572,"Encargos financeiros, taxas bancárias e/ou op. cartão de crédito",1.5
130002545572,Materiais de expediente,550.2
130002545572,"Produção de programas de rádio, televisão ou vídeo",5000.0
130002545572,Publicidade por materiais impressos,2875.3599999999997
130002545572,Serviços prestados por terceiros,2000.0
130002545573,Serviços contábeis,3000.0
130002545574,Publicidade por materiais impressos,2290.0
130002545576,Atividades de militância e mobilização de rua,50640.0
130002545576,Cessão ou locação de veículos,55100.0
130002545576,Combustíveis e lubrificantes,3807.23
130002545576,Despesa com Impulsionamento de Conteúdos,5000.0
130002545576,Despesas com pessoal,15000.0
130002545576,"Impostos, contribuições e taxas",3.5
130002545576,Locação/cessão de bens imóveis,18000.0
130002545576,Publicidade por adesivos,19902.0
130002545576,Publicidade por materiais impressos,38076.0
130002545576,Serviços contábeis,5000.0
130002545577,Alimentação,666.0
130002545577,Cessão ou locação de veículos,191034.18
130002545577,Combustíveis e lubrificantes,32960.229999999996
130002545577,Despesa com Impulsionamento de Conteúdos,49017.51
130002545577,Despesas com pessoal,142248.19
130002545577,Diversas a especificar,1980.0
130002545577,"Encargos financeiros, taxas bancárias e/ou op. cartão de crédito",13.0
130002545577,Locação/cessão de bens imóveis,1100.0
130002545577,"Produção de jingles, vinhetas e slogans",5500.0
130002545577,Publicidade por adesivos,87850.0
130002545577,Publicidade por materiais impressos,205478.72999999998
130002545577,Serviços advocatícios,2000.0
130002545578,Despesa com Impulsionamento de Conteúdos,17000.0
130002545578,"Encargos financeiros, taxas bancárias e/ou op. cartão de crédito",3.6
130002545578,Pré-instalação física de comitê de campanha,2431.5
130002545578,Publicidade por materiais impressos,5554.85
130002545578,Serviços advocatícios,26342.68
130002545578,Serviços prestados por terceiros,90750.0
130002545578,Taxa de Administração de Financiamento Coletivo,175.72
130002545579,Cessão ou locação de veículos,4000.0
130002545579,Despesa com Impulsionamento de Conteúdos,1500.0
130002545579,Serviços prestados por terceiros,13000.0
130002545580,Atividades de militância e mobilização de rua,22400.0
130002545580,Criação e inclusão de páginas na internet,19.0
130002545580,Despesas com pessoal,50900.0
130002545580,"Encargos financeiros, taxas bancárias e/ou op. cartão de crédito",5.0
130002545580,Publicidade por adesivos,3590.0
130002545580,Publicidade por materiais impressos,4778.0
130002545580,Serviços advocatícios,5000.0
130002545580,Serviços contábeis,12000.0
130002545583,Alimentação,7437.2
130002545583,Atividades de militância e mobilização de rua,23820.0
130002545583,Cessão ou locação de veículos,4000.0
130002545583,Combustíveis e lubrificantes,1174.93
130002545583,"Encargos financeiros, taxas bancárias e/ou op. cartão de crédito",22.1
130002545583,Materiais de expediente,1200.0
130002545583,Publicidade por materiais impressos,14055.0
130002545583,Serviços prestados por terceiros,130250.0
130002545584,Cessão ou locação de veículos,353589.6
130002545584,Combustíveis e lubrificantes,19405.13
130002545584,Correspondências e despesas postais,338791.08
130002545584,Despesa com Impulsionamento de Conteúdos,70000.0
130002545584,Despesas com pessoal,1166730.0
130002545584,Despesas com transporte ou deslocamento,6500.0
130002545584,Diversas a especificar,35668.0
130002545584,"Encargos financeiros, taxas bancárias e/ou op. cartão de crédito",52.6
130002545584,Publicidade por adesivos,94988.8
130002545584,Publicidade por materiais impressos,463793.5
130002545584,Serviços advocatícios,36000.0
130002545584,Serviços contábeis,4000.0
130002545584,Serviços prestados por terceiros,42500.0
130002545585,Alimentação,6586.5
130002545585,Atividades de militância e mobilização de rua,142880.0
130002545585,Cessão ou locação de veículos,6840.0
130002545585,Combustíveis e lubrificantes,2360.14
130002545585,Despesa com Impulsionamento de Conteúdos,113925.0
130002545585,Diversas a especificar,3494.8
130002545585,"Encargos financeiros, taxas bancárias e/ou op. cartão de crédito",126.5
130002545585,Locação/cessão de bens imóveis,25255.0
130002545585,Locação/cessão de bens móveis (exceto veículos),29480.0
130002545585,"Produção de jingles, vinhetas e slogans",12300.0
130002545585,"Produção de programas de rádio, televisão ou vídeo",110000.0
130002545585,Publicidade por adesivos,105400.0
130002545585,Publicidade por carros de som,35000.0
130002545585,Publicidade por jornais e revistas,1500.0
130002545585,Publicidade por materiais impressos,329396.5
130002545585,Serviços contábeis,30000.0
130002545585,Serviços prestados por terceiros,102200.0
130002545585,Serviços próprios prestados por terceiros,1000.0
130002545586,Publicidade por adesivos,1445.0
130002545586,Publicidade por materiais impressos,2950.0
130002545587,Publicidade por adesivos,288.0
130002545588,Alimentação,870.0
130002545588,Atividades de militância e mobilização de rua,53300.0
130002545588,Combustíveis e lubrificantes,6000.0
130002545588,Criação e inclusão de páginas na internet,349.0
130002545588,Despesa com Impulsionamento de Conteúdos,9600.0
130002545588,Locação/cessão de bens imóveis,10800.0
130002545588,Locação/cessão de bens móveis (exceto veículos),2500.0
130002545588,Publicidade por adesivos,12890.0
130002545588,Publicidade por carros de som,45000.0
130002545588,Publicidade por materiais impressos,59206.75
130002545588,Serviços contábeis,11000.0
130002545589,Atividades de militância e mobilização de rua,5900.0
130002545589,"Encargos financeiros, taxas bancárias e/ou op. cartão de crédito",5.0
130002545589,"Produção de jingles, vinhetas e slogans",25000.0
130002545589,Publicidade por materiais impressos,2250.0
130002545589,Serviços contábeis,30000.0
130002547451,Publicidade por adesivos,545.0
130002547451,Serviços advocatícios,3000.0
130002547451,Serviços contábeis,1500.0
130002547451,Serviços prestados por terceiros,1500.0
130002547452,Serviços advocatícios,3000.0
130002547452,Serviços contábeis,1500.0
130002547452,Serviços prestados por terceiros,1500.0
130002547453,Publicidade por adesivos,327.0
130002547453,Serviços advocatícios,3000.0
130002547453,Serviços contábeis,1500.0
130002547453,Serviços prestados por terceiros,1500.0
130002547840,Cessão ou locação de veículos,74529.33
130002547840,Combustíveis e lubrificantes,14977.75
130002547840,Despesa com Impulsionamento de Conteúdos,30000.0
130002547840,Despesas com pessoal,982800.0
130002547840,Locação/cessão de bens imóveis,9000.0
130002547840,Publicidade por adesivos,5700.0
130002547840,Publicidade por materiais impressos,176324.0
130002547840,Serviços advocatícios,10000.0
130002547840,Serviços contábeis,7500.0
130002547878,Alimentação,811.16
130002547878,"Encargos financeiros, taxas bancárias e/ou op. cartão de crédito",2.7
130002547878,Locação/cessão de bens imóveis,200.0
130002547878,Serviços prestados por terceiros,100.0
130002547887,Atividades de militância e mobilização de rua,5000.0
130002547888,Atividades de militância e mobilização de rua,17000.0
130002547888,"Encargos financeiros, taxas bancárias e/ou op. cartão de crédito",1.5
130002547889,Atividades de militância e mobilização de rua,2500.0
130002547889,"Encargos financeiros, taxas bancárias e/ou op. cartão de crédito",5.0
130002547889,Serviços prestados por terceiros,56677.0
130002547889,Taxa de Administração de Financiamento Coletivo,12.14
130002547890,Alimentação,182.03
130002547890,Despesa com Impulsionamento de Conteúdos,10300.0
130002547890,Despesas com pessoal,295.0
130002547890,Despesas com transporte ou deslocamento,466.27
130002547890,"Encargos financeiros, taxas bancárias e/ou op. cartão de crédito",5.0
130002547890,Locação/cessão de bens imóveis,3000.0
130002547890,Locação/cessão de bens móveis (exceto veículos),3000.0
130002547890,Materiais de expediente,199.9
130002547890,Serviços prestados por terceiros,114260.0
130002547892,"Encargos financeiros, taxas bancárias e/ou op. cartão de crédito",0.5
130002547892,Serviços prestados por terceiros,30000.0
130002547893,Atividades de militância e mobilização de rua,139585.0
130002547893,Cessão ou locação de veículos,90500.0
130002547893,Combustíveis e lubrificantes,8000.0
130002547893,Despesa com Impulsionamento de Conteúdos,6555.0
130002547893,Despesas com pessoal,152475.0
130002547893,"Encargos financeiros, taxas bancárias e/ou op. cartão de crédito",33.7
130002547893,Locação/cessão de bens imóveis,21500.0
130002547893,Publicidade por adesivos,86900.0
130002547893,Publicidade por jornais e revistas,16990.0
130002547893,Publicidade por materiais impressos,33907.0
130002547893,Serviços contábeis,18000.0
130002547896,Atividades de militância e mobilização de rua,142490.0
130002547896,Cessão ou locação de veículos,5000.0
130002547896,Combustíveis e lubrificantes,7000.0
130002547896,Despesa com Impulsionamento de Conteúdos,20000.0
130002547896,"Encargos financeiros, taxas bancárias e/ou op. cartão de crédito",20.6
130002547896,Locação/cessão de bens imóveis,9650.0
130002547896,Locação/cessão de bens móveis (exceto veículos),5133.0
130002547896,Materiais de expediente,1902.8
130002547896,Publicidade por jornais e revistas,2500.0
130002547896,Publicidade por materiais impressos,579645.0
130002547897,Atividades de militância e mobilização de rua,68500.0
130002547897,"Produção de programas de rádio, televisão ou vídeo",3000.0
130002547897,Publicidade por materiais impressos,2900.0
130002547897,Serviços prestados por terceiros,51000.0
130002547898,Despesa com Impulsionamento de Conteúdos,100.0
130002547898,Serviços prestados por terceiros,10000.0
130002547899,Atividades de militância e mobilização de rua,2100.0
130002547899,Cessão ou locação de veículos,6000.0
130002547899,Despesa com Impulsionamento de Conteúdos,250.0
130002547899,"Encargos financeiros, taxas bancárias e/ou op. cartão de crédito",2.0
130002547899,"Produção de programas de rádio, televisão ou vídeo",2800.0
130002547899,Publicidade por materiais impressos,1520.0
130002547899,Serviços prestados por terceiros,11500.0
130002547900,Atividades de militância e mobilização de rua,12100.0
130002547900,Despesas com transporte ou deslocamento,10500.0
130002547900,"Encargos financeiros, taxas bancárias e/ou op. cartão de crédito",5.0
130002547900,Serviços prestados por terceiros,7000.0
130002547902,Publicidade por materiais impressos,25860.0
130002547903,Atividades de militância e mobilização de rua,2630.0
130002547903,Cessão ou locação de veículos,7596.04
130002547903,Combustíveis e lubrificantes,174.41
130002547903,Despesas com pessoal,23000.0
130002547903,"Encargos financeiros, taxas bancárias e/ou op. cartão de crédito",13.6
130002547903,Pré-instalação física de comitê de campanha,900.0
130002547905,Atividades de militância e mobilização de rua,18000.0
130002547905,Despesa com Impulsionamento de Conteúdos,5000.0
130002547905,Publicidade por materiais impressos,16640.0
130002547905,Serviços advocatícios,30000.0
130002547906,Combustíveis e lubrificantes,370.68
130002547906,Despesas com pessoal,3000.0
130002547906,Serviços advocatícios,6000.0
130002547906,Serviços contábeis,4000.0
130002547907,Correspondências e despesas postais,15636.5
130002547907,Despesa com Impulsionamento de Conteúdos,140.0
130002547907,"Impostos, contribuições e taxas",0.5
130002547907,"Produção de jingles, vinhetas e slogans",600.0
130002547907,"Produção de programas de rádio, televisão ou vídeo",7500.0
130002547907,Publicidade por materiais impressos,59990.0
130002547908,Combustíveis e lubrificantes,100.0
130002547908,Correspondências e despesas postais,349.0
130002547908,Criação e inclusão de páginas na internet,84.7
130002547908,Diversas a especificar,500.0
130002547908,"Encargos financeiros, taxas bancárias e/ou op. cartão de crédito",0.5
130002547908,Locação/cessão de bens imóveis,15000.0
130002547908,Locação/cessão de bens móveis (exceto veículos),3050.0
130002547908,Serviços prestados por terceiros,22089.0
130002547910,"Encargos financeiros, taxas bancárias e/ou op. cartão de crédito",1.5
130002547910,Publicidade por jornais e revistas,6000.0
130002547910,Serviços prestados por terceiros,56700.0
130002547912,Atividades de militância e mobilização de rua,14589.0
130002547912,Serviços prestados por terceiros,54000.0
130002547913,Combustíveis e lubrificantes,21941.41
130002547913,Correspondências e despesas postais,20000.0
130002547913,Despesa com Impulsionamento de Conteúdos,10000.0
130002547913,"Encargos financeiros, taxas bancárias e/ou op. cartão de crédito",5.0
130002547913,Locação/cessão de bens imóveis,10000.0
130002547913,Publicidade por adesivos,45800.0
130002547913,Publicidade por carros de som,23000.0
130002547913,Publicidade por materiais impressos,347540.0
130002547913,Serviços contábeis,10000.0
130002547913,Serviços prestados por terceiros,25290.0
130002547914,Despesa com Impulsionamento de Conteúdos,1000.0
130002547914,Publicidade por adesivos,927.0
130002547914,Publicidade por materiais impressos,2970.0
130002547914,Serviços prestados por terceiros,90000.0
130002547914,Serviços próprios prestados por terceiros,10000.0
130002547915,Alimentação,97.69
130002547915,Combustíveis e lubrificantes,203.57
130002547915,"Encargos financeiros, taxas bancárias e/ou op. cartão de crédito",0.5
130002547915,"Produção de jingles, vinhetas e slogans",2500.0
130002547915,Serviços prestados por terceiros,15000.0
130002547916,Atividades de militância e mobilização de rua,1600.0
130002547916,Cessão ou locação de veículos,11100.0
130002547916,Despesa com Impulsionamento de Conteúdos,500.0
130002547916,Despesas com pessoal,1400.0
130002547916,"Produção de programas de rádio, televisão ou vídeo",13000.0
130002547916,Publicidade por materiais impressos,30510.0
130002547916,Serviços prestados por terceiros,21500.0
130002547917,Cessão ou locação de veículos,24500.0
130002547917,"Encargos financeiros, taxas bancárias e/ou op. cartão de crédito",0.5
130002547917,"Produção de programas de rádio, televisão ou vídeo",21500.0
130002547917,Serviços próprios prestados por terceiros,6621.0
130002547919,Atividades de militância e mobilização de rua,26597.33
130002547919,Cessão ou locação de veículos,4430.3
130002547919,"Encargos financeiros, taxas bancárias e/ou op. cartão de crédito",2.5
130002547919,Locação/cessão de bens imóveis,1000.0
130002547919,Publicidade por materiais impressos,810.0
130002547919,Serviços prestados por terceiros,600.0
130002547922,Atividades de militância e mobilização de rua,29000.0
130002547922,Combustíveis e lubrificantes,516.31
130002547922,Despesas com transporte ou deslocamento,13000.0
130002547922,"Encargos financeiros, taxas bancárias e/ou op. cartão de crédito",1.5
130002547922,"Produção de jingles, vinhetas e slogans",15000.0
130002547922,Publicidade por materiais impressos,10700.0
130002547922,Serviços prestados por terceiros,7000.0
130002547923,Cessão ou locação de veículos,5512.0
130002547923,Diversas a especificar,143.9
130002547923,"Encargos financeiros, taxas bancárias e/ou op. cartão de crédito",3.0
130002547923,Locação/cessão de bens imóveis,7500.0
130002547923,Publicidade por materiais impressos,19693.37
130002547924,Despesa com Impulsionamento de Conteúdos,4000.0
130002547924,"Encargos financeiros, taxas bancárias e/ou op. cartão de crédito",2.96
130002547924,"Produção de jingles, vinhetas e slogans",750.0
130002547924,Publicidade por materiais impressos,6098.0
130002547925,"Encargos financeiros, taxas bancárias e/ou op. cartão de crédito",17.0
130002547926,Atividades de militância e mobilização de rua,143358.36
130002547926,Cessão ou locação de veículos,19000.0
130002547926,Combustíveis e lubrificantes,4063.8
130002547926,Diversas a especificar,29453.239999999998
130002547926,"Encargos financeiros, taxas bancárias e/ou op. cartão de crédito",133.39999999999998
130002547926,Locação/cessão de bens imóveis,9887.66
130002547926,Publicidade por adesivos,2200.0
130002547926,Publicidade por carros de som,600.0
130002547926,Publicidade por materiais impressos,51855.0
130002547926,Serviços advocatícios,30000.0
130002547926,Serviços prestados por terceiros,14400.0
130002547927,Despesa com Impulsionamento de Conteúdos,100.0
130002547928,Cessão ou locação de veículos,5239.0
130002547928,Despesas com pessoal,46000.0
130002547928,"Encargos financeiros, taxas bancárias e/ou op. cartão de crédito",2.0
130002547928,Publicidade por materiais impressos,9250.0
130002547929,Alimentação,1339.84
130002547929,Atividades de militância e mobilização de rua,65142.85
130002547929,Cessão ou locação de veículos,15400.0
130002547929,Despesas com pessoal,22000.0
130002547929,Diversas a especificar,208955.84
130002547929,Locação/cessão de bens imóveis,600.0
130002547929,Publicidade por jornais e revistas,5000.0
130002547929,Publicidade por materiais impressos,266100.0
130002547929,Serviços advocatícios,150000.0
130002547929,Serviços contábeis,20000.0
130002547931,Cessão ou locação de veículos,6500.0
130002547931,Serviços prestados por terceiros,9000.0
130002547932,Atividades de militância e mobilização de rua,20000.0
130002547932,Publicidade por materiais impressos,16350.0
130002547932,Serviços prestados por terceiros,45000.0
130002547933,Atividades de militância e mobilização de rua,32968.0
130002547933,"Encargos financeiros, taxas bancárias e/ou op. cartão de crédito",4.0
130002547933,"Produção de programas de rádio, televisão ou vídeo",60000.0
130002547933,Publicidade por materiais impressos,15517.0
130002548772,Despesas com pessoal,8000.0
130002548774,Alimentação,176.0
130002548775,Cessão ou locação de veículos,2000.0
130002548775,Combustíveis e lubrificantes,227.33
130002548775,Correspondências e despesas postais,181.66
130002548775,Despesas com pessoal,15500.0
130002548775,Materiais de expediente,192.0
130002548779,Alimentação,288.1
130002548779,Cessão ou locação de veículos,10183.33
130002548779,Combustíveis e lubrificantes,631.08
130002548779,Despesa com Impulsionamento de Conteúdos,55000.0
130002548779,Despesas com Hospedagem,1233.3200000000002
130002548779,Publicidade por adesivos,1276.75
130002548779,Publicidade por materiais impressos,16189.0
130002548779,Serviços prestados por terceiros,800.0
130002548780,Alimentação,484.01
130002548780,Combustíveis e lubrificantes,412.78999999999996
130002548780,Despesa com Impulsionamento de Conteúdos,7490.19
130002548780,Despesas com Hospedagem,320.0
130002548780,Despesas com pessoal,23500.0
130002548780,Materiais de expediente,660.8
130002548780,Publicidade por materiais impressos,68750.0
130002548781,Despesa com Impulsionamento de Conteúdos,11383.04
130002548782,Despesa com Impulsionamento de Conteúdos,1000.0
130002548786,Correspondências e despesas postais,678.1
130002548786,Despesas com pessoal,36316.0
130002548786,Diversas a especificar,59000.0
130002548786,"Encargos financeiros, taxas bancárias e/ou op. cartão de crédito",20.6
130002548786,Locação/cessão de bens imóveis,17674.67
130002548786,Publicidade por adesivos,8106.55
130002548786,Publicidade por materiais impressos,19139.0
130002548786,Serviços advocatícios,46000.0
130002548786,Serviços contábeis,10000.0
130002548787,Despesa com Impulsionamento de Conteúdos,50.0
130002548788,Atividades de militância e mobilização de rua,100700.0
130002548788,Cessão ou locação de veículos,7000.0
130002548788,Combustíveis e lubrificantes,1000.0
130002548788,Despesa com Impulsionamento de Conteúdos,21000.0
130002548788,Publicidade por materiais impressos,47920.0
130002548788,Serviços próprios prestados por terceiros,9000.0
130002548791,Alimentação,10600.0
130002548791,Atividades de militância e mobilização de rua,124152.64
130002548791,Cessão ou locação de veículos,48066.130000000005
130002548791,Combustíveis e lubrificantes,63900.0
130002548791,Despesas com pessoal,187464.8
130002548791,"Encargos financeiros, taxas bancárias e/ou op. cartão de crédito",17.5
130002548791,Energia elétrica,11.92
130002548791,Locação/cessão de bens imóveis,23000.0
130002548791,Locação/cessão de bens móveis (exceto veículos),750.0
130002548791,Materiais de expediente,980.0
130002548791,Publicidade por adesivos,11909.0
130002548791,Publicidade por jornais e revistas,10500.0
130002548791,Publicidade por materiais impressos,136450.0
130002548791,Serviços contábeis,18000.0
130002548791,Água,1281.02
130002548795,Cessão ou locação de veículos,29993.82
130002548795,Despesa com Impulsionamento de Conteúdos,7000.0
130002548795,Despesas com pessoal,1447476.0
130002548795,Locação/cessão de bens imóveis,60000.0
130002548795,"Produção de jingles, vinhetas e slogans",1300.0
130002548795,Serviços advocatícios,25000.0
130002548795,Serviços contábeis,20000.0
130002548796,Atividades de militância e mobilização de rua,75160.0
130002548796,Cessão ou locação de veículos,23400.0
130002548796,Combustíveis e lubrificantes,5937.82
130002548796,Despesa com Impulsionamento de Conteúdos,25000.0
130002548796,Locação/cessão de bens imóveis,9000.0
130002548796,"Produção de programas de rádio, televisão ou vídeo",5000.0
130002548796,Publicidade por adesivos,34177.05
130002548796,Publicidade por materiais impressos,28394.18
130002548796,Serviços contábeis,4000.0
130002548796,Serviços prestados por terceiros,165170.0
130002548797,Criação e inclusão de páginas na internet,349.0
130002548797,Doações financeiras a outros candidatos/partidos,50000.0
130002548797,"Encargos financeiros, taxas bancárias e/ou op. cartão de crédito",21.6
130002548797,Publicidade por adesivos,2970.0
130002548797,Publicidade por materiais impressos,13711.0
130002548798,Atividades de militância e mobilização de rua,15320.0
130002548798,Combustíveis e lubrificantes,246.54
130002548798,Despesas com pessoal,2932.0
130002548798,Materiais de expediente,234.81
130002548798,Serviços prestados por terceiros,1500.0
130002548798,Serviços próprios prestados por terceiros,980.0
130002548801,Combustíveis e lubrificantes,550.0
130002548804,Despesa com Impulsionamento de Conteúdos,18000.0
130002548804,Despesas com pessoal,7650.0
130002548804,Locação/cessão de bens imóveis,2784.75
130002548804,Publicidade por materiais impressos,16622.0
130002548804,Serviços advocatícios,30000.0
130002548804,Serviços contábeis,7000.0
130002548804,Serviços prestados por terceiros,50000.0
130002548805,Cessão ou locação de veículos,23000.0
130002548805,Combustíveis e lubrificantes,1389.29
130002548805,Despesa com Impulsionamento de Conteúdos,20600.0
130002548805,"Produção de jingles, vinhetas e slogans",1200.0
130002548805,Publicidade por adesivos,6348.0
130002548805,Publicidade por carros de som,1600.0
130002548805,Publicidade por materiais impressos,69196.0
130002548805,Serviços advocatícios,20000.0
130002548805,Serviços contábeis,20000.0
130002548805,Serviços prestados por terceiros,73450.0
130002548806,Cessão ou locação de veículos,6435.25
130002548806,Combustíveis e lubrificantes,261.51
130002548806,Criação e inclusão de páginas na internet,5000.0
130002548806,Despesas com pessoal,8900.0
130002548806,"Encargos financeiros, taxas bancárias e/ou op. cartão de crédito",4.0
130002548806,Publicidade por adesivos,780.0
130002548806,Publicidade por materiais impressos,1450.0
130002548807,Criação e inclusão de páginas na internet,12000.0
130002548807,Locação/cessão de bens imóveis,1733.0
130002548807,Serviços contábeis,10000.0
130002548807,Serviços prestados por terceiros,10000.0
130002548810,Locação/cessão de bens imóveis,3500.0
130002548810,Serviços prestados por terceiros,6137.5
130002548811,Despesa com Impulsionamento de Conteúdos,10000.0
130002548811,Despesas com pessoal,5000.0
130002548811,"Encargos financeiros, taxas bancárias e/ou op. cartão de crédito",25.0
130002548811,Materiais de expediente,1205.0
130002548811,Publicidade por adesivos,10600.0
130002548811,Publicidade por materiais impressos,11000.0
130002548811,Serviços prestados por terceiros,5100.0
130002548812,Combustíveis e lubrificantes,403.78
130002548813,Diversas a especificar,5600.0
130002548813,Locação/cessão de bens imóveis,3660.0
130002548813,Serviços advocatícios,6000.0
130002548816,Combustíveis e lubrificantes,130.03
130002548816,Despesas com pessoal,38060.0
130002548816,Publicidade por materiais impressos,750.0
130002548816,Serviços advocatícios,18000.0
130002548817,Despesa com Impulsionamento de Conteúdos,568.18
130002548817,Locação/cessão de bens imóveis,4000.0
130002548817,Publicidade por materiais impressos,5500.0
130002548818,Despesas com pessoal,4600.0
130002548818,"Encargos financeiros, taxas bancárias e/ou op. cartão de crédito",3.0
130002548818,"Produção de programas de rádio, televisão ou vídeo",977.0
130002548818,Publicidade por adesivos,200.0
130002548818,Publicidade por materiais impressos,3800.0
130002548820,Despesas com pessoal,10000.0
130002548821,Publicidade por materiais impressos,2685.3199999999997
130002548822,Despesa com Impulsionamento de Conteúdos,130.0
130002548822,Despesas com pessoal,8800.0
130002548822,"Encargos financeiros, taxas bancárias e/ou op. cartão de crédito",39.2
130002548822,Publicidade por materiais impressos,5000.0
130002548824,Despesas com pessoal,10000.0
130002548825,Alimentação,71.67
130002548825,Combustíveis e lubrificantes,100.0
130002548825,Despesas com pessoal,28500.0
130002548825,Serviços prestados por terceiros,1700.0
130002550166,Despesas com pessoal,12000.0
130002550167,Locação/cessão de bens imóveis,1000.0
130002550167,Publicidade por materiais impressos,1800.0
130002550167,Serviços prestados por terceiros,40.0
130002550168,"Encargos financeiros, taxas bancárias e/ou op. cartão de crédito",52.0
130002550168,"Produção de jingles, vinhetas e slogans",1200.0
130002550168,Publicidade por materiais impressos,9975.0
130002550169,Despesas com pessoal,6500.0
130002550170,Combustíveis e lubrificantes,254.11
130002550171,Diversas a especificar,299.0
130002550171,"Encargos financeiros, taxas bancárias e/ou op. cartão de crédito",0.5
130002550171,Serviços prestados por terceiros,4150.0
130002550172,Cessão ou locação de veículos,4500.0
130002550172,Despesas com pessoal,8500.0
130002550172,"Encargos financeiros, taxas bancárias e/ou op. cartão de crédito",1.0
130002550173,Cessão ou locação de veículos,2500.0
130002550173,Combustíveis e lubrificantes,268.81
130002551261,Despesa com Impulsionamento de Conteúdos,77.45
130002551261,Publicidade por materiais impressos,940.0
130002552138,Serviços advocatícios,15500.0
130002552138,Serviços contábeis,5500.0
130002552305,Cessão ou locação de veículos,10000.0
130002552305,Despesas com pessoal,6700.0
130002552305,"Encargos financeiros, taxas bancárias e/ou op. cartão de crédito",1.5
130002552305,Publicidade por materiais impressos,13380.0
130002552305,Serviços advocatícios,3000.0
130002552305,Serviços contábeis,1621.0
130002552305,Serviços prestados por terceiros,5000.0
130002552316,Atividades de militância e mobilização de rua,26800.0
130002552316,Cessão ou locação de veículos,11500.0
130002552316,Despesas com pessoal,10000.0
130002552316,"Encargos financeiros, taxas bancárias e/ou op. cartão de crédito",2.0
130002552317,Cessão ou locação de veículos,4200.0
130002552317,Despesas com pessoal,23828.5
130002552317,"Encargos financeiros, taxas bancárias e/ou op. cartão de crédito",1.0
130002553039,Serviços advocatícios,1000.0
130002553039,Serviços contábeis,1600.0
130002553048,Despesas com pessoal,8000.0
130002553048,Publicidade por materiais impressos,340.0
130002553048,Serviços prestados por terceiros,1200.0
130002553604,Alimentação,4400.0
130002553604,Atividades de militância e mobilização de rua,49000.0
130002553604,Cessão ou locação de veículos,27000.0
130002553604,Despesas com pessoal,21000.0
130002553604,Diversas a especificar,3495.0
130002553604,Locação/cessão de bens imóveis,1000.0
130002553604,Locação/cessão de bens móveis (exceto veículos),2079.8
130002553604,"Produção de jingles, vinhetas e slogans",15000.0
130002553604,Publicidade por adesivos,26224.0
130002553604,Publicidade por materiais impressos,2080.0
130002553604,Serviços contábeis,5000.0
130002553604,Serviços prestados por terceiros,2990.0
130002553607,Atividades de militância e mobilização de rua,15000.0
130002553607,Despesa com Impulsionamento de Conteúdos,5000.0
130002553607,Despesas com pessoal,30000.0
130002553607,"Encargos financeiros, taxas bancárias e/ou op. cartão de crédito",22.4
130002553607,Locação/cessão de bens imóveis,1000.0
130002553607,Publicidade por materiais impressos,9890.0
130002553632,"Encargos financeiros, taxas bancárias e/ou op. cartão de crédito",1.5
130002553632,Publicidade por materiais impressos,9262.5
130002553632,Serviços advocatícios,3700.0
130002553632,Serviços contábeis,2000.0
130002553632,Serviços prestados por terceiros,4900.0
130002554207,Correspondências e despesas postais,1276.44
130002554207,Despesa com Impulsionamento de Conteúdos,2067.95
130002554207,Doações financeiras a outros candidatos/partidos,5000.0
130002554207,"Encargos financeiros, taxas bancárias e/ou op. cartão de crédito",0.5
130002554207,Publicidade por materiais impressos,1550.0
130002554207,Serviços prestados por terceiros,2850.0
190002532795,Alimentação,8680.0
190002532795,Atividades de militância e mobilização de rua,226750.0
190002532795,Combustíveis e lubrificantes,15031.2
190002532795,Correspondências e despesas postais,152682.75
190002532795,Despesa com Impulsionamento de Conteúdos,65000.0
190002532795,Despesas com pessoal,212750.0
190002532795,Despesas com transporte ou deslocamento,58500.0
190002532795,Locação/cessão de bens imóveis,300.0
190002532795,Publicidade por adesivos,80817.5
190002532795,Publicidade por materiais impressos,310250.0
190002532795,Serviços advocatícios,100000.0
190002532795,Serviços contábeis,100000.0
190002532796,Cessão ou locação de veículos,41970.0
190002532796,Combustíveis e lubrificantes,2683.75
190002532796,Despesa com Impulsionamento de Conteúdos,54065.0
190002532796,Despesas com pessoal,517996.0
190002532796,"Encargos financeiros, taxas bancárias e/ou op. cartão de crédito",673.4
190002532796,Locação/cessão de bens imóveis,2500.0
190002532796,Pré-instalação física de comitê de campanha,193.0
190002532796,Publicidade por adesivos,166870.0
190002532796,Publicidade por materiais impressos,80649.0
190002532796,Serviços advocatícios,150000.0
190002532796,Serviços contábeis,24865.0
190002532796,Serviços prestados por terceiros,149050.0
190002532797,Atividades de militância e mobilização de rua,83200.0
190002532797,Despesa com Impulsionamento de Conteúdos,25000.0
190002532797,"Encargos financeiros, taxas bancárias e/ou op. cartão de crédito",11.5
190002532797,Locação/cessão de bens imóveis,8500.0
190002532797,"Produção de programas de rádio, televisão ou vídeo",18420.0
190002532797,Publicidade por adesivos,5280.0
190002532797,Publicidade por materiais impressos,2530.0
190002532797,Serviços advocatícios,12500.0
190002532797,Serviços contábeis,12500.0
190002532798,Alimentação,46485.479999999996
190002532798,Atividades de militância e mobilização de rua,34000.0
190002532798,Cessão ou locação de veículos,115250.0
190002532798,Combustíveis e lubrificantes,8618.42
190002532798,Despesa com Impulsionamento de Conteúdos,50000.0
190002532798,Despesas com pessoal,379800.0
190002532798,Diversas a especificar,33255.6
190002532798,"Encargos financeiros, taxas bancárias e/ou op. cartão de crédito",37.8
190002532798,Locação/cessão de bens imóveis,18000.0
190002532798,Publicidade por materiais impressos,158252.95
190002532799,Atividades de militância e mobilização de rua,17000.0
190002532799,Despesa com Impulsionamento de Conteúdos,15000.0
190002532799,Diversas a especificar,1979.1
190002532799,"Encargos financeiros, taxas bancárias e/ou op. cartão de crédito",4.5
190002532799,"Produção de programas de rádio, televisão ou vídeo",79060.0
190002532799,Publicidade por materiais impressos,8450.0
190002532799,Serviços advocatícios,15000.0
190002532799,Serviços contábeis,6000.0
190002532800,Serviços advocatícios,5000.0
190002532800,Serviços contábeis,5000.0
190002532801,Despesa com Impulsionamento de Conteúdos,7000.0
190002532801,Despesas com pessoal,83400.0
190002532801,"Encargos financeiros, taxas bancárias e/ou op. cartão de crédito",13.0
190002532801,Serviços prestados por terceiros,8000.0
190002532802,Cessão ou locação de veículos,8500.0
190002532802,Despesa com Impulsionamento de Conteúdos,15000.0
190002532802,Despesas com pessoal,92035.0
190002532802,"Encargos financeiros, taxas bancárias e/ou op. cartão de crédito",6.0
190002532802,Publicidade por adesivos,8920.0
190002532802,Publicidade por materiais impressos,13280.0
190002532802,Serviços prestados por terceiros,20000.0
190002532803,Atividades de militância e mobilização de rua,971264.57
190002532803,Cessão ou locação de veículos,116000.0
190002532803,Combustíveis e lubrificantes,9897.029999999999
190002532803,Despesa com Impulsionamento de Conteúdos,153970.0
190002532803,Despesas com pessoal,24846.88
190002532803,Despesas com transporte ou deslocamento,32200.0
190002532803,"Encargos financeiros, taxas bancárias e/ou op. cartão de crédito",298.6
190002532803,Locação/cessão de bens imóveis,20300.0
190002532803,Locação/cessão de bens móveis (exceto veículos),9000.0
190002532803,Publicidade por adesivos,43719.0
190002532803,Publicidade por materiais impressos,211992.41
190002532803,Serviços advocatícios,86000.0
190002532803,Serviços contábeis,60000.0
190002532803,Serviços prestados por terceiros,49608.83
190002532804,Atividades de militância e mobilização de rua,464736.0
190002532804,Cessão ou locação de veículos,44900.0
190002532804,Comícios,16600.0
190002532804,Criação e inclusão de páginas na internet,5096.0
190002532804,Despesa com Impulsionamento de Conteúdos,43800.0
190002532804,Diversas a especificar,5000.0
190002532804,Locação/cessão de bens imóveis,29500.0
190002532804,"Produção de jingles, vinhetas e slogans",6000.0
190002532804,Publicidade por adesivos,388243.85
190002532804,Publicidade por carros de som,20000.0
190002532804,Publicidade por materiais impressos,520143.5
190002532804,Serviços advocatícios,70000.0
190002532804,Serviços contábeis,13000.0
190002532804,Serviços prestados por terceiros,36500.0
190002532805,Atividades de militância e mobilização de rua,127300.0
190002532805,Cessão ou locação de veículos,102000.0
190002532805,Despesa com Impulsionamento de Conteúdos,57000.0
190002532805,Diversas a especificar,20000.0
190002532805,"Encargos financeiros, taxas bancárias e/ou op. cartão de crédito",38.0
190002532805,Locação/cessão de bens imóveis,24400.0
190002532805,Publicidade por adesivos,175275.0
190002532805,Publicidade por materiais impressos,119587.5
190002532805,Serviços advocatícios,20000.0
190002532805,Serviços contábeis,30000.0
190002532805,Serviços prestados por terceiros,20000.0
190002532806,Atividades de militância e mobilização de rua,25820.0
190002532806,Despesa com Impulsionamento de Conteúdos,1500.0
190002532806,Despesas com pessoal,53000.0
190002532806,"Encargos financeiros, taxas bancárias e/ou op. cartão de crédito",44.6
190002532806,Locação/cessão de bens imóveis,20000.0
190002532806,Serviços advocatícios,10000.0
190002532806,Serviços contábeis,12000.0
190002532806,Serviços prestados por terceiros,19500.0
190002532807,Cessão ou locação de veículos,13000.0
190002532807,Combustíveis e lubrificantes,8832.24
190002532807,Despesas com pessoal,1924563.35
190002532807,Locação/cessão de bens imóveis,5070.0
190002532807,Publicidade por adesivos,315778.0
190002532807,Publicidade por materiais impressos,283226.0
190002532807,Serviços advocatícios,60000.0
190002532807,Serviços contábeis,47600.0
190002532807,Serviços prestados por terceiros,16150.0
190002532809,Atividades de militância e mobilização de rua,1562505.39
190002532809,Cessão ou locação de veículos,7222.8
190002532809,Despesa com Impulsionamento de Conteúdos,215000.0
190002532809,Despesas com pessoal,181653.98
190002532809,Locação/cessão de bens imóveis,72100.0
190002532809,Publicidade por adesivos,25300.0
190002532809,Publicidade por materiais impressos,231497.5
190002532810,Despesa com Impulsionamento de Conteúdos,20000.0
190002532810,Despesas com pessoal,1484250.0
190002532810,"Encargos financeiros, taxas bancárias e/ou op. cartão de crédito",34.5
190002532810,Locação/cessão de bens imóveis,1600.0
190002532810,Publicidade por adesivos,33550.0
190002532810,Publicidade por materiais impressos,129761.0
190002532810,Serviços advocatícios,50000.0
190002532810,Serviços contábeis,10000.0
190002532810,Serviços prestados por terceiros,100000.0
190002532811,Despesa com Impulsionamento de Conteúdos,59500.0
190002532811,"Encargos financeiros, taxas bancárias e/ou op. cartão de crédito",1.0
190002532811,Publicidade por adesivos,5420.0
190002532811,Publicidade por materiais impressos,7620.0
190002532811,Serviços contábeis,12150.0
190002532811,Serviços prestados por terceiros,50067.92
190002532812,Doações financeiras a outros candidatos/partidos,500000.0
190002532813,Cessão ou locação de veículos,75000.0
190002532813,Combustíveis e lubrificantes,3830.86
190002532813,Despesa com Impulsionamento de Conteúdos,50000.0
190002532813,Despesas com pessoal,489508.5
190002532813,"Encargos financeiros, taxas bancárias e/ou op. cartão de crédito",21.0
190002532813,Locação/cessão de bens imóveis,6000.0
190002532813,Publicidade por adesivos,10500.0
190002532813,Publicidade por materiais impressos,296331.0
190002532813,Serviços advocatícios,35000.0
190002532813,Serviços contábeis,26325.0
190002532813,Serviços prestados por terceiros,95.59
190002532814,Cessão ou locação de veículos,20000.0
190002532814,Despesas com pessoal,39700.0
190002532814,"Encargos financeiros, taxas bancárias e/ou op. cartão de crédito",8.0
190002532815,Despesa com Impulsionamento de Conteúdos,3000.0
190002532815,Despesas com pessoal,2000.0
190002532815,Publicidade por adesivos,5000.0
190002532815,Publicidade por jornais e revistas,4800.0
190002532815,Publicidade por materiais impressos,15000.0
190002532815,Serviços prestados por terceiros,3000.0
190002532816,Alimentação,3250.0
190002532816,Atividades de militância e mobilização de rua,876181.0
190002532816,Despesa com Impulsionamento de Conteúdos,11500.0
190002532816,Despesas com pessoal,22000.0
190002532816,"Encargos financeiros, taxas bancárias e/ou op. cartão de crédito",180.5
190002532816,Locação/cessão de bens imóveis,34000.0
190002532816,"Produção de jingles, vinhetas e slogans",2000.0
190002532816,Publicidade por adesivos,125500.0
190002532816,Publicidade por materiais impressos,82430.0
190002532816,Serviços advocatícios,200000.0
190002532816,Serviços contábeis,100000.0
190002532816,Serviços prestados por terceiros,85000.0
190002532817,Atividades de militância e mobilização de rua,508342.0
190002532817,Cessão ou locação de veículos,45000.0
190002532817,Despesa com Impulsionamento de Conteúdos,50000.0
190002532817,"Encargos financeiros, taxas bancárias e/ou op. cartão de crédito",41.0
190002532817,Locação/cessão de bens imóveis,85400.0
190002532817,Publicidade por adesivos,31106.6
190002532817,Publicidade por materiais impressos,112059.1
190002532817,Serviços advocatícios,72000.0
190002532818,Atividades de militância e mobilização de rua,98400.0
190002532818,Cessão ou locação de veículos,18500.0
190002532818,Combustíveis e lubrificantes,7791.36
190002532818,Despesa com Impulsionamento de Conteúdos,3000.0
190002532818,"Encargos financeiros, taxas bancárias e/ou op. cartão de crédito",21.0
190002532818,Locação/cessão de bens imóveis,9800.0
190002532818,Locação/cessão de bens móveis (exceto veículos),500.0
190002532818,Materiais de expediente,329.0
190002532818,Publicidade por materiais impressos,37363.0
190002532818,Serviços advocatícios,25000.0
190002532818,Serviços contábeis,20000.0
190002532818,Serviços prestados por terceiros,14000.0
190002532818,Água,1960.0
190002532819,Atividades de militância e mobilização de rua,644840.94
190002532819,Cessão ou locação de veículos,124761.64
190002532819,Combustíveis e lubrificantes,7517.82
190002532819,Despesa com Impulsionamento de Conteúdos,200000.0
190002532819,Despesas com pessoal,361934.83
190002532819,Despesas com transporte ou deslocamento,13500.0
190002532819,Diversas a especificar,53000.0
190002532819,"Impostos, contribuições e taxas",161.5
190002532819,Locação/cessão de bens imóveis,8500.0
190002532819,Publicidade por materiais impressos,262048.0
190002532819,Serviços advocatícios,150000.0
190002532819,Serviços contábeis,20000.0
190002532820,Atividades de militância e mobilização de rua,36750.0
190002532820,Cessão ou locação de veículos,20000.0
190002532820,Despesa com Impulsionamento de Conteúdos,21000.0
190002532820,"Encargos financeiros, taxas bancárias e/ou op. cartão de crédito",12.5
190002532820,Locação/cessão de bens imóveis,12500.0
190002532820,"Produção de programas de rádio, televisão ou vídeo",300000.0
190002532820,Publicidade por materiais impressos,100688.0
190002532820,Serviços advocatícios,50000.0
190002532820,Serviços contábeis,50000.0
190002532821,Cessão ou locação de veículos,25000.0
190002532821,Despesa com Impulsionamento de Conteúdos,19000.0
190002532821,Despesas com pessoal,31416.61
190002532821,Diversas a especificar,3339.25
190002532821,"Encargos financeiros, taxas bancárias e/ou op. cartão de crédito",9.0
190002532821,Locação/cessão de bens imóveis,9300.0
190002532821,"Produção de jingles, vinhetas e slogans",700.0
190002532821,Publicidade por materiais impressos,29150.0
190002532821,Serviços contábeis,11200.0
190002532821,Serviços próprios prestados por terceiros,2000.0
190002532822,Alimentação,1443.08
190002532822,Atividades de militância e mobilização de rua,4800.0
190002532822,Combustíveis e lubrificantes,4393.32
190002532822,Despesa com Impulsionamento de Conteúdos,26725.0
190002532822,Despesas com pessoal,17700.0
190002532822,"Encargos financeiros, taxas bancárias e/ou op. cartão de crédito",8.0
190002532822,Locação/cessão de bens imóveis,67000.0
190002532822,Publicidade por materiais impressos,107632.5
190002532822,Serviços advocatícios,56000.0
190002532822,Serviços contábeis,56000.0
190002532822,Serviços próprios prestados por terceiros,50000.0
190002532823,Despesa com Impulsionamento de Conteúdos,20000.0
190002532823,Despesas com pessoal,230000.0
190002532823,"Encargos financeiros, taxas bancárias e/ou op. cartão de crédito",12.5
190002532823,Eventos de promoção da candidatura,16100.0
190002532823,Publicidade por materiais impressos,559996.2
190002532823,Serviços advocatícios,15000.0
190002532823,Serviços contábeis,15000.0
190002532824,Atividades de militância e mobilização de rua,15150.0
190002532824,Despesa com Impulsionamento de Conteúdos,48000.0
190002532824,Despesas com pessoal,6000.0
190002532824,Publicidade por materiais impressos,5459.0
190002532824,Serviços advocatícios,6000.0
190002532824,Serviços contábeis,6000.0
190002532824,Serviços prestados por terceiros,12400.0
190002532825,Cessão ou locação de veículos,39500.0
190002532825,Combustíveis e lubrificantes,5915.13
190002532825,Despesa com Impulsionamento de Conteúdos,390000.0
190002532825,Despesas com pessoal,1177095.0
190002532825,"Encargos financeiros, taxas bancárias e/ou op. cartão de crédito",79.0
190002532825,Locação/cessão de bens móveis (exceto veículos),840.0
190002532825,"Produção de programas de rádio, televisão ou vídeo",30000.0
190002532825,Publicidade por adesivos,12420.0
190002532825,Publicidade por materiais impressos,30100.0
190002532825,Serviços advocatícios,220000.0
190002532825,Serviços contábeis,65000.0
190002532825,Serviços prestados por terceiros,135682.97
190002532826,Atividades de militância e mobilização de rua,96240.0
190002532826,Despesa com Impulsionamento de Conteúdos,26912.34
190002532826,"Encargos financeiros, taxas bancárias e/ou op. cartão de crédito",11.5
190002532826,Publicidade por adesivos,16640.55
190002532826,Publicidade por materiais impressos,103413.55
190002532826,Serviços contábeis,12000.0
190002532827,Cessão ou locação de veículos,35000.0
190002532827,Combustíveis e lubrificantes,4183.0
190002532827,Comícios,26420.23
190002532827,Despesa com Impulsionamento de Conteúdos,55000.0
190002532827,Despesas com pessoal,325821.0
190002532827,"Encargos financeiros, taxas bancárias e/ou op. cartão de crédito",29.0
190002532827,Publicidade por adesivos,108765.0
190002532827,Publicidade por materiais impressos,571390.5
190002532827,Serviços advocatícios,120000.0
190002532827,Serviços contábeis,54600.0
190002532828,Alimentação,31322.5
190002532828,Cessão ou locação de veículos,33300.0
190002532828,Combustíveis e lubrificantes,1386.2
190002532828,Correspondências e despesas postais,77270.0
190002532828,Despesa com Impulsionamento de Conteúdos,38000.0
190002532828,Despesas com pessoal,59200.0
190002532828,"Encargos financeiros, taxas bancárias e/ou op. cartão de crédito",4.0
190002532828,Locação/cessão de bens imóveis,80000.0
190002532828,Materiais de expediente,1641.1
190002532828,Publicidade por materiais impressos,90580.0
190002532828,Serviços advocatícios,120000.0
190002532828,Serviços contábeis,75000.0
190002532828,Serviços prestados por terceiros,339154.14999999997
190002532828,Água,1137.69
190002532829,Despesas com pessoal,36500.0
190002532829,"Encargos financeiros, taxas bancárias e/ou op. cartão de crédito",1.5
190002532829,Materiais de expediente,35.35
190002532829,"Produção de jingles, vinhetas e slogans",500.0
190002532829,Publicidade por adesivos,530.0
190002532829,Publicidade por materiais impressos,2560.0
190002532830,Despesas com pessoal,40400.0
190002532830,"Encargos financeiros, taxas bancárias e/ou op. cartão de crédito",239.0
190002532830,Locação/cessão de bens imóveis,30000.0
190002532830,"Produção de jingles, vinhetas e slogans",2000.0
190002532830,Serviços prestados por terceiros,25335.0
190002532830,Taxa de Administração de Financiamento Coletivo,221.04
190002532831,Criação e inclusão de páginas na internet,95.59
190002532831,Despesa com Impulsionamento de Conteúdos,29000.0
190002532831,"Encargos financeiros, taxas bancárias e/ou op. cartão de crédito",3.5
190002532831,Locação/cessão de bens imóveis,4500.0
190002532831,Locação/cessão de bens móveis (exceto veículos),19000.0
190002532831,Publicidade por adesivos,48100.4
190002532831,Publicidade por materiais impressos,136980.4
190002532831,Serviços advocatícios,5000.0
190002532831,Serviços contábeis,10000.0
190002532832,Despesa com Impulsionamento de Conteúdos,5000.0
190002532832,Despesas com pessoal,14000.0
190002532832,"Encargos financeiros, taxas bancárias e/ou op. cartão de crédito",2.5
190002532832,Publicidade por materiais impressos,11500.0
190002532832,Serviços advocatícios,10000.0
190002532833,Alimentação,1187.4
190002532833,Cessão ou locação de veículos,42000.0
190002532833,Combustíveis e lubrificantes,2473.66
190002532833,Despesas com pessoal,90800.0
190002532833,Despesas com transporte ou deslocamento,9655.28
190002532833,"Encargos financeiros, taxas bancárias e/ou op. cartão de crédito",18.5
190002532833,Locação/cessão de bens imóveis,5620.0
190002532833,"Produção de jingles, vinhetas e slogans",6000.0
190002532833,Publicidade por materiais impressos,31325.0
190002532833,Serviços advocatícios,10000.0
190002532833,Serviços contábeis,20000.0
190002532833,Serviços prestados por terceiros,180000.0
190002532833,Serviços próprios prestados por terceiros,2460.0
190002532834,Despesa com Impulsionamento de Conteúdos,110000.0
190002532834,Despesas com pessoal,1688203.28
190002532834,"Encargos financeiros, taxas bancárias e/ou op. cartão de crédito",288.0
190002532834,Publicidade por adesivos,217852.8
190002532834,Publicidade por materiais impressos,646007.34
190002532834,Serviços advocatícios,40000.0
190002532834,Serviços contábeis,36650.0
190002532834,Serviços prestados por terceiros,22500.0
190002532835,Atividades de militância e mobilização de rua,76150.0
190002532835,Combustíveis e lubrificantes,10000.0
190002532835,Despesa com Impulsionamento de Conteúdos,104500.0
190002532835,"Encargos financeiros, taxas bancárias e/ou op. cartão de crédito",103.1
190002532835,Locação/cessão de bens imóveis,15908.7
190002532835,Locação/cessão de bens móveis (exceto veículos),6000.0
190002532835,Materiais de expediente,612.0
190002532835,"Produção de jingles, vinhetas e slogans",15307.68
190002532835,"Produção de programas de rádio, televisão ou vídeo",8400.0
190002532835,Publicidade por materiais impressos,20089.98
190002532835,Serviços prestados por terceiros,103670.0
190002532836,Alimentação,731.7
190002532836,Atividades de militância e mobilização de rua,79441.98
190002532836,Cessão ou locação de veículos,17620.0
190002532836,Combustíveis e lubrificantes,2417.31
190002532836,Despesa com Impulsionamento de Conteúdos,11160.0
190002532836,Despesas com transporte ou deslocamento,4251.43
190002532836,Diversas a especificar,8001.33
190002532836,"Encargos financeiros, taxas bancárias e/ou op. cartão de crédito",20.5
190002532836,Materiais de expediente,1815.96
190002532836,"Produção de jingles, vinhetas e slogans",3000.0
190002532836,Publicidade por materiais impressos,49780.0
190002532836,Taxa de Administração de Financiamento Coletivo,48.07000000000001
190002532836,Água,206.75
190002532837,Despesa com Impulsionamento de Conteúdos,15000.0
190002532837,Despesas com pessoal,72400.0
190002532837,"Encargos financeiros, taxas bancárias e/ou op. cartão de crédito",7.5
190002532837,"Produção de jingles, vinhetas e slogans",3000.0
190002532837,Publicidade por adesivos,9273.0
190002532837,Publicidade por jornais e revistas,38100.0
190002532837,Publicidade por materiais impressos,18109.0
190002532838,Despesa com Impulsionamento de Conteúdos,6000.0
190002532838,Despesas com pessoal,129900.0
190002532838,Despesas com transporte ou deslocamento,10790.0
190002532838,Publicidade por materiais impressos,24520.0
190002532839,Cessão ou locação de veículos,45000.0
190002532839,Despesa com Impulsionamento de Conteúdos,54621.51
190002532839,Despesas com pessoal,450250.0
190002532839,Publicidade por materiais impressos,2000.0
190002532839,Serviços advocatícios,100000.0
190002534606,Publicidade por materiais impressos,582.0
190002534606,Serviços prestados por terceiros,1000.0
190002534607,Atividades de militância e mobilização de rua,2800.0
190002534607,Cessão ou locação de veículos,6500.0
190002534607,Despesas com pessoal,9700.0
190002534607,"Encargos financeiros, taxas bancárias e/ou op. cartão de crédito",1.5
190002534607,Locação/cessão de bens imóveis,2400.0
190002534607,Serviços prestados por terceiros,2000.0
190002534607,Taxa de Administração de Financiamento Coletivo,4.0
190002534608,Cessão ou locação de veículos,5000.0
190002534608,"Encargos financeiros, taxas bancárias e/ou op. cartão de crédito",2.5
190002534608,Publicidade por materiais impressos,1735.0
190002534608,Serviços prestados por terceiros,21000.0
190002534609,Alimentação,135.18
190002534609,Atividades de militância e mobilização de rua,11000.0
190002534609,Despesa com Impulsionamento de Conteúdos,1000.0
190002534609,Despesas com transporte ou deslocamento,20000.0
190002534609,"Encargos financeiros, taxas bancárias e/ou op. cartão de crédito",48.8
190002534609,Serviços prestados por terceiros,158250.0
190002534609,Serviços próprios prestados por terceiros,3200.0
190002534609,Taxa de Administração de Financiamento Coletivo,77.97
190002534610,Publicidade por materiais impressos,3190.0
190002534611,Despesa com Impulsionamento de Conteúdos,20000.0
190002534611,Publicidade por adesivos,7950.0
190002534611,Publicidade por materiais impressos,97162.5
190002534611,Serviços prestados por terceiros,50000.0
190002534612,Despesa com Impulsionamento de Conteúdos,1000.0
190002534612,Serviços prestados por terceiros,5000.0
190002534613,Atividades de militância e mobilização de rua,600.0
190002534613,Despesa com Impulsionamento de Conteúdos,1200.0
190002534613,"Encargos financeiros, taxas bancárias e/ou op. cartão de crédito",1.5
190002534613,Serviços prestados por terceiros,6000.0
190002534614,Despesa com Impulsionamento de Conteúdos,16500.0
190002534614,Publicidade por materiais impressos,7000.0
190002534614,Serviços contábeis,6000.0
190002534615,Atividades de militância e mobilização de rua,44353.52
190002534615,Combustíveis e lubrificantes,274.2
190002534615,Despesa com Impulsionamento de Conteúdos,38000.0
190002534615,"Encargos financeiros, taxas bancárias e/ou op. cartão de crédito",13.0
190002534615,Publicidade por carros de som,7744.0
190002534615,Publicidade por materiais impressos,26090.0
190002534615,Serviços prestados por terceiros,31818.0
190002534616,Criação e inclusão de páginas na internet,10000.0
190002534616,Despesa com Impulsionamento de Conteúdos,4000.0
190002534616,"Encargos financeiros, taxas bancárias e/ou op. cartão de crédito",53.06
190002534616,Publicidade por jornais e revistas,1000.0
190002534616,Publicidade por materiais impressos,13484.0
190002534616,Serviços advocatícios,20000.0
190002534616,Taxa de Administração de Financiamento Coletivo,35.96
190002534616,Telefone,249.98
190002534617,Atividades de militância e mobilização de rua,400.0
190002534617,Serviços prestados por terceiros,201.5
190002534618,Criação e inclusão de páginas na internet,4500.0
190002534618,"Encargos financeiros, taxas bancárias e/ou op. cartão de crédito",0.5
190002534619,Despesa com Impulsionamento de Conteúdos,2500.0
190002534619,"Encargos financeiros, taxas bancárias e/ou op. cartão de crédito",3.0
190002534619,"Produção de programas de rádio, televisão ou vídeo",8300.0
190002534619,Publicidade por materiais impressos,1020.0
190002534619,Serviços prestados por terceiros,2327.5
190002534620,Atividades de militância e mobilização de rua,6500.0
190002534620,Despesa com Impulsionamento de Conteúdos,100.0
190002534620,"Produção de programas de rádio, televisão ou vídeo",650.0
190002534621,Atividades de militância e mobilização de rua,1000.0
190002534621,Criação e inclusão de páginas na internet,65.99
190002534621,Doações financeiras a outros candidatos/partidos,1250.0
190002534621,"Encargos financeiros, taxas bancárias e/ou op. cartão de crédito",3.0
190002534621,Publicidade por adesivos,150.0
190002534621,Publicidade por materiais impressos,7241.0
190002534621,Serviços prestados por terceiros,4700.0
190002534622,Atividades de militância e mobilização de rua,550.0
190002534622,"Encargos financeiros, taxas bancárias e/ou op. cartão de crédito",6.0
190002534622,Publicidade por materiais impressos,478.63
190002534622,Serviços prestados por terceiros,4320.0
190002534623,Despesa com Impulsionamento de Conteúdos,2130.0
190002534623,"Encargos financeiros, taxas bancárias e/ou op. cartão de crédito",1.0
190002534623,Materiais de expediente,90.0
190002534623,Serviços prestados por terceiros,1621.0
190002534624,Atividades de militância e mobilização de rua,210.0
190002534624,Despesa com Impulsionamento de Conteúdos,2280.0
190002534624,"Encargos financeiros, taxas bancárias e/ou op. cartão de crédito",2.0
190002534624,"Produção de programas de rádio, televisão ou vídeo",217.9
190002534624,Publicidade por materiais impressos,570.0
190002534624,Serviços prestados por terceiros,3330.0
190002534625,Atividades de militância e mobilização de rua,500.0
190002534625,Despesa com Impulsionamento de Conteúdos,2360.0
190002534625,Despesas com pessoal,2400.0
190002534625,Despesas com transporte ou deslocamento,6000.0
190002534625,"Encargos financeiros, taxas bancárias e/ou op. cartão de crédito",117.0
190002534625,Publicidade por carros de som,1000.0
190002534625,Publicidade por materiais impressos,33470.0
190002534626,Doações financeiras a outros candidatos/partidos,3000.0
190002534626,"Encargos financeiros, taxas bancárias e/ou op. cartão de crédito",3.0
190002534626,"Produção de programas de rádio, televisão ou vídeo",2100.0
190002534626,Publicidade por materiais impressos,1375.0
190002534626,Serviços prestados por terceiros,1400.0
190002534627,Alimentação,1750.0
190002534627,Criação e inclusão de páginas na internet,500.0
190002534627,Serviços prestados por terceiros,5000.0
190002534628,Despesa com Impulsionamento de Conteúdos,10500.0
190002534628,Doações financeiras a outros candidatos/partidos,19500.0
190002534628,"Encargos financeiros, taxas bancárias e/ou op. cartão de crédito",2.5
190002534628,Publicidade por materiais impressos,16455.0
190002534628,Serviços prestados por terceiros,28000.0
190002534629,Despesas com pessoal,9000.0
190002534629,"Encargos financeiros, taxas bancárias e/ou op. cartão de crédito",0.5
190002534630,Atividades de militância e mobilização de rua,2400.0
190002534630,"Encargos financeiros, taxas bancárias e/ou op. cartão de crédito",1.0
190002534630,Serviços prestados por terceiros,1300.0
190002534631,"Encargos financeiros, taxas bancárias e/ou op. cartão de crédito",0.5
190002534631,Serviços prestados por terceiros,7750.0
190002534632,Atividades de militância e mobilização de rua,300.0
190002534632,Despesa com Impulsionamento de Conteúdos,1000.0
190002534632,"Encargos financeiros, taxas bancárias e/ou op. cartão de crédito",4.5
190002534632,Materiais de expediente,49.0
190002534632,Publicidade por materiais impressos,12820.0
190002534632,Serviços prestados por terceiros,63709.0
190002534632,Taxa de Administração de Financiamento Coletivo,32.49
190002534633,Atividades de militância e mobilização de rua,53660.0
190002534633,Cessão ou locação de veículos,9960.0
190002534633,Combustíveis e lubrificantes,994.22
190002534633,Despesa com Impulsionamento de Conteúdos,10518.5
190002534633,Diversas a especificar,6083.04
190002534633,"Encargos financeiros, taxas bancárias e/ou op. cartão de crédito",155.7
190002534633,Eventos de promoção da candidatura,33850.09
190002534633,Locação/cessão de bens imóveis,126682.87
190002534633,Locação/cessão de bens móveis (exceto veículos),600.0
190002534633,Serviços prestados por terceiros,335637.9
190002534633,Serviços próprios prestados por terceiros,252636.4
190002534634,Alimentação,1948.06
190002534634,Correspondências e despesas postais,971.8
190002534634,Despesas com Hospedagem,7500.0
190002534634,Despesas com pessoal,22800.0
190002534634,"Encargos financeiros, taxas bancárias e/ou op. cartão de crédito",9.0
190002534634,Materiais de expediente,1031.24
190002534634,"Produção de programas de rádio, televisão ou vídeo",1100.0
190002534634,Publicidade por materiais impressos,5205.9
190002534634,Serviços prestados por terceiros,3000.0
190002534635,Despesa com Impulsionamento de Conteúdos,1000.0
190002534635,"Encargos financeiros, taxas bancárias e/ou op. cartão de crédito",1.5
190002534635,"Produção de jingles, vinhetas e slogans",450.0
190002534635,Publicidade por materiais impressos,3700.0
190002534635,Serviços prestados por terceiros,1000.0
190002534635,Taxa de Administração de Financiamento Coletivo,15.98
190002534636,Despesa com Impulsionamento de Conteúdos,1000.0
190002534636,"Encargos financeiros, taxas bancárias e/ou op. cartão de crédito",2.0
190002534636,Serviços prestados por terceiros,1967.74
190002534637,Atividades de militância e mobilização de rua,8125.45
190002534637,Despesa com Impulsionamento de Conteúdos,4500.0
190002534637,Despesas com pessoal,6000.0
190002534637,"Encargos financeiros, taxas bancárias e/ou op. cartão de crédito",509.0
190002534637,Locação/cessão de bens imóveis,3500.0
190002534637,Locação/cessão de bens móveis (exceto veículos),5840.0
190002534637,Materiais de expediente,660.26
190002534637,"Produção de jingles, vinhetas e slogans",2000.0
190002534637,"Produção de programas de rádio, televisão ou vídeo",12500.0
190002534637,Publicidade por materiais impressos,7497.0
190002534637,Taxa de Administração de Financiamento Coletivo,40.34
190002534638,Atividades de militância e mobilização de rua,3150.0
190002534638,Cessão ou locação de veículos,3000.0
190002534638,"Encargos financeiros, taxas bancárias e/ou op. cartão de crédito",4.5
190002534638,Publicidade por adesivos,1520.0
190002534638,Publicidade por materiais impressos,1275.0
190002534638,Taxa de Administração de Financiamento Coletivo,89.91
190002534640,Atividades de militância e mobilização de rua,910.0
190002534640,Despesa com Impulsionamento de Conteúdos,2000.0
190002534640,"Encargos financeiros, taxas bancárias e/ou op. cartão de crédito",7.5
190002534640,Publicidade por materiais impressos,4980.0
190002534640,Serviços prestados por terceiros,7200.0
190002534640,Taxa de Administração de Financiamento Coletivo,33.02
190002534641,Atividades de militância e mobilização de rua,103338.2
190002534641,Correspondências e despesas postais,9818.4
190002534641,Criação e inclusão de páginas na internet,35000.0
190002534641,Despesa com Impulsionamento de Conteúdos,160000.0
190002534641,Despesas com transporte ou deslocamento,8120.0
190002534641,"Encargos financeiros, taxas bancárias e/ou op. cartão de crédito",7.0
190002534641,Publicidade por materiais impressos,1384.98
190002534641,Serviços prestados por terceiros,94750.0
190002534641,Taxa de Administração de Financiamento Coletivo,237.51
190002534642,Criação e inclusão de páginas na internet,87.88
190002534642,Despesa com Impulsionamento de Conteúdos,500.0
190002534642,Serviços prestados por terceiros,800.0
190002534643,Despesa com Impulsionamento de Conteúdos,5500.0
190002534643,"Encargos financeiros, taxas bancárias e/ou op. cartão de crédito",1.0
190002534643,Publicidade por materiais impressos,5054.0
190002534644,Despesa com Impulsionamento de Conteúdos,1999.5
190002534644,"Encargos financeiros, taxas bancárias e/ou op. cartão de crédito",1.0
190002534644,Serviços prestados por terceiros,7999.5
190002534645,Alimentação,294.53999999999996
190002534645,Despesas com pessoal,17000.0
190002534645,"Encargos financeiros, taxas bancárias e/ou op. cartão de crédito",18.0
190002534645,Publicidade por materiais impressos,870.0
190002534645,Serviços prestados por terceiros,91000.0
190002534646,Atividades de militância e mobilização de rua,18450.0
190002534646,Criação e inclusão de páginas na internet,40.0
190002534646,Despesa com Impulsionamento de Conteúdos,2641.46
190002534646,"Encargos financeiros, taxas bancárias e/ou op. cartão de crédito",8.0
190002534646,Publicidade por materiais impressos,49059.86
190002534646,Serviços prestados por terceiros,30000.0
190002534647,Alimentação,1022.5
190002534647,Atividades de militância e mobilização de rua,500.0
190002534647,Combustíveis e lubrificantes,1708.21
190002534647,Despesa com Impulsionamento de Conteúdos,92.19
190002534647,"Encargos financeiros, taxas bancárias e/ou op. cartão de crédito",12.5
190002534647,Locação/cessão de bens imóveis,1500.0
190002534647,Publicidade por adesivos,1305.0
190002534647,Publicidade por materiais impressos,5165.0
190002534647,Serviços prestados por terceiros,15640.0
190002534648,Despesas com pessoal,2000.0
190002534648,"Encargos financeiros, taxas bancárias e/ou op. cartão de crédito",1.5
190002534648,Publicidade por materiais impressos,15119.0
190002534649,Combustíveis e lubrificantes,150.0
190002534649,Despesas com pessoal,3500.0
190002534649,Despesas com transporte ou deslocamento,1930.62
190002534649,"Encargos financeiros, taxas bancárias e/ou op. cartão de crédito",2.0
190002534649,"Produção de programas de rádio, televisão ou vídeo",2000.0
190002534649,Publicidade por materiais impressos,780.0
190002534830,Despesa com Impulsionamento de Conteúdos,15000.0
190002534830,Diversas a especificar,1159.0
190002534830,"Encargos financeiros, taxas bancárias e/ou op. cartão de crédito",3.0
190002534830,Publicidade por adesivos,5320.0
190002534830,Publicidade por materiais impressos,3280.0
190002534830,Serviços advocatícios,8000.0
190002534830,Serviços contábeis,5000.0
190002534830,Serviços prestados por terceiros,54000.0
190002534831,Despesas com transporte ou deslocamento,25000.0
190002534831,"Encargos financeiros, taxas bancárias e/ou op. cartão de crédito",2.5
190002534831,Locação/cessão de bens móveis (exceto veículos),50000.0
190002534831,Publicidade por materiais impressos,49900.0
190002534831,Serviços contábeis,5000.0
190002534831,Serviços prestados por terceiros,75000.0
190002534832,Alimentação,227.34
190002534832,Cessão ou locação de veículos,13979.18
190002534832,Combustíveis e lubrificantes,1105.61
190002534832,Despesa com Impulsionamento de Conteúdos,2000.0
190002534832,Despesas com pessoal,2000.0
190002534832,"Encargos financeiros, taxas bancárias e/ou op. cartão de crédito",3.5
190002534832,Locação/cessão de bens imóveis,10200.0
190002534832,Materiais de expediente,267.3
190002534832,Publicidade por adesivos,7840.0
190002534832,Publicidade por materiais impressos,9602.4
190002534832,Serviços advocatícios,10000.0
190002534832,Serviços contábeis,5000.0
190002534832,Serviços prestados por terceiros,24000.0
190002534832,Taxa de Administração de Financiamento Coletivo,16.15
190002534833,Publicidade por materiais impressos,5150.0
190002534834,Despesas com pessoal,20000.0
190002534835,Atividades de militância e mobilização de rua,24000.0
190002534835,Eventos de promoção da candidatura,340.0
190002534835,Publicidade por materiais impressos,7712.5
190002534836,"Encargos financeiros, taxas bancárias e/ou op. cartão de crédito",0.5
190002534836,Publicidade por materiais impressos,3550.0
190002534836,Serviços prestados por terceiros,116700.0
190002534837,Atividades de militância e mobilização de rua,28600.0
190002534837,Cessão ou locação de veículos,3000.0
190002534837,Diversas a especificar,730.0
190002534837,Publicidade por materiais impressos,3730.0
190002534838,Alimentação,41855.27
190002534838,Cessão ou locação de veículos,4000.0
190002534838,Combustíveis e lubrificantes,140.08
190002534838,Criação e inclusão de páginas na internet,97.0
190002534838,Despesa com Impulsionamento de Conteúdos,5000.0
190002534838,Despesas com pessoal,1436.3799999999999
190002534838,"Encargos financeiros, taxas bancárias e/ou op. cartão de crédito",31.1
190002534838,"Produção de jingles, vinhetas e slogans",1500.0
190002534838,Publicidade por adesivos,192.0
190002534838,Serviços prestados por terceiros,61200.0
190002534839,Atividades de militância e mobilização de rua,570283.34
190002534839,Cessão ou locação de veículos,7600.0
190002534839,Combustíveis e lubrificantes,2811.03
190002534839,Despesa com Impulsionamento de Conteúdos,50000.0
190002534839,Despesas com pessoal,202200.0
190002534839,Diversas a especificar,6850.0
190002534839,Publicidade por adesivos,89374.0
190002534839,Publicidade por materiais impressos,181145.0
190002534839,Serviços contábeis,16800.0
190002534841,Cessão ou locação de veículos,300680.0
190002534841,Combustíveis e lubrificantes,12929.17
190002534841,Despesa com Impulsionamento de Conteúdos,15000.0
190002534841,"Encargos financeiros, taxas bancárias e/ou op. cartão de crédito",601.7
190002534841,Locação/cessão de bens imóveis,4003.41
190002534841,Publicidade por adesivos,402900.0
190002534841,Publicidade por materiais impressos,349382.0
190002534841,Serviços prestados por terceiros,1064642.31
190002534842,Atividades de militância e mobilização de rua,69400.0
190002534842,Publicidade por adesivos,5350.0
190002534842,Publicidade por materiais impressos,1620.0
190002534843,Atividades de militância e mobilização de rua,12600.0
190002534843,Despesa com Impulsionamento de Conteúdos,10000.0
190002534843,Publicidade por materiais impressos,6470.0
190002534844,Atividades de militância e mobilização de rua,30000.0
190002534844,"Encargos financeiros, taxas bancárias e/ou op. cartão de crédito",10.5
190002534844,Publicidade por adesivos,360.0
190002534844,Publicidade por materiais impressos,24625.0
190002534844,Serviços advocatícios,2500.0
190002534844,Serviços contábeis,1500.0
190002534845,Cessão ou locação de veículos,3500.0
190002534845,Combustíveis e lubrificantes,778.0799999999999
190002534845,"Encargos financeiros, taxas bancárias e/ou op. cartão de crédito",2.5
190002534845,Publicidade por materiais impressos,25970.0
190002534845,Serviços advocatícios,2500.0
190002534845,Serviços contábeis,1500.0
190002534845,Serviços prestados por terceiros,14900.0
190002534846,Publicidade por adesivos,8210.0
190002534846,Publicidade por materiais impressos,7050.0
190002534846,Serviços advocatícios,12000.0
190002534846,Serviços contábeis,4000.0
190002534847,Despesa com Impulsionamento de Conteúdos,4800.0
190002534847,Publicidade por adesivos,36360.0
190002534847,Publicidade por materiais impressos,35620.0
190002534847,Serviços contábeis,3975.0
190002534848,Despesa com Impulsionamento de Conteúdos,30000.0
190002534848,"Encargos financeiros, taxas bancárias e/ou op. cartão de crédito",3.5
190002534848,Publicidade por adesivos,360.0
190002534848,Publicidade por materiais impressos,13637.0
190002534848,Serviços advocatícios,3000.0
190002534848,Serviços contábeis,6000.0
190002534848,Serviços prestados por terceiros,6000.0
190002534849,Atividades de militância e mobilização de rua,3000.0
190002534849,Publicidade por adesivos,360.0
190002534849,Publicidade por materiais impressos,5020.0
190002534849,Serviços contábeis,3500.0
190002534850,Alimentação,2875.0
190002534850,Atividades de militância e mobilização de rua,104000.0
190002534850,Despesas com pessoal,10000.0
190002534850,"Encargos financeiros, taxas bancárias e/ou op. cartão de crédito",55.7
190002534850,Locação/cessão de bens imóveis,19500.0
190002534850,Publicidade por materiais impressos,18524.0
190002534850,Serviços contábeis,11500.0
190002534850,Serviços próprios prestados por terceiros,1600.0
190002534851,Despesas com pessoal,3500.0
190002534851,"Encargos financeiros, taxas bancárias e/ou op. cartão de crédito",1.5
190002534851,Publicidade por materiais impressos,29490.0
190002534852,Despesas com pessoal,30000.0
190002534852,Diversas a especificar,25000.0
190002534852,Serviços advocatícios,30000.0
190002534852,Serviços contábeis,5000.0
190002534853,Alimentação,113.8
190002534853,Atividades de militância e mobilização de rua,63500.0
190002534853,Cessão ou locação de veículos,28000.0
190002534853,Combustíveis e lubrificantes,349.06
190002534853,Despesa com Impulsionamento de Conteúdos,15000.0
190002534853,Despesas com pessoal,67000.0
190002534853,"Encargos financeiros, taxas bancárias e/ou op. cartão de crédito",57.2
190002534853,Locação/cessão de bens imóveis,4000.0
190002534853,Publicidade por adesivos,350.0
190002534853,Publicidade por materiais impressos,9480.0
190002534853,Serviços advocatícios,8000.0
190002534853,Serviços prestados por terceiros,24536.149999999998
190002534854,Despesa com Impulsionamento de Conteúdos,1500.0
190002534854,"Encargos financeiros, taxas bancárias e/ou op. cartão de crédito",0.5
190002534854,Serviços prestados por terceiros,123400.0
190002534856,Despesa com Impulsionamento de Conteúdos,1000.0
190002534856,Serviços contábeis,2400.0
190002534857,Atividades de militância e mobilização de rua,44100.0
190002534857,Cessão ou locação de veículos,6000.0
190002534857,Publicidade por adesivos,1260.0
190002534857,Publicidade por materiais impressos,7130.0
190002534857,Serviços contábeis,5000.0
190002534857,Serviços prestados por terceiros,10000.0
190002534858,Alimentação,295.6
190002534858,Atividades de militância e mobilização de rua,30000.0
190002534858,Diversas a especificar,6000.0
190002534858,Publicidade por materiais impressos,6175.0
190002534858,Serviços contábeis,6000.0
190002534859,Atividades de militância e mobilização de rua,31000.0
190002534859,Despesa com Impulsionamento de Conteúdos,2100.0
190002534859,Publicidade por adesivos,360.0
190002534859,Publicidade por materiais impressos,5310.0
190002534859,Serviços advocatícios,12000.0
190002534859,Serviços contábeis,6000.0
190002534861,Atividades de militância e mobilização de rua,20642.9
190002534861,Publicidade por materiais impressos,2770.0
190002534862,Atividades de militância e mobilização de rua,93850.0
190002534862,Despesas com pessoal,5100.0
190002534862,Serviços contábeis,1000.0
190002534862,Taxa de Administração de Financiamento Coletivo,516.26
190002534863,Atividades de militância e mobilização de rua,382113.73
190002534863,Cessão ou locação de veículos,25000.0
190002534863,Despesa com Impulsionamento de Conteúdos,11000.0
190002534863,Despesas com pessoal,39950.43
190002534863,"Encargos financeiros, taxas bancárias e/ou op. cartão de crédito",239.8
190002534863,Locação/cessão de bens imóveis,9500.0
190002534863,Materiais de expediente,11000.0
190002534863,Publicidade por adesivos,474.0
190002534863,Publicidade por materiais impressos,106191.0
190002534863,Serviços advocatícios,3242.0
190002534863,Serviços contábeis,20000.0
190002534865,Despesa com Impulsionamento de Conteúdos,488.07
190002534865,Publicidade por materiais impressos,50000.0
190002534866,Alimentação,944.8
190002534866,Atividades de militância e mobilização de rua,16800.0
190002534866,Diversas a especificar,895.0
190002534866,"Encargos financeiros, taxas bancárias e/ou op. cartão de crédito",176.39999999999998
190002534866,Locação/cessão de bens imóveis,2000.0
190002534866,Materiais de expediente,1435.79
190002534866,Publicidade por materiais impressos,95270.0
190002534866,Serviços advocatícios,12000.0
190002534866,Serviços contábeis,1500.0
190002534866,Serviços prestados por terceiros,39500.0
190002534867,Publicidade por adesivos,20000.0
190002534867,Publicidade por materiais impressos,16433.0
190002534867,Serviços advocatícios,2000.0
190002534867,Serviços contábeis,2000.0
190002534869,Alimentação,257.02
190002534869,Cessão ou locação de veículos,15100.0
190002534869,"Encargos financeiros, taxas bancárias e/ou op. cartão de crédito",16.0
190002534869,Publicidade por adesivos,19900.0
190002534869,Publicidade por materiais impressos,65100.0
190002534869,Serviços advocatícios,5000.0
190002534869,Serviços contábeis,5000.0
190002534869,Serviços prestados por terceiros,123060.0
190002534870,Alimentação,927.6
190002534870,Atividades de militância e mobilização de rua,7650.0
190002534870,Diversas a especificar,704.9
190002534870,Locação/cessão de bens imóveis,4000.0
190002534870,Publicidade por materiais impressos,12862.0
190002534871,Diversas a especificar,6000.0
190002534871,Publicidade por adesivos,360.0
190002534871,Publicidade por materiais impressos,3725.0
190002534871,Serviços advocatícios,4500.0
190002534871,Serviços contábeis,4500.0
190002534871,Serviços prestados por terceiros,5000.0
190002534872,"Encargos financeiros, taxas bancárias e/ou op. cartão de crédito",195.0
190002534872,Publicidade por materiais impressos,520.0
190002534872,Serviços prestados por terceiros,28500.0
190002534873,Cessão ou locação de veículos,3800.0
190002534873,Despesas com pessoal,158860.0
190002534873,"Encargos financeiros, taxas bancárias e/ou op. cartão de crédito",130.9
190002534873,Publicidade por adesivos,28114.0
190002534873,Publicidade por materiais impressos,18917.0
190002534873,Serviços advocatícios,15000.0
190002534873,Serviços contábeis,5000.0
190002534876,Atividades de militância e mobilização de rua,11316.2
190002534876,Despesa com Impulsionamento de Conteúdos,5000.0
190002534876,Diversas a especificar,15360.0
190002534876,Publicidade por materiais impressos,2257.5
190002535140,Alimentação,421.53
190002535140,Cessão ou locação de veículos,24300.0
190002535140,Despesa com Impulsionamento de Conteúdos,75000.0
190002535140,Despesas com pessoal,5200.0
190002535140,Despesas com transporte ou deslocamento,8300.0
190002535140,Locação/cessão de bens imóveis,16000.0
190002535140,Materiais de expediente,83.9
190002535140,Passagem Aérea,2321.2
190002535140,Publicidade por adesivos,5030.0
190002535140,Publicidade por carros de som,7400.0
190002535140,Publicidade por materiais impressos,214575.78
190002535140,Serviços contábeis,9000.0
190002535140,Serviços prestados por terceiros,4000.0
190002535140,Água,241.92000000000002
190002535141,Atividades de militância e mobilização de rua,279000.0
190002535141,Correspondências e despesas postais,47687.5
190002535141,Despesa com Impulsionamento de Conteúdos,280000.0
190002535141,"Encargos financeiros, taxas bancárias e/ou op. cartão de crédito",1416.7
190002535141,"Produção de programas de rádio, televisão ou vídeo",20000.0
190002535141,Publicidade por materiais impressos,73090.0
190002535141,Serviços contábeis,10000.0
190002536138,Atividades de militância e mobilização de rua,7500.0
190002536138,Despesa com Impulsionamento de Conteúdos,8000.0
190002536138,Despesas com pessoal,21500.0
190002536138,Publicidade por materiais impressos,25425.0
190002536138,Serviços contábeis,2000.0
190002536138,Serviços prestados por terceiros,23910.0
190002536138,Taxa de Administração de Financiamento Coletivo,302.59
190002536139,Atividades de militância e mobilização de rua,25452.0
190002536139,Cessão ou locação de veículos,10000.0
190002536139,Criação e inclusão de páginas na internet,25.99
190002536139,Despesa com Impulsionamento de Conteúdos,3200.0
190002536139,Diversas a especificar,349.0
190002536139,"Encargos financeiros, taxas bancárias e/ou op. cartão de crédito",40.7
190002536139,"Produção de jingles, vinhetas e slogans",2500.0
190002536139,"Produção de programas de rádio, televisão ou vídeo",5000.0
190002536139,Publicidade por materiais impressos,8404.8
190002536139,Serviços prestados por terceiros,28621.0
190002536139,Serviços próprios prestados por terceiros,14000.0
190002536140,Alimentação,199.9
190002536140,Atividades de militância e mobilização de rua,19293.7
190002536140,Despesa com Impulsionamento de Conteúdos,1025.0
190002536140,Despesas com pessoal,35036.17
190002536140,"Encargos financeiros, taxas bancárias e/ou op. cartão de crédito",10.0
190002536140,Publicidade por adesivos,1665.0
190002536140,Publicidade por materiais impressos,2486.51
190002536140,Taxa de Administração de Financiamento Coletivo,2.3
190002536141,Cessão ou locação de veículos,7000.0
190002536141,Despesa com Impulsionamento de Conteúdos,11700.0
190002536141,Despesas com pessoal,87500.0
190002536141,"Encargos financeiros, taxas bancárias e/ou op. cartão de crédito",156.8
190002536141,Publicidade por adesivos,6000.0
190002536141,Publicidade por materiais impressos,1900.0
190002536141,Serviços prestados por terceiros,84.7
190002536142,Atividades de militância e mobilização de rua,19250.0
190002536142,Cessão ou locação de veículos,850.0
190002536142,Despesa com Impulsionamento de Conteúdos,11930.0
190002536142,Diversas a especificar,550.0
190002536142,"Encargos financeiros, taxas bancárias e/ou op. cartão de crédito",1.5
190002536142,"Produção de programas de rádio, televisão ou vídeo",2000.0
190002536142,Publicidade por adesivos,11600.0
190002536142,Publicidade por materiais impressos,3075.0
190002536142,Serviços prestados por terceiros,45500.0
190002536142,Taxa de Administração de Financiamento Coletivo,19.14
190002536143,Atividades de militância e mobilização de rua,22500.0
190002536143,Despesa com Impulsionamento de Conteúdos,227.66
190002536143,"Encargos financeiros, taxas bancárias e/ou op. cartão de crédito",4.5
190002536143,Publicidade por adesivos,410.0
190002536143,Publicidade por materiais impressos,3204.0
190002536143,Serviços prestados por terceiros,20500.0
190002536144,Despesa com Impulsionamento de Conteúdos,218000.0
190002536144,Despesas com pessoal,316418.0
190002536144,Despesas com transporte ou deslocamento,3200.0
190002536144,Doações financeiras a outros candidatos/partidos,398820.0
190002536144,"Encargos financeiros, taxas bancárias e/ou op. cartão de crédito",309.7
190002536144,Locação/cessão de bens imóveis,90000.0
190002536144,Publicidade por adesivos,52003.0
190002536144,Publicidade por materiais impressos,129191.0
190002536144,Serviços advocatícios,106135.74
190002536144,Serviços contábeis,30125.0
190002536144,Serviços prestados por terceiros,192504.0
190002536144,Serviços próprios prestados por terceiros,18420.0
190002536145,Atividades de militância e mobilização de rua,1402000.0
190002536145,Cessão ou locação de veículos,68000.0
190002536145,Combustíveis e lubrificantes,3553.52
190002536145,Despesa com Impulsionamento de Conteúdos,37039.18
190002536145,Despesas com pessoal,148000.0
190002536145,Locação/cessão de bens imóveis,51500.0
190002536145,Publicidade por adesivos,51620.0
190002536145,Publicidade por materiais impressos,174419.16999999998
190002536145,Serviços advocatícios,110000.0
190002536145,Serviços contábeis,50000.0
190002536145,Serviços prestados por terceiros,461785.58
190002536145,Taxa de Administração de Financiamento Coletivo,320.45
190002536146,Atividades de militância e mobilização de rua,45620.0
190002536146,Despesas com pessoal,48965.0
190002536146,Publicidade por adesivos,1066.0
190002536146,Publicidade por materiais impressos,1466.93
190002536146,Serviços advocatícios,5145.0
190002536146,Taxa de Administração de Financiamento Coletivo,51.47
190002536147,Alimentação,160.0
190002536147,Atividades de militância e mobilização de rua,42000.020000000004
190002536147,Despesa com Impulsionamento de Conteúdos,2000.0
190002536147,Diversas a especificar,8000.0
190002536147,Locação/cessão de bens imóveis,4000.0
190002536147,"Produção de jingles, vinhetas e slogans",600.0
190002536147,Publicidade por adesivos,1355.0
190002536147,Publicidade por materiais impressos,1300.0
190002536147,Serviços prestados por terceiros,7800.0
190002536147,Serviços próprios prestados por terceiros,5600.0
190002536147,Água,153.6
190002536148,Atividades de militância e mobilização de rua,31500.0
190002536148,Despesas com pessoal,24000.0
190002536148,"Encargos financeiros, taxas bancárias e/ou op. cartão de crédito",2.0
190002536148,Publicidade por adesivos,1400.0
190002536148,Publicidade por materiais impressos,4454.0
190002536149,Combustíveis e lubrificantes,575.6
190002536149,Despesa com Impulsionamento de Conteúdos,126500.0
190002536149,Despesas com pessoal,44996.01
190002536149,"Encargos financeiros, taxas bancárias e/ou op. cartão de crédito",124.5
190002536149,Locação/cessão de bens imóveis,7000.0
190002536149,Publicidade por materiais impressos,27615.0
190002536149,Serviços prestados por terceiros,750.0
190002536149,Serviços próprios prestados por terceiros,420.0
190002536149,Taxa de Administração de Financiamento Coletivo,31.44
190002536150,Alimentação,120.78
190002536150,Atividades de militância e mobilização de rua,50800.0
190002536150,Despesas com pessoal,16000.0
190002536150,Diversas a especificar,229.99
190002536150,"Encargos financeiros, taxas bancárias e/ou op. cartão de crédito",2.0
190002536150,Publicidade por adesivos,720.0
190002536150,Publicidade por carros de som,1570.0
190002536150,Publicidade por materiais impressos,3225.4
190002536150,Serviços prestados por terceiros,6500.0
190002536151,Atividades de militância e mobilização de rua,29820.0
190002536151,Despesa com Impulsionamento de Conteúdos,400.0
190002536151,Despesas com pessoal,25900.0
190002536151,"Encargos financeiros, taxas bancárias e/ou op. cartão de crédito",5.0
190002536151,Publicidade por adesivos,6270.0
190002536151,Publicidade por materiais impressos,1360.0
190002536152,Atividades de militância e mobilização de rua,627840.0
190002536152,Cessão ou locação de veículos,13883.0
190002536152,Despesa com Impulsionamento de Conteúdos,70000.0
190002536152,Despesas com pessoal,301000.0
190002536152,Doações financeiras a outros candidatos/partidos,41000.0
190002536152,"Encargos financeiros, taxas bancárias e/ou op. cartão de crédito",170.5
190002536152,Locação/cessão de bens imóveis,44500.0
190002536152,Publicidade por adesivos,50736.0
190002536152,Publicidade por materiais impressos,214958.38
190002536152,Serviços advocatícios,35000.0
190002536152,Serviços contábeis,30000.0
190002536152,Serviços prestados por terceiros,182500.0
190002536153,Atividades de militância e mobilização de rua,17600.0
190002536153,Cessão ou locação de veículos,5896.6
190002536153,Combustíveis e lubrificantes,100.06
190002536153,Despesa com Impulsionamento de Conteúdos,8000.0
190002536153,Despesas com pessoal,8800.0
190002536153,Locação/cessão de bens imóveis,3500.0
190002536153,Publicidade por adesivos,3152.0
190002536153,Publicidade por materiais impressos,21739.0
190002536153,Serviços advocatícios,20000.0
190002536153,Serviços contábeis,4500.0
190002536153,Serviços prestados por terceiros,14605.0
190002536153,Taxa de Administração de Financiamento Coletivo,18.87
190002536155,Atividades de militância e mobilização de rua,218870.0
190002536155,Cessão ou locação de veículos,900.0
190002536155,Despesa com Impulsionamento de Conteúdos,227000.0
190002536155,Despesas com pessoal,67350.0
190002536155,Doações financeiras a outros candidatos/partidos,24000.0
190002536155,"Encargos financeiros, taxas bancárias e/ou op. cartão de crédito",199.29999999999998
190002536155,Locação/cessão de bens imóveis,52500.0
190002536155,"Produção de jingles, vinhetas e slogans",3000.0
190002536155,"Produção de programas de rádio, televisão ou vídeo",78400.0
190002536155,Publicidade por adesivos,20870.0
190002536155,Publicidade por materiais impressos,344820.0
190002536155,Serviços advocatícios,60500.0
190002536155,Serviços contábeis,27500.0
190002536155,Serviços prestados por terceiros,184000.0
190002536155,Taxa de Administração de Financiamento Coletivo,312.57
190002536156,Cessão ou locação de veículos,1540.0
190002536156,Combustíveis e lubrificantes,2663.81
190002536156,Despesa com Impulsionamento de Conteúdos,111600.0
190002536156,Despesas com pessoal,904435.0
190002536156,Despesas com transporte ou deslocamento,39500.0
190002536156,Diversas a especificar,144.8
190002536156,"Encargos financeiros, taxas bancárias e/ou op. cartão de crédito",353.1
190002536156,Locação/cessão de bens imóveis,42650.0
190002536156,Materiais de expediente,200.0
190002536156,"Produção de jingles, vinhetas e slogans",18000.0
190002536156,Publicidade por adesivos,178619.0
190002536156,Publicidade por materiais impressos,231275.0
190002536156,Serviços advocatícios,35000.0
190002536156,Serviços contábeis,15062.5
190002536156,Serviços prestados por terceiros,261487.52
190002536156,Taxa de Administração de Financiamento Coletivo,65.99000000000001
190002536157,Despesa com Impulsionamento de Conteúdos,10000.0
190002536157,Despesas com pessoal,18000.0
190002536157,"Encargos financeiros, taxas bancárias e/ou op. cartão de crédito",3.5
190002536157,Publicidade por adesivos,4375.0
190002536157,Publicidade por materiais impressos,5940.0
190002536158,Alimentação,980.0
190002536158,Atividades de militância e mobilização de rua,52950.0
190002536158,Despesas com pessoal,30240.0
190002536158,Publicidade por adesivos,1230.0
190002536158,Publicidade por materiais impressos,9787.0
190002536158,Serviços prestados por terceiros,1440.0
190002536159,Atividades de militância e mobilização de rua,232600.0
190002536159,Despesa com Impulsionamento de Conteúdos,45000.0
190002536159,Despesas com pessoal,135000.0
190002536159,Locação/cessão de bens imóveis,56500.0
190002536159,"Produção de jingles, vinhetas e slogans",17897.29
190002536159,Publicidade por materiais impressos,72235.0
190002536159,Serviços advocatícios,44826.26
190002536159,Serviços contábeis,21000.0
190002536159,Serviços prestados por terceiros,40000.0
190002536159,Taxa de Administração de Financiamento Coletivo,227.79
190002536160,Alimentação,704.41
190002536160,Atividades de militância e mobilização de rua,23185.0
190002536160,Cessão ou locação de veículos,1500.0
190002536160,Combustíveis e lubrificantes,972.74
190002536160,Despesa com Impulsionamento de Conteúdos,280.0
190002536160,Despesas com pessoal,6000.0
190002536160,Diversas a especificar,150.0
190002536160,"Encargos financeiros, taxas bancárias e/ou op. cartão de crédito",9.5
190002536160,Locação/cessão de bens imóveis,16000.0
190002536160,"Produção de jingles, vinhetas e slogans",1000.0
190002536160,"Produção de programas de rádio, televisão ou vídeo",21000.0
190002536160,Pré-instalação física de comitê de campanha,250.0
190002536160,Publicidade por materiais impressos,5799.6
190002536160,Serviços prestados por terceiros,12000.0
190002536160,Taxa de Administração de Financiamento Coletivo,12.94
190002536161,Atividades de militância e mobilização de rua,657520.0
190002536161,Despesa com Impulsionamento de Conteúdos,90000.0
190002536161,Despesas com pessoal,115500.0
190002536161,"Encargos financeiros, taxas bancárias e/ou op. cartão de crédito",905.0
190002536161,Locação/cessão de bens imóveis,33500.0
190002536161,Publicidade por adesivos,45014.0
190002536161,Publicidade por materiais impressos,74384.01
190002536161,Serviços advocatícios,75000.0
190002536161,Serviços contábeis,75000.0
190002536161,Serviços prestados por terceiros,377700.0
190002537134,Alimentação,3363.0
190002537134,Atividades de militância e mobilização de rua,85101.0
190002537134,Criação e inclusão de páginas na internet,16700.0
190002537134,Diversas a especificar,5000.0
190002537134,Publicidade por materiais impressos,5000.0
190002537136,Atividades de militância e mobilização de rua,12000.0
190002537136,Serviços contábeis,1000.0
190002537136,Serviços prestados por terceiros,8000.0
190002537138,Atividades de militância e mobilização de rua,17282.25
190002537138,Despesa com Impulsionamento de Conteúdos,20000.0
190002537138,Despesas com pessoal,17125.8
190002537138,"Encargos financeiros, taxas bancárias e/ou op. cartão de crédito",12.5
190002537138,Eventos de promoção da candidatura,7200.0
190002537138,"Produção de programas de rádio, televisão ou vídeo",3500.0
190002537138,Taxa de Administração de Financiamento Coletivo,108.83
190002537140,Materiais de expediente,1400.0
190002537140,Publicidade por materiais impressos,1500.0
190002537142,Atividades de militância e mobilização de rua,35500.0
190002537142,Despesa com Impulsionamento de Conteúdos,4000.0
190002537143,Combustíveis e lubrificantes,600.0
190002537143,"Encargos financeiros, taxas bancárias e/ou op. cartão de crédito",1.0
190002537143,Publicidade por adesivos,17030.0
190002537143,Publicidade por materiais impressos,16970.0
190002537144,Atividades de militância e mobilização de rua,1621.0
190002537144,Despesa com Impulsionamento de Conteúdos,10000.0
190002537144,Despesas com pessoal,8105.0
190002537144,"Encargos financeiros, taxas bancárias e/ou op. cartão de crédito",3.5
190002537147,Publicidade por materiais impressos,15000.0
190002537147,Serviços advocatícios,14999.5
190002537147,Serviços contábeis,4000.0
190002537148,Combustíveis e lubrificantes,200.07999999999998
190002537148,Despesa com Impulsionamento de Conteúdos,1000.0
190002537148,Despesas com pessoal,34041.0
190002537148,"Encargos financeiros, taxas bancárias e/ou op. cartão de crédito",1.5
190002537148,Publicidade por adesivos,13625.0
190002537148,Publicidade por materiais impressos,17475.0
190002537148,Serviços contábeis,6000.0
190002537148,Serviços prestados por terceiros,7500.0
190002537150,Despesas com pessoal,10000.0
190002537151,Atividades de militância e mobilização de rua,3000.0
190002537151,Despesas com pessoal,4500.0
190002537151,"Encargos financeiros, taxas bancárias e/ou op. cartão de crédito",1.5
190002537154,Despesa com Impulsionamento de Conteúdos,47000.0
190002537154,Despesas com transporte ou deslocamento,23400.0
190002537154,"Encargos financeiros, taxas bancárias e/ou op. cartão de crédito",13.6
190002537155,Atividades de militância e mobilização de rua,3270.0
190002537155,Despesas com pessoal,11490.3
190002537155,"Encargos financeiros, taxas bancárias e/ou op. cartão de crédito",8.0
190002537157,Despesa com Impulsionamento de Conteúdos,10000.0
190002537157,Diversas a especificar,9500.0
190002537157,"Encargos financeiros, taxas bancárias e/ou op. cartão de crédito",1.5
190002537157,Publicidade por materiais impressos,22350.0
190002537157,Serviços advocatícios,12000.0
190002537157,Serviços contábeis,8105.0
190002537159,Despesas com pessoal,108000.0
190002537159,Diversas a especificar,10000.0
190002537159,Locação/cessão de bens imóveis,500.0
190002537159,Publicidade por carros de som,10000.0
190002537159,Publicidade por materiais impressos,33070.0
190002537159,Serviços advocatícios,3000.0
190002537159,Serviços contábeis,3000.0
190002537159,Taxa de Administração de Financiamento Coletivo,53.9
190002537161,Atividades de militância e mobilização de rua,6500.0
190002537161,"Encargos financeiros, taxas bancárias e/ou op. cartão de crédito",1.5
190002537161,Publicidade por materiais impressos,9300.0
190002537161,Serviços contábeis,5000.0
190002537162,Combustíveis e lubrificantes,220.32999999999998
190002537162,Criação e inclusão de páginas na internet,35000.0
190002537162,"Produção de programas de rádio, televisão ou vídeo",6500.0
190002537162,Publicidade por materiais impressos,3460.0
190002537163,Despesas com pessoal,9998.5
190002537163,"Encargos financeiros, taxas bancárias e/ou op. cartão de crédito",1.5
190002537164,Atividades de militância e mobilização de rua,4000.0
190002537164,Despesas com pessoal,23500.0
190002537164,"Encargos financeiros, taxas bancárias e/ou op. cartão de crédito",4.5
190002537164,Publicidade por materiais impressos,34935.0
190002537164,Serviços contábeis,7000.0
190002537165,Atividades de militância e mobilização de rua,20400.0
190002537165,Despesa com Impulsionamento de Conteúdos,2000.0
190002537165,Diversas a especificar,8240.0
190002537165,Serviços advocatícios,5000.0
190002537165,Serviços contábeis,5000.0
190002537167,Despesas com pessoal,3000.0
190002537167,Diversas a especificar,2274.0
190002537167,Materiais de expediente,2770.0
190002537169,Despesa com Impulsionamento de Conteúdos,30500.0
190002537169,Publicidade por materiais impressos,10000.0
190002537170,Despesa com Impulsionamento de Conteúdos,15000.0
190002537171,Atividades de militância e mobilização de rua,51493.4
190002537171,Diversas a especificar,13000.0
190002537171,Publicidade por adesivos,6100.0
190002537171,Publicidade por materiais impressos,52830.0
190002537172,Atividades de militância e mobilização de rua,42200.0
190002537172,Despesa com Impulsionamento de Conteúdos,15000.0
190002537172,Publicidade por materiais impressos,8156.0
190002537172,Serviços advocatícios,3000.0
190002537172,Serviços contábeis,6000.0
190002537174,Cessão ou locação de veículos,12000.0
190002537174,Despesa com Impulsionamento de Conteúdos,10000.0
190002537174,Despesas com pessoal,22500.0
190002537174,Diversas a especificar,2700.0
190002537174,"Encargos financeiros, taxas bancárias e/ou op. cartão de crédito",6.0
190002537174,Eventos de promoção da candidatura,25000.0
190002537174,Locação/cessão de bens imóveis,9500.0
190002537174,Publicidade por adesivos,8400.0
190002537174,Publicidade por materiais impressos,19487.0
190002537174,Serviços advocatícios,5000.0
190002537174,Serviços contábeis,5000.0
190002537175,Atividades de militância e mobilização de rua,28800.0
190002537175,Cessão ou locação de veículos,10000.0
190002537175,Despesa com Impulsionamento de Conteúdos,16000.0
190002537175,Despesas com pessoal,5600.0
190002537175,Despesas com transporte ou deslocamento,15000.0
190002537175,Diversas a especificar,16140.0
190002537175,"Encargos financeiros, taxas bancárias e/ou op. cartão de crédito",5.0
190002537175,Locação/cessão de bens imóveis,3000.0
190002537175,Publicidade por adesivos,32506.0
190002537175,Publicidade por materiais impressos,59275.0
190002537175,Serviços advocatícios,10000.0
190002537175,Serviços contábeis,3750.0
190002537175,Taxa de Administração de Financiamento Coletivo,257.08000000000004
190002537176,Alimentação,240.0
190002537176,Despesas com pessoal,31000.0
190002537176,"Encargos financeiros, taxas bancárias e/ou op. cartão de crédito",1.0
190002537177,Despesa com Impulsionamento de Conteúdos,29900.0
190002537179,Alimentação,200.12
190002537179,Atividades de militância e mobilização de rua,8390.1
190002537179,Despesa com Impulsionamento de Conteúdos,5000.0
190002537179,Publicidade por materiais impressos,6390.1
190002537179,Serviços advocatícios,500.0
190002537179,Serviços contábeis,4500.0
190002537179,Serviços prestados por terceiros,31000.0
190002537180,Despesas com pessoal,20000.0
190002537599,Cessão ou locação de veículos,7617.5
190002537599,Serviços prestados por terceiros,6900.0
190002537599,Taxa de Administração de Financiamento Coletivo,3918.2
190002537603,Atividades de militância e mobilização de rua,6300.0
190002537603,"Encargos financeiros, taxas bancárias e/ou op. cartão de crédito",1.0
190002537603,Serviços prestados por terceiros,2400.0
190002537604,Despesa com Impulsionamento de Conteúdos,10199.0
190002537604,Despesas com pessoal,27000.0
190002537604,Serviços prestados por terceiros,5800.0
190002537605,Locação/cessão de bens imóveis,2000.0
190002537605,"Produção de jingles, vinhetas e slogans",1500.0
190002537605,Publicidade por carros de som,1840.0
190002537605,Publicidade por materiais impressos,4660.0
190002537606,Atividades de militância e mobilização de rua,12500.0
190002537606,Despesas com pessoal,12500.0
190002537607,Atividades de militância e mobilização de rua,9400.0
190002537607,Combustíveis e lubrificantes,400.0
190002537607,Despesa com Impulsionamento de Conteúdos,3600.0
190002537607,Diversas a especificar,741.9
190002537607,Publicidade por materiais impressos,1106.82
190002537608,Despesa com Impulsionamento de Conteúdos,16000.0
190002537608,Despesas com pessoal,8065.5
190002537608,Diversas a especificar,12000.0
190002537608,"Produção de programas de rádio, televisão ou vídeo",3000.0
190002537608,Serviços prestados por terceiros,36800.0
190002537608,Taxa de Administração de Financiamento Coletivo,548.43
190002537609,"Encargos financeiros, taxas bancárias e/ou op. cartão de crédito",1.0
190002537609,Publicidade por materiais impressos,2050.0
190002537609,Serviços prestados por terceiros,10800.0
190002537610,Publicidade por materiais impressos,13640.0
190002537610,Serviços advocatícios,12000.0
190002537610,Serviços contábeis,7500.0
190002537613,Atividades de militância e mobilização de rua,13500.0
190002537613,Despesas com pessoal,20000.0
190002537613,"Encargos financeiros, taxas bancárias e/ou op. cartão de crédito",5.0
190002538414,Atividades de militância e mobilização de rua,175.0
190002538414,Despesa com Impulsionamento de Conteúdos,7000.0
190002538414,Publicidade por adesivos,1000.0
190002538414,Serviços advocatícios,600.0
190002538414,Serviços contábeis,1000.0
190002538414,Taxa de Administração de Financiamento Coletivo,516.73
190002538415,Despesas com pessoal,6000.0
190002538415,"Encargos financeiros, taxas bancárias e/ou op. cartão de crédito",1.5
190002538415,Publicidade por materiais impressos,17500.0
190002538415,Serviços prestados por terceiros,12000.0
190002538415,Taxa de Administração de Financiamento Coletivo,84.68
190002538417,Despesa com Impulsionamento de Conteúdos,300.0
190002538417,Taxa de Administração de Financiamento Coletivo,14.23
190002538422,Atividades de militância e mobilização de rua,148713.2
190002538422,Despesa com Impulsionamento de Conteúdos,95000.0
190002538422,Despesas com pessoal,13094.0
190002538422,"Encargos financeiros, taxas bancárias e/ou op. cartão de crédito",63.2
190002538422,Locação/cessão de bens imóveis,46200.0
190002538422,Locação/cessão de bens móveis (exceto veículos),1260.0
190002538422,Publicidade por adesivos,14820.0
190002538422,Publicidade por materiais impressos,86720.0
190002538422,Serviços advocatícios,38000.0
190002538422,Serviços contábeis,15000.0
190002538422,Serviços prestados por terceiros,17000.0
190002538423,Despesa com Impulsionamento de Conteúdos,860.34
190002538423,Despesas com pessoal,3500.0
190002538423,"Encargos financeiros, taxas bancárias e/ou op. cartão de crédito",1.0
190002538424,Despesas com pessoal,40000.0
190002538424,"Encargos financeiros, taxas bancárias e/ou op. cartão de crédito",68.6
190002538424,Locação/cessão de bens imóveis,2000.0
190002538424,Publicidade por materiais impressos,8900.0
190002538424,Serviços prestados por terceiros,18500.0
190002538425,Cessão ou locação de veículos,4800.0
190002538425,Despesas com pessoal,35833.34
190002538425,Publicidade por materiais impressos,14187.0
190002538426,Atividades de militância e mobilização de rua,3490.0
190002538426,Despesa com Impulsionamento de Conteúdos,70.0
190002538426,Serviços prestados por terceiros,3200.0
190002538431,Atividades de militância e mobilização de rua,6200.0
190002538431,Despesas com pessoal,8000.0
190002538431,Despesas com transporte ou deslocamento,2800.0
190002538432,Taxa de Administração de Financiamento Coletivo,29.08
190002538433,Atividades de militância e mobilização de rua,39700.0
190002538434,Atividades de militância e mobilização de rua,6200.0
190002538434,Serviços prestados por terceiros,5000.0
190002538435,Despesas com pessoal,3000.0
190002538435,"Encargos financeiros, taxas bancárias e/ou op. cartão de crédito",1.0
190002538435,"Produção de jingles, vinhetas e slogans",6500.0
190002538436,Atividades de militância e mobilização de rua,1500.0
190002538436,Despesas com transporte ou deslocamento,3550.0
190002538437,Despesa com Impulsionamento de Conteúdos,130.0
190002538437,Despesas com pessoal,2000.0
190002538437,Serviços prestados por terceiros,12000.0
190002538438,Despesas com pessoal,4000.0
190002538438,Serviços prestados por terceiros,1500.0
190002538440,Atividades de militância e mobilização de rua,9999.5
190002538440,"Encargos financeiros, taxas bancárias e/ou op. cartão de crédito",0.5
190002538441,Atividades de militância e mobilização de rua,6000.0
190002538441,Publicidade por materiais impressos,5200.0
190002538442,"Produção de programas de rádio, televisão ou vídeo",12900.0
190002538442,Publicidade por materiais impressos,600.0
190002538444,Despesas com pessoal,5000.0
190002538445,Atividades de militância e mobilização de rua,168682.53
190002538445,Despesa com Impulsionamento de Conteúdos,123338.39
190002538445,Despesas com pessoal,93854.55
190002538445,Despesas com transporte ou deslocamento,24000.0
190002538445,Publicidade por materiais impressos,22680.0
190002538445,Serviços prestados por terceiros,63800.0
190002539329,Serviços advocatícios,3000.0
190002539329,Serviços contábeis,3000.0
190002539331,Atividades de militância e mobilização de rua,7200.0
190002539331,Locação/cessão de bens imóveis,7000.0
190002539331,"Produção de jingles, vinhetas e slogans",3000.0
190002539331,Publicidade por carros de som,5000.0
190002539331,Serviços advocatícios,3000.0
190002539331,Serviços contábeis,6000.0
190002539332,Atividades de militância e mobilização de rua,5688.0
190002539332,Cessão ou locação de veículos,12320.0
190002539332,Combustíveis e lubrificantes,4660.34
190002539332,Criação e inclusão de páginas na internet,55000.0
190002539332,Despesa com Impulsionamento de Conteúdos,10000.0
190002539332,Locação/cessão de bens imóveis,15000.0
190002539332,"Produção de jingles, vinhetas e slogans",5000.0
190002539332,Publicidade por jornais e revistas,2000.0
190002539332,Publicidade por materiais impressos,222078.0
190002539332,Serviços advocatícios,60000.0
190002539332,Serviços contábeis,5000.0
190002539332,Serviços prestados por terceiros,3000.0
190002539333,Cessão ou locação de veículos,60000.0
190002539333,Criação e inclusão de páginas na internet,10000.0
190002539333,Despesa com Impulsionamento de Conteúdos,10000.0
190002539333,Publicidade por materiais impressos,3915.0
190002539333,Serviços contábeis,15000.0
190002539333,Serviços prestados por terceiros,15000.0
190002539333,Serviços próprios prestados por terceiros,15000.0
190002539334,Serviços advocatícios,1000.0
190002539334,Serviços contábeis,1000.0
190002539335,Alimentação,48.89
190002539335,Despesas com Hospedagem,200.0
190002539335,"Produção de programas de rádio, televisão ou vídeo",5100.0
190002539335,Serviços prestados por terceiros,355.1
190002539336,Cessão ou locação de veículos,266182.0
190002539336,Combustíveis e lubrificantes,22877.5
190002539336,Despesa com Impulsionamento de Conteúdos,10000.0
190002539336,Despesas com pessoal,2208030.0
190002539336,Publicidade por materiais impressos,79152.0
190002539336,Serviços contábeis,3242.0
190002539338,Atividades de militância e mobilização de rua,94400.0
190002539338,"Encargos financeiros, taxas bancárias e/ou op. cartão de crédito",18.0
190002539338,"Produção de jingles, vinhetas e slogans",3500.0
190002539338,Publicidade por materiais impressos,35460.0
190002539339,Criação e inclusão de páginas na internet,40.0
190002539339,Serviços advocatícios,14000.0
190002539339,Serviços contábeis,9000.0
190002539339,Serviços prestados por terceiros,37000.0
190002539340,Materiais de expediente,122.46
190002539340,"Produção de jingles, vinhetas e slogans",200.0
190002539340,"Produção de programas de rádio, televisão ou vídeo",5000.0
190002539340,Serviços advocatícios,60000.0
190002539341,Cessão ou locação de veículos,6400.0
190002539341,Despesa com Impulsionamento de Conteúdos,5000.0
190002539341,Despesas com pessoal,326505.0
190002539341,Diversas a especificar,140183.87
190002539341,"Encargos financeiros, taxas bancárias e/ou op. cartão de crédito",82.0
190002539341,Locação/cessão de bens imóveis,16700.0
190002539341,Locação/cessão de bens móveis (exceto veículos),24200.0
190002539341,Publicidade por adesivos,3080.0
190002539341,Publicidade por materiais impressos,54500.0
190002539341,Serviços advocatícios,50000.0
190002539341,Serviços contábeis,30000.0
190002539342,Despesas com pessoal,6000.0
190002539342,"Encargos financeiros, taxas bancárias e/ou op. cartão de crédito",0.5
190002539342,Serviços advocatícios,20000.0
190002539342,Serviços contábeis,4000.0
190002539344,Atividades de militância e mobilização de rua,1800.0
190002539344,Serviços advocatícios,10000.0
190002539344,Serviços contábeis,10000.0
190002539344,Serviços prestados por terceiros,8000.0
190002539345,Atividades de militância e mobilização de rua,63000.0
190002539345,Despesas com transporte ou deslocamento,16000.0
190002539345,Publicidade por materiais impressos,5000.0
190002539346,Atividades de militância e mobilização de rua,41000.0
190002539346,Despesas com pessoal,19200.0
190002539346,Locação/cessão de bens imóveis,2500.0
190002539346,Serviços advocatícios,2500.0
190002539346,Serviços contábeis,1500.0
190002539348,Locação/cessão de bens imóveis,5000.0
190002539348,Serviços advocatícios,3500.0
190002539348,Serviços contábeis,2500.0
190002539349,Serviços advocatícios,500.0
190002539349,Serviços contábeis,500.0
190002539350,Despesas com pessoal,15000.0
190002539350,"Encargos financeiros, taxas bancárias e/ou op. cartão de crédito",1.0
190002539350,"Produção de jingles, vinhetas e slogans",800.0
190002539351,Publicidade por materiais impressos,1500.0
190002539351,Serviços advocatícios,2000.0
190002539351,Serviços contábeis,1000.0
190002539353,Atividades de militância e mobilização de rua,5400.0
190002539353,Despesas com pessoal,4000.0
190002539353,"Encargos financeiros, taxas bancárias e/ou op. cartão de crédito",1.5
190002539353,Serviços advocatícios,2500.0
190002539353,Serviços contábeis,1500.0
190002539354,Serviços advocatícios,1000.0
190002539354,Serviços contábeis,1000.0
190002539354,Serviços prestados por terceiros,1300.0
190002539355,Atividades de militância e mobilização de rua,40800.0
190002539355,Combustíveis e lubrificantes,430.42
190002539355,Despesas com pessoal,19500.0
190002539355,Despesas com transporte ou deslocamento,6000.0
190002539356,Serviços advocatícios,1000.0
190002539356,Serviços contábeis,1000.0
190002539357,Despesa com Impulsionamento de Conteúdos,5000.0
190002539357,Despesas com pessoal,24000.0
190002539357,"Produção de jingles, vinhetas e slogans",200.0
190002539358,Despesa com Impulsionamento de Conteúdos,12000.0
190002539358,Diversas a especificar,10068.5
190002539358,Publicidade por materiais impressos,50052.159999999996
190002539358,Serviços contábeis,3242.0
190002539359,Serviços advocatícios,1000.0
190002539359,Serviços contábeis,1000.0
190002539360,Despesa com Impulsionamento de Conteúdos,1600.99
190002539360,"Encargos financeiros, taxas bancárias e/ou op. cartão de crédito",1.5
190002539360,Publicidade por materiais impressos,7915.0
190002539360,Serviços advocatícios,1500.0
190002539360,Serviços contábeis,1000.0
190002539361,Atividades de militância e mobilização de rua,75300.0
190002539361,Despesa com Impulsionamento de Conteúdos,5000.0
190002539362,Serviços advocatícios,1250.0
190002539362,Serviços contábeis,1250.0
190002539363,Despesa com Impulsionamento de Conteúdos,500.0
190002539363,Publicidade por materiais impressos,1200.0
190002539363,Serviços advocatícios,1000.0
190002539363,Serviços contábeis,1000.0
190002539364,Alimentação,442.0
190002539364,Cessão ou locação de veículos,4000.0
190002539364,Combustíveis e lubrificantes,1082.49
190002539364,Despesa com Impulsionamento de Conteúdos,1000.0
190002539364,Despesas com pessoal,22694.0
190002539364,Diversas a especificar,7800.0
190002539364,"Encargos financeiros, taxas bancárias e/ou op. cartão de crédito",2.5
190002539364,Publicidade por materiais impressos,6443.8
190002539364,Serviços contábeis,10000.0
190002539364,Água,150.48
190002539365,Despesas com transporte ou deslocamento,2000.0
190002539366,Combustíveis e lubrificantes,359.27
190002539366,Despesas com pessoal,3000.0
190002539366,"Encargos financeiros, taxas bancárias e/ou op. cartão de crédito",1.0
190002539367,Atividades de militância e mobilização de rua,24000.0
190002539367,Despesa com Impulsionamento de Conteúdos,1500.0
190002539367,Despesas com pessoal,19000.0
190002539367,"Encargos financeiros, taxas bancárias e/ou op. cartão de crédito",1.5
190002539367,Locação/cessão de bens imóveis,10000.0
190002539367,"Produção de programas de rádio, televisão ou vídeo",32000.0
190002539470,Despesas com pessoal,44829.63
190002539470,Serviços advocatícios,5000.0
190002539470,Serviços contábeis,5000.0
190002539470,Taxa de Administração de Financiamento Coletivo,76.49
190002539471,Cessão ou locação de veículos,32455.4
190002539471,Combustíveis e lubrificantes,1904.08
190002539471,Comícios,790.0
190002539471,Correspondências e despesas postais,90697.57
190002539471,Despesa com Impulsionamento de Conteúdos,40000.0
190002539471,Despesas com pessoal,346067.12
190002539471,"Encargos financeiros, taxas bancárias e/ou op. cartão de crédito",5.5
190002539471,Locação/cessão de bens imóveis,28500.0
190002539471,Publicidade por adesivos,170498.32
190002539471,Publicidade por jornais e revistas,6900.0
190002539471,Publicidade por materiais impressos,358327.29
190002539471,Serviços advocatícios,30000.0
190002539471,Serviços contábeis,34425.0
190002539471,Serviços prestados por terceiros,57500.0
190002539471,Taxa de Administração de Financiamento Coletivo,130.15
190002539472,Publicidade por materiais impressos,790.0
190002539473,Despesa com Impulsionamento de Conteúdos,105.0
190002539644,Serviços advocatícios,1000.0
190002539644,Serviços contábeis,1000.0
190002539646,Atividades de militância e mobilização de rua,30750.0
190002539646,Serviços advocatícios,3500.0
190002539646,Serviços contábeis,3000.0
190002539647,"Produção de jingles, vinhetas e slogans",400.0
190002539648,Atividades de militância e mobilização de rua,12000.0
190002539648,Despesa com Impulsionamento de Conteúdos,1069.9
190002539648,Publicidade por adesivos,3000.0
190002539648,Publicidade por materiais impressos,930.0
190002539648,Serviços advocatícios,3000.0
190002539648,Serviços contábeis,2000.0
190002539649,Despesas com pessoal,13198.0
190002539649,"Encargos financeiros, taxas bancárias e/ou op. cartão de crédito",1.5
190002539649,Serviços próprios prestados por terceiros,11800.0
190002539650,Atividades de militância e mobilização de rua,33000.0
190002539650,Despesa com Impulsionamento de Conteúdos,2496.8
190002539650,Despesas com pessoal,40000.0
190002539650,"Encargos financeiros, taxas bancárias e/ou op. cartão de crédito",10.0
190002539650,Locação/cessão de bens imóveis,1600.0
190002539650,Publicidade por adesivos,5990.0
190002539650,Serviços advocatícios,30000.0
190002539650,Serviços contábeis,30000.0
190002539650,Serviços próprios prestados por terceiros,38190.0
190002539652,Atividades de militância e mobilização de rua,294400.0
190002539652,Despesa com Impulsionamento de Conteúdos,24000.0
190002539652,Despesas com pessoal,25800.0
190002539652,Doações financeiras a outros candidatos/partidos,61000.0
190002539652,"Encargos financeiros, taxas bancárias e/ou op. cartão de crédito",61.4
190002539652,Locação/cessão de bens imóveis,13500.0
190002539652,"Produção de programas de rádio, televisão ou vídeo",50000.0
190002539652,Publicidade por adesivos,161740.0
190002539652,Publicidade por materiais impressos,320583.63
190002539652,Serviços contábeis,25000.0
190002539652,Serviços prestados por terceiros,116500.0
190002539653,Criação e inclusão de páginas na internet,25600.0
190002539653,Eventos de promoção da candidatura,11332.0
190002539653,"Produção de jingles, vinhetas e slogans",3000.0
190002539653,Pré-instalação física de comitê de campanha,4000.0
190002539653,Publicidade por adesivos,10257.0
190002539653,Publicidade por materiais impressos,13990.0
190002539653,Serviços advocatícios,5000.0
190002539653,Serviços contábeis,35000.0
190002539654,Atividades de militância e mobilização de rua,33000.0
190002539654,Despesa com Impulsionamento de Conteúdos,4000.0
190002539654,"Encargos financeiros, taxas bancárias e/ou op. cartão de crédito",5.5
190002539654,"Produção de jingles, vinhetas e slogans",6000.0
190002539654,Publicidade por materiais impressos,83900.0
190002539654,Serviços advocatícios,30000.0
190002539654,Serviços contábeis,20000.0
190002539657,Serviços advocatícios,2000.0
190002539658,Atividades de militância e mobilização de rua,1953992.87
190002539658,Cessão ou locação de veículos,110600.0
190002539658,Despesa com Impulsionamento de Conteúdos,25000.0
190002539658,Despesas com pessoal,4920.0
190002539658,Despesas com transporte ou deslocamento,78400.0
190002539658,Diversas a especificar,562.5
190002539658,Doações financeiras a outros candidatos/partidos,83000.0
190002539658,"Encargos financeiros, taxas bancárias e/ou op. cartão de crédito",3.0
190002539658,Eventos de promoção da candidatura,76260.0
190002539658,Locação/cessão de bens imóveis,15000.0
190002539658,Materiais de expediente,476.05
190002539658,"Produção de jingles, vinhetas e slogans",30000.0
190002539658,Publicidade por adesivos,24490.0
190002539658,Publicidade por materiais impressos,321418.16000000003
190002539659,Atividades de militância e mobilização de rua,500.0
190002539659,Despesas com pessoal,14600.0
190002539659,"Encargos financeiros, taxas bancárias e/ou op. cartão de crédito",130.65
190002539660,Cessão ou locação de veículos,6000.0
190002539660,Despesas com pessoal,2250.0
190002539660,Publicidade por adesivos,2675.0
190002539660,Publicidade por materiais impressos,2000.0
190002539660,Serviços advocatícios,3000.0
190002539660,Serviços contábeis,3000.0
190002539665,Combustíveis e lubrificantes,2000.0
190002539665,Despesa com Impulsionamento de Conteúdos,22950.0
190002539665,Despesas com pessoal,145950.0
190002539665,Diversas a especificar,150000.0
190002539665,"Encargos financeiros, taxas bancárias e/ou op. cartão de crédito",26.5
190002539665,Locação/cessão de bens imóveis,14200.0
190002539665,"Produção de jingles, vinhetas e slogans",3500.0
190002539665,Publicidade por adesivos,5170.0
190002539665,Publicidade por materiais impressos,17441.0
190002539665,Serviços advocatícios,16550.0
190002539665,Serviços contábeis,37000.0
190002539665,Serviços prestados por terceiros,48.34
190002539666,Atividades de militância e mobilização de rua,29036.0
190002539666,Despesas com pessoal,10000.0
190002539666,Locação/cessão de bens imóveis,2000.0
190002539666,Publicidade por materiais impressos,5811.0
190002539666,Serviços advocatícios,3500.0
190002539666,Serviços contábeis,3000.0
190002539669,Atividades de militância e mobilização de rua,13000.0
190002539669,"Encargos financeiros, taxas bancárias e/ou op. cartão de crédito",13.0
190002539669,Publicidade por materiais impressos,766.8
190002539670,Atividades de militância e mobilização de rua,20600.0
190002539672,Atividades de militância e mobilização de rua,1528753.38
190002539672,Cessão ou locação de veículos,157100.0
190002539672,Despesa com Impulsionamento de Conteúdos,153000.0
190002539672,Despesas com transporte ou deslocamento,16450.0
190002539672,Diversas a especificar,33497.61
190002539672,Locação/cessão de bens imóveis,7520.0
190002539672,Locação/cessão de bens móveis (exceto veículos),12686.0
190002539672,Pré-instalação física de comitê de campanha,15000.0
190002539672,Publicidade por materiais impressos,326490.0
190002539672,Serviços advocatícios,40000.0
190002539672,Serviços prestados por terceiros,36592.0
190002539673,Despesas com pessoal,6000.0
190002539673,"Encargos financeiros, taxas bancárias e/ou op. cartão de crédito",0.5
190002539674,Despesas com pessoal,14200.0
190002539674,Publicidade por adesivos,42.0
190002539674,Publicidade por materiais impressos,263.0
190002539674,Serviços prestados por terceiros,150.0
190002539675,Atividades de militância e mobilização de rua,3400.0
190002539675,Despesas com pessoal,2500.0
190002539675,Serviços advocatícios,3500.0
190002539675,Serviços contábeis,3000.0
190002539676,Serviços advocatícios,3000.0
190002539676,Serviços contábeis,2000.0
190002539678,Publicidade por adesivos,540.0
190002539678,Publicidade por materiais impressos,3395.0
190002539678,Serviços advocatícios,3500.0
190002539678,Serviços contábeis,3000.0
190002539679,Despesa com Impulsionamento de Conteúdos,1000.0
190002539679,Despesas com pessoal,22500.0
190002539679,"Encargos financeiros, taxas bancárias e/ou op. cartão de crédito",17.6
190002539679,Locação/cessão de bens imóveis,4300.0
190002539679,Locação/cessão de bens móveis (exceto veículos),1060.0
190002539679,Materiais de expediente,1473.0
190002539679,"Produção de jingles, vinhetas e slogans",1000.0
190002539679,Publicidade por adesivos,3000.0
190002539679,Publicidade por materiais impressos,4050.0
190002539679,Serviços prestados por terceiros,69.99
190002539680,Atividades de militância e mobilização de rua,1500.0
190002539680,Despesas com pessoal,5700.0
190002539680,"Encargos financeiros, taxas bancárias e/ou op. cartão de crédito",2.5
190002539680,Locação/cessão de bens imóveis,3000.0
190002539683,Atividades de militância e mobilização de rua,21807.5
190002539683,Cessão ou locação de veículos,5000.0
190002539683,Publicidade por materiais impressos,1292.5
190002539683,Serviços advocatícios,3500.0
190002539683,Serviços contábeis,3000.0
190002539684,Alimentação,6227.5
190002539684,Atividades de militância e mobilização de rua,271478.0
190002539684,Cessão ou locação de veículos,109000.0
190002539684,Despesa com Impulsionamento de Conteúdos,14000.0
190002539684,Locação/cessão de bens imóveis,1500.0
190002539684,"Produção de programas de rádio, televisão ou vídeo",167000.0
190002539684,Publicidade por adesivos,26515.0
190002539684,Publicidade por materiais impressos,49140.0
190002539684,Serviços advocatícios,200000.0
190002539684,Serviços contábeis,8000.0
190002539684,Serviços prestados por terceiros,4500.0
190002539685,Atividades de militância e mobilização de rua,3000.0
190002539685,Despesas com pessoal,500.0
190002539685,"Encargos financeiros, taxas bancárias e/ou op. cartão de crédito",4.5
190002539685,Publicidade por materiais impressos,13034.0
190002539685,Serviços advocatícios,3500.0
190002539685,Serviços contábeis,3000.0
190002539686,Atividades de militância e mobilização de rua,9000.0
190002539686,Cessão ou locação de veículos,78000.0
190002539686,Criação e inclusão de páginas na internet,58532.46
190002539686,Despesa com Impulsionamento de Conteúdos,69000.0
190002539686,Despesas com pessoal,511000.0
190002539686,Locação/cessão de bens imóveis,45000.0
190002539686,"Produção de jingles, vinhetas e slogans",89600.0
190002539686,"Produção de programas de rádio, televisão ou vídeo",209000.0
190002539686,Publicidade por adesivos,3600.0
190002539686,Publicidade por materiais impressos,101350.0
190002539686,Serviços advocatícios,86000.0
190002539686,Serviços contábeis,25000.0
190002539686,Serviços prestados por terceiros,284140.0
190002539832,"Encargos financeiros, taxas bancárias e/ou op. cartão de crédito",1.5
190002539832,Publicidade por materiais impressos,4685.0
190002539832,Serviços advocatícios,900.0
190002539832,Serviços contábeis,500.0
190002539833,"Encargos financeiros, taxas bancárias e/ou op. cartão de crédito",2.0
190002539833,Publicidade por materiais impressos,750.0
190002539833,Serviços advocatícios,3000.0
190002539833,Serviços contábeis,2000.0
190002539833,Serviços prestados por terceiros,7000.0
190002540154,Serviços advocatícios,8000.0
190002540154,Serviços contábeis,5000.0
190002540155,Atividades de militância e mobilização de rua,6600.0
190002540155,"Encargos financeiros, taxas bancárias e/ou op. cartão de crédito",4.0
190002540155,Publicidade por materiais impressos,180.0
190002540155,Serviços advocatícios,2000.0
190002540155,Serviços contábeis,1200.0
190002540156,Despesas com pessoal,5000.0
190002540156,"Produção de jingles, vinhetas e slogans",1500.0
190002540156,Publicidade por materiais impressos,3730.0
190002540156,Serviços prestados por terceiros,500.0
190002540157,Cessão ou locação de veículos,84700.0
190002540157,Combustíveis e lubrificantes,1262.38
190002540157,Despesa com Impulsionamento de Conteúdos,190000.0
190002540157,Despesas com pessoal,1198989.03
190002540157,Diversas a especificar,86503.26
190002540157,"Encargos financeiros, taxas bancárias e/ou op. cartão de crédito",1410.4
190002540157,Locação/cessão de bens imóveis,14000.0
190002540157,Publicidade por adesivos,269178.2
190002540157,Publicidade por materiais impressos,328623.85
190002540157,Serviços advocatícios,10000.0
190002540157,Serviços prestados por terceiros,169000.0
190002540158,Atividades de militância e mobilização de rua,583200.0
190002540158,Cessão ou locação de veículos,28200.0
190002540158,Despesa com Impulsionamento de Conteúdos,85000.0
190002540158,Despesas com pessoal,80913.0
190002540158,"Encargos financeiros, taxas bancárias e/ou op. cartão de crédito",42.3
190002540158,Eventos de promoção da candidatura,50100.0
190002540158,Locação/cessão de bens imóveis,13900.0
190002540158,Materiais de expediente,7740.0
190002540158,Publicidade por adesivos,86290.0
190002540158,Publicidade por materiais impressos,185794.16999999998
190002540158,Serviços advocatícios,732000.0
190002540158,Serviços contábeis,200000.0
190002540158,Serviços prestados por terceiros,484000.0
190002540160,Despesa com Impulsionamento de Conteúdos,1000.0
190002540160,Publicidade por adesivos,2920.0
190002540160,Publicidade por materiais impressos,2885.0
190002540160,Serviços contábeis,1000.0
190002540161,Despesa com Impulsionamento de Conteúdos,5300.0
190002540161,Serviços advocatícios,1500.0
190002540161,Serviços contábeis,1500.0
190002540163,Cessão ou locação de veículos,3500.0
190002540163,Criação e inclusão de páginas na internet,4000.0
190002540163,Despesas com pessoal,20636.0
190002540163,Eventos de promoção da candidatura,5500.0
190002540163,Locação/cessão de bens imóveis,3000.0
190002540163,"Produção de jingles, vinhetas e slogans",800.0
190002540163,Publicidade por adesivos,36960.0
190002540163,Publicidade por materiais impressos,45480.0
190002540163,Serviços advocatícios,15000.0
190002540163,Serviços contábeis,10000.0
190002540163,Serviços prestados por terceiros,9000.0
190002540164,Atividades de militância e mobilização de rua,48920.0
190002540164,Despesa com Impulsionamento de Conteúdos,90040.0
190002540164,"Encargos financeiros, taxas bancárias e/ou op. cartão de crédito",84.2
190002540164,Locação/cessão de bens imóveis,1300.0
190002540164,Publicidade por adesivos,78688.0
190002540164,Publicidade por materiais impressos,132570.0
190002540164,Serviços contábeis,1000.0
190002540165,Eventos de promoção da candidatura,5700.0
190002540165,Publicidade por materiais impressos,7390.0
190002540165,Serviços advocatícios,500.0
190002540165,Serviços contábeis,3500.0
190002540165,Serviços prestados por terceiros,34575.0
190002540166,Despesa com Impulsionamento de Conteúdos,400.0
190002540166,Serviços contábeis,1000.0
190002540167,Despesa com Impulsionamento de Conteúdos,1000.0
190002540167,Diversas a especificar,40.0
190002540167,"Encargos financeiros, taxas bancárias e/ou op. cartão de crédito",0.5
190002540167,Serviços advocatícios,5000.0
190002540167,Serviços contábeis,5000.0
190002540167,Taxa de Administração de Financiamento Coletivo,37.86
190002540169,Atividades de militância e mobilização de rua,10000.0
190002540169,Correspondências e despesas postais,154.7
190002540169,Despesa com Impulsionamento de Conteúdos,12500.0
190002540169,Despesas com pessoal,51000.0
190002540169,Diversas a especificar,197.0
190002540169,"Encargos financeiros, taxas bancárias e/ou op. cartão de crédito",38.1
190002540169,Locação/cessão de bens imóveis,7804.0
190002540169,Materiais de expediente,3015.77
190002540169,Publicidade por jornais e revistas,2000.0
190002540169,Publicidade por materiais impressos,16783.0
190002540169,Serviços advocatícios,3000.0
190002540169,Serviços contábeis,10000.0
190002540169,Serviços prestados por terceiros,7200.0
190002540169,Taxa de Administração de Financiamento Coletivo,199.01999999999998
190002540170,Serviços advocatícios,3000.0
190002540170,Serviços contábeis,2200.0
190002540171,"Encargos financeiros, taxas bancárias e/ou op. cartão de crédito",1.5
190002540171,Publicidade por adesivos,642.0
190002540171,Publicidade por materiais impressos,2650.0
190002540172,Serviços advocatícios,10000.0
190002540172,Serviços contábeis,2800.0
190002540174,Atividades de militância e mobilização de rua,18000.0
190002540174,Despesa com Impulsionamento de Conteúdos,22318.5
190002540174,"Encargos financeiros, taxas bancárias e/ou op. cartão de crédito",11.0
190002540174,Publicidade por adesivos,1600.0
190002540174,Publicidade por materiais impressos,3370.0
190002540174,Serviços advocatícios,40000.0
190002540174,Serviços contábeis,5000.0
190002540176,Serviços contábeis,5000.0
190002540178,Atividades de militância e mobilização de rua,2000.0
190002540178,Serviços contábeis,1800.0
190002540180,Atividades de militância e mobilização de rua,13150.0
190002540180,Despesa com Impulsionamento de Conteúdos,6475.78
190002540180,Despesas com pessoal,12000.0
190002540180,Despesas com transporte ou deslocamento,8500.0
190002540180,Locação/cessão de bens imóveis,22513.5
190002540180,Locação/cessão de bens móveis (exceto veículos),1760.0
190002540180,Publicidade por adesivos,58942.6
190002540180,Publicidade por materiais impressos,20832.52
190002540180,Serviços advocatícios,9000.0
190002540180,Serviços contábeis,4128.0
190002540180,Serviços prestados por terceiros,21500.0
190002540181,Criação e inclusão de páginas na internet,1400.0
190002540181,Despesa com Impulsionamento de Conteúdos,20000.0
190002540181,Despesas com pessoal,52400.0
190002540181,Diversas a especificar,3950.0
190002540181,"Encargos financeiros, taxas bancárias e/ou op. cartão de crédito",15.5
190002540181,Locação/cessão de bens imóveis,9000.0
190002540181,"Produção de jingles, vinhetas e slogans",5500.0
190002540181,Publicidade por adesivos,9320.0
190002540181,Publicidade por jornais e revistas,600.0
190002540181,Publicidade por materiais impressos,39757.5
190002540181,Serviços contábeis,6000.0
190002540181,Serviços prestados por terceiros,2400.0
190002540181,Taxa de Administração de Financiamento Coletivo,175.75
190002540182,Despesas com pessoal,700.0
190002540182,Diversas a especificar,1119.0
190002540182,"Encargos financeiros, taxas bancárias e/ou op. cartão de crédito",4.5
190002540182,Publicidade por adesivos,1500.0
190002540182,Serviços advocatícios,5000.0
190002540182,Serviços contábeis,5000.0
190002540182,Taxa de Administração de Financiamento Coletivo,115.25
190002540184,Cessão ou locação de veículos,88917.0
190002540184,Despesa com Impulsionamento de Conteúdos,61000.0
190002540184,Despesas com pessoal,1794416.46
190002540184,Diversas a especificar,10250.0
190002540184,"Encargos financeiros, taxas bancárias e/ou op. cartão de crédito",6043.47
190002540184,Locação/cessão de bens imóveis,80000.0
190002540184,Publicidade por adesivos,35950.0
190002540184,Publicidade por materiais impressos,37290.0
190002540184,Serviços advocatícios,35000.0
190002540184,Serviços contábeis,15000.0
190002540184,Serviços prestados por terceiros,153604.0
190002540185,Comícios,3200.0
190002540185,Despesa com Impulsionamento de Conteúdos,37615.0
190002540185,Despesas com pessoal,234000.0
190002540185,"Produção de jingles, vinhetas e slogans",2000.0
190002540185,Publicidade por adesivos,5838.75
190002540185,Publicidade por materiais impressos,1980.0
190002540185,Serviços advocatícios,10000.0
190002540185,Serviços contábeis,16200.0
190002540186,Serviços advocatícios,5000.0
190002540188,Atividades de militância e mobilização de rua,10000.0
190002540188,Criação e inclusão de páginas na internet,9106.0
190002540188,"Encargos financeiros, taxas bancárias e/ou op. cartão de crédito",1.5
190002540188,Publicidade por carros de som,1926.0
190002540188,Serviços contábeis,4300.0
190002540190,Cessão ou locação de veículos,47250.0
190002540190,Despesa com Impulsionamento de Conteúdos,45000.0
190002540190,Despesas com pessoal,271666.0
190002540190,"Encargos financeiros, taxas bancárias e/ou op. cartão de crédito",3.0
190002540190,Eventos de promoção da candidatura,2000.0
190002540190,Locação/cessão de bens imóveis,16200.0
190002540190,Publicidade por adesivos,123740.0
190002540190,Publicidade por materiais impressos,204417.5
190002540190,Serviços advocatícios,50000.0
190002540192,Despesa com Impulsionamento de Conteúdos,4150.0
190002540192,Diversas a especificar,857.2
190002540192,Locação/cessão de bens imóveis,8600.0
190002540192,Publicidade por adesivos,3564.2
190002540192,Publicidade por materiais impressos,1880.0
190002540192,Serviços advocatícios,10000.0
190002540192,Serviços contábeis,15000.0
190002540192,Taxa de Administração de Financiamento Coletivo,116.2
190002540194,Combustíveis e lubrificantes,5609.58
190002540194,Comícios,66000.0
190002540194,Despesa com Impulsionamento de Conteúdos,100000.0
190002540194,Despesas com pessoal,505637.29000000004
190002540194,Despesas com transporte ou deslocamento,33600.0
190002540194,"Encargos financeiros, taxas bancárias e/ou op. cartão de crédito",164.0
190002540194,Locação/cessão de bens imóveis,10000.0
190002540194,Publicidade por adesivos,77264.34
190002540194,Publicidade por materiais impressos,186248.63
190002540194,Serviços advocatícios,35000.0
190002540194,Serviços contábeis,36339.0
190002540194,Serviços prestados por terceiros,625.6
190002540194,Taxa de Administração de Financiamento Coletivo,1352.73
190002541045,Cessão ou locação de veículos,99600.0
190002541045,Combustíveis e lubrificantes,27711.07
190002541045,Despesa com Impulsionamento de Conteúdos,40000.0
190002541045,Despesas com pessoal,70816.0
190002541045,Locação/cessão de bens imóveis,76503.41
190002541045,Locação/cessão de bens móveis (exceto veículos),11500.0
190002541045,Pesquisas ou testes eleitorais,95300.0
190002541045,Publicidade por adesivos,327870.8
190002541045,Publicidade por materiais impressos,706152.0
190002541045,Serviços advocatícios,55000.0
190002541045,Serviços contábeis,45360.0
190002541045,Serviços prestados por terceiros,1086440.93
190002541046,Alimentação,1600.0
190002541046,Atividades de militância e mobilização de rua,272905.11
190002541046,Cessão ou locação de veículos,58900.0
190002541046,Despesa com Impulsionamento de Conteúdos,66000.0
190002541046,Despesas com pessoal,213069.98
190002541046,"Encargos financeiros, taxas bancárias e/ou op. cartão de crédito",141.4
190002541046,Locação/cessão de bens imóveis,15000.0
190002541046,Materiais de expediente,2636.9900000000002
190002541046,Publicidade por materiais impressos,86789.0
190002541046,Serviços advocatícios,60000.0
190002541046,Serviços contábeis,80000.0
190002541046,Serviços prestados por terceiros,3284.9
190002541046,Serviços próprios prestados por terceiros,86000.0
190002541046,Telefone,795.15
190002541047,Atividades de militância e mobilização de rua,468812.0
190002541047,Criação e inclusão de páginas na internet,22500.0
190002541047,Despesa com Impulsionamento de Conteúdos,160000.0
190002541047,Publicidade por materiais impressos,665425.0
190002541047,Serviços advocatícios,70000.0
190002541049,Criação e inclusão de páginas na internet,10000.0
190002541049,Despesa com Impulsionamento de Conteúdos,3500.0
190002541049,Despesas com pessoal,1500.0
190002541049,"Encargos financeiros, taxas bancárias e/ou op. cartão de crédito",3.0
190002541049,Publicidade por materiais impressos,28606.3
190002541049,Serviços contábeis,3000.0
190002541050,Despesas com pessoal,86400.0
190002541050,"Encargos financeiros, taxas bancárias e/ou op. cartão de crédito",30.2
190002541050,Publicidade por materiais impressos,6480.0
190002541050,Serviços advocatícios,2000.0
190002541050,Serviços contábeis,5000.0
190002541051,"Encargos financeiros, taxas bancárias e/ou op. cartão de crédito",0.5
190002541051,Publicidade por materiais impressos,7050.0
190002541051,Serviços contábeis,1500.0
190002541053,Combustíveis e lubrificantes,10000.0
190002541053,Correspondências e despesas postais,98257.81
190002541053,Despesa com Impulsionamento de Conteúdos,583000.0
190002541053,Despesas com pessoal,107032.0
190002541053,"Encargos financeiros, taxas bancárias e/ou op. cartão de crédito",12.0
190002541053,Publicidade por materiais impressos,667705.0
190002541053,Serviços advocatícios,75000.0
190002541053,Serviços contábeis,35000.0
190002541053,Serviços prestados por terceiros,15000.0
190002541054,Alimentação,4050.0
190002541054,Cessão ou locação de veículos,16000.0
190002541054,Combustíveis e lubrificantes,750.0
190002541054,Despesa com Impulsionamento de Conteúdos,1000.0
190002541054,Despesas com pessoal,627893.35
190002541054,Despesas com transporte ou deslocamento,36000.0
190002541054,"Encargos financeiros, taxas bancárias e/ou op. cartão de crédito",174.7
190002541054,Locação/cessão de bens imóveis,5000.0
190002541054,"Produção de jingles, vinhetas e slogans",6000.0
190002541054,Publicidade por adesivos,115578.48
190002541054,Publicidade por materiais impressos,714533.95
190002541054,Serviços advocatícios,45000.0
190002541054,Serviços contábeis,20655.0
190002541054,Serviços prestados por terceiros,128600.0
190002541056,Diversas a especificar,0.5
190002541056,Publicidade por materiais impressos,25190.0
190002541058,Atividades de militância e mobilização de rua,579900.0
190002541058,Despesa com Impulsionamento de Conteúdos,11919.98
190002541058,Despesas com pessoal,1000.0
190002541058,Diversas a especificar,29232.0
190002541058,"Encargos financeiros, taxas bancárias e/ou op. cartão de crédito",147.0
190002541058,Publicidade por carros de som,50000.0
190002541058,Publicidade por materiais impressos,239515.0
190002541058,Serviços advocatícios,35000.0
190002541058,Serviços contábeis,40000.0
190002541059,Atividades de militância e mobilização de rua,37500.0
190002541059,Cessão ou locação de veículos,4000.0
190002541059,"Encargos financeiros, taxas bancárias e/ou op. cartão de crédito",73.8
190002541059,"Produção de programas de rádio, televisão ou vídeo",8000.0
190002541059,Publicidade por materiais impressos,143000.0
190002541059,Serviços advocatícios,4900.0
190002541059,Serviços contábeis,20000.0
190002541059,Serviços prestados por terceiros,96700.0
190002541059,Serviços próprios prestados por terceiros,36500.0
190002541060,Cessão ou locação de veículos,42500.0
190002541060,Despesa com Impulsionamento de Conteúdos,200000.0
190002541060,Despesas com pessoal,45600.0
190002541060,"Encargos financeiros, taxas bancárias e/ou op. cartão de crédito",1063.71
190002541060,Locação/cessão de bens imóveis,106000.0
190002541060,Pesquisas ou testes eleitorais,100000.0
190002541060,"Produção de jingles, vinhetas e slogans",30000.0
190002541060,Publicidade por adesivos,799880.0
190002541060,Publicidade por materiais impressos,55050.0
190002541060,Serviços advocatícios,100000.0
190002541060,Serviços contábeis,50000.0
190002541060,Serviços prestados por terceiros,705960.0
190002541060,Serviços próprios prestados por terceiros,17120.0
190002541061,Cessão ou locação de veículos,42000.0
190002541061,Despesas com pessoal,356050.0
190002541061,"Encargos financeiros, taxas bancárias e/ou op. cartão de crédito",39.5
190002541061,Locação/cessão de bens imóveis,55800.0
190002541061,Publicidade por adesivos,10095.0
190002541061,Publicidade por carros de som,8667.0
190002541061,Publicidade por materiais impressos,40540.0
190002541061,Serviços advocatícios,100000.0
190002541061,Serviços contábeis,63000.0
190002541062,Atividades de militância e mobilização de rua,260000.0
190002541062,Despesas com pessoal,502490.0
190002541062,Diversas a especificar,15500.27
190002541062,"Encargos financeiros, taxas bancárias e/ou op. cartão de crédito",64.8
190002541062,Locação/cessão de bens imóveis,40000.0
190002541062,Materiais de expediente,3499.02
190002541062,"Produção de jingles, vinhetas e slogans",4000.0
190002541062,Publicidade por adesivos,107684.4
190002541062,Publicidade por materiais impressos,74400.0
190002541062,Serviços advocatícios,50000.0
190002541062,Serviços contábeis,20000.0
190002541062,Serviços prestados por terceiros,16000.0
190002541063,Despesas com pessoal,180442.91
190002541063,"Produção de jingles, vinhetas e slogans",30000.0
190002541063,Publicidade por adesivos,608.0
190002541063,Publicidade por materiais impressos,62600.0
190002541064,Cessão ou locação de veículos,121179.0
190002541064,Combustíveis e lubrificantes,3325.93
190002541064,Criação e inclusão de páginas na internet,9800.0
190002541064,Despesa com Impulsionamento de Conteúdos,30000.0
190002541064,Doações financeiras a outros candidatos/partidos,252000.0
190002541064,"Encargos financeiros, taxas bancárias e/ou op. cartão de crédito",54.0
190002541064,Locação/cessão de bens imóveis,12000.0
190002541064,"Produção de jingles, vinhetas e slogans",8000.0
190002541064,Publicidade por jornais e revistas,13000.0
190002541064,Publicidade por materiais impressos,447270.5
190002541064,Serviços contábeis,38000.0
190002541064,Serviços prestados por terceiros,635136.56
190002541064,Taxa de Administração de Financiamento Coletivo,773.9100000000001
190002541065,Despesa com Impulsionamento de Conteúdos,7700.0
190002541065,Diversas a especificar,21000.0
190002541065,"Encargos financeiros, taxas bancárias e/ou op. cartão de crédito",3.5
190002541065,Locação/cessão de bens imóveis,8000.0
190002541065,Materiais de expediente,329.4
190002541065,"Produção de programas de rádio, televisão ou vídeo",8800.0
190002541065,Publicidade por adesivos,1023.5699999999999
190002541065,Publicidade por materiais impressos,43102.51
190002541065,Serviços advocatícios,32000.0
190002541065,Serviços contábeis,5000.0
190002541065,Serviços prestados por terceiros,75000.0
190002541066,Atividades de militância e mobilização de rua,70000.0
190002541066,Despesa com Impulsionamento de Conteúdos,106799.0
190002541066,Despesas com pessoal,70000.0
190002541066,"Encargos financeiros, taxas bancárias e/ou op. cartão de crédito",9.5
190002541066,Publicidade por materiais impressos,11750.0
190002541066,Serviços advocatícios,10000.0
190002541066,Serviços contábeis,10000.0
190002541066,Serviços prestados por terceiros,10000.0
190002541067,Atividades de militância e mobilização de rua,250000.0
190002541067,"Encargos financeiros, taxas bancárias e/ou op. cartão de crédito",9.5
190002541067,Publicidade por materiais impressos,21650.0
190002541067,Serviços advocatícios,40000.0
190002541067,Serviços contábeis,9000.0
190002541068,Atividades de militância e mobilização de rua,396155.0
190002541068,Despesa com Impulsionamento de Conteúdos,412000.0
190002541068,Despesas com transporte ou deslocamento,96710.0
190002541068,Diversas a especificar,65400.0
190002541068,"Encargos financeiros, taxas bancárias e/ou op. cartão de crédito",68.5
190002541068,Locação/cessão de bens imóveis,6000.0
190002541068,"Produção de programas de rádio, televisão ou vídeo",55500.0
190002541068,Publicidade por adesivos,2380.0
190002541068,Publicidade por materiais impressos,185055.0
190002541068,Serviços advocatícios,100000.0
190002541068,Serviços contábeis,70000.0
190002541068,Serviços prestados por terceiros,40000.0
190002541068,Taxa de Administração de Financiamento Coletivo,796.82
190002541069,Atividades de militância e mobilização de rua,12115.0
190002541069,"Encargos financeiros, taxas bancárias e/ou op. cartão de crédito",1.0
190002541069,Publicidade por materiais impressos,740.0
190002541069,Serviços advocatícios,6500.0
190002541069,Serviços contábeis,8750.0
190002541069,Serviços prestados por terceiros,10000.0
190002541070,Cessão ou locação de veículos,42000.0
190002541070,Despesa com Impulsionamento de Conteúdos,5000.0
190002541070,Despesas com pessoal,436150.0
190002541070,"Encargos financeiros, taxas bancárias e/ou op. cartão de crédito",52.5
190002541070,Materiais de expediente,1030.0
190002541070,Serviços advocatícios,250000.0
190002541070,Serviços contábeis,50000.0
190002541070,Serviços prestados por terceiros,146980.0
190002541071,Atividades de militância e mobilização de rua,602600.0
190002541071,Cessão ou locação de veículos,9200.0
190002541071,Despesa com Impulsionamento de Conteúdos,50000.0
190002541071,Locação/cessão de bens imóveis,9000.0
190002541071,Pesquisas ou testes eleitorais,75500.0
190002541071,Publicidade por adesivos,103725.0
190002541071,Publicidade por materiais impressos,397511.0
190002541071,Serviços advocatícios,15000.0
190002541071,Serviços contábeis,7000.0
190002541071,Serviços prestados por terceiros,28620.0
190002541072,Alimentação,17452.1
190002541072,Cessão ou locação de veículos,142800.0
190002541072,Combustíveis e lubrificantes,3912.83
190002541072,Comícios,27170.0
190002541072,Despesa com Impulsionamento de Conteúdos,15840.0
190002541072,Despesas com pessoal,1015226.0
190002541072,Despesas com transporte ou deslocamento,28800.0
190002541072,"Encargos financeiros, taxas bancárias e/ou op. cartão de crédito",176.1
190002541072,Locação/cessão de bens imóveis,23000.0
190002541072,Locação/cessão de bens móveis (exceto veículos),4750.0
190002541072,Pesquisas ou testes eleitorais,83000.0
190002541072,Publicidade por adesivos,64960.0
190002541072,Publicidade por materiais impressos,300734.5
190002541072,Serviços advocatícios,200000.0
190002541072,Serviços contábeis,42840.0
190002541072,Serviços prestados por terceiros,107200.0
190002541073,Alimentação,17280.0
190002541073,Atividades de militância e mobilização de rua,961028.0
190002541073,Cessão ou locação de veículos,66492.2
190002541073,Despesa com Impulsionamento de Conteúdos,200000.0
190002541073,Despesas com pessoal,242775.0
190002541073,Diversas a especificar,84025.8
190002541073,Locação/cessão de bens imóveis,48702.0
190002541073,Locação/cessão de bens móveis (exceto veículos),5450.0
190002541073,"Produção de jingles, vinhetas e slogans",3230.0
190002541073,Publicidade por adesivos,123575.0
190002541073,Publicidade por materiais impressos,381982.0
190002541073,Serviços advocatícios,50000.0
190002541073,Serviços contábeis,71765.0
190002541073,Serviços prestados por terceiros,218393.0
190002541073,Água,4995.0
190002541074,Locação/cessão de bens imóveis,1000.0
190002541074,Publicidade por materiais impressos,4509.0
190002541075,Serviços advocatícios,25000.0
190002541075,Serviços contábeis,15000.0
190002541076,Atividades de militância e mobilização de rua,58500.0
190002541076,Cessão ou locação de veículos,21030.8
190002541076,Combustíveis e lubrificantes,2000.0
190002541076,Despesas com pessoal,266500.0
190002541076,"Encargos financeiros, taxas bancárias e/ou op. cartão de crédito",67.0
190002541076,Locação/cessão de bens imóveis,5000.0
190002541076,Publicidade por materiais impressos,69400.0
190002541076,Serviços advocatícios,25000.0
190002541076,Serviços contábeis,8000.0
190002541076,Serviços prestados por terceiros,11000.0
190002541077,Alimentação,265.4
190002541077,Cessão ou locação de veículos,5000.0
190002541077,Combustíveis e lubrificantes,395.99
190002541077,Criação e inclusão de páginas na internet,200.0
190002541077,Publicidade por materiais impressos,15900.0
190002541077,Serviços contábeis,2000.0
190002541077,Serviços prestados por terceiros,44500.0
190002541078,Atividades de militância e mobilização de rua,271773.17
190002541078,Despesa com Impulsionamento de Conteúdos,2500.0
190002541078,Publicidade por materiais impressos,48000.0
190002541078,Serviços advocatícios,40000.0
190002541078,Serviços contábeis,101000.0
190002541078,Serviços prestados por terceiros,64758.58
190002541079,Publicidade por materiais impressos,50000.0
190002541079,Serviços contábeis,100.0
190002541080,Despesas com pessoal,2000.0
190002541080,Publicidade por materiais impressos,4080.0
190002541080,Serviços advocatícios,2500.0
190002541080,Serviços contábeis,2500.0
190002541081,Publicidade por materiais impressos,6845.0
190002541082,Atividades de militância e mobilização de rua,671600.0
190002541082,Cessão ou locação de veículos,41000.0
190002541082,Combustíveis e lubrificantes,10000.0
190002541082,Despesa com Impulsionamento de Conteúdos,22000.0
190002541082,"Encargos financeiros, taxas bancárias e/ou op. cartão de crédito",20.6
190002541082,Locação/cessão de bens móveis (exceto veículos),11710.0
190002541082,Pesquisas ou testes eleitorais,70000.0
190002541082,"Produção de jingles, vinhetas e slogans",2500.0
190002541082,Publicidade por adesivos,355200.0
190002541082,Publicidade por materiais impressos,86000.0
190002541082,Serviços advocatícios,50000.0
190002541082,Serviços prestados por terceiros,1372000.0
190002541083,Despesas com pessoal,52000.0
190002541083,Serviços advocatícios,15000.0
190002541084,Alimentação,225.84
190002541084,Despesas com pessoal,40850.0
190002541084,Despesas com transporte ou deslocamento,277.6
190002541084,"Encargos financeiros, taxas bancárias e/ou op. cartão de crédito",6.5
190002541084,Publicidade por adesivos,1080.0
190002541084,Publicidade por materiais impressos,3600.0
190002541084,Serviços advocatícios,25000.0
190002541084,Serviços contábeis,15000.0
190002541085,Atividades de militância e mobilização de rua,77000.0
190002541085,Despesa com Impulsionamento de Conteúdos,3000.0
190002541085,"Encargos financeiros, taxas bancárias e/ou op. cartão de crédito",11.5
190002541085,Publicidade por adesivos,3492.0
190002541085,Publicidade por materiais impressos,1350.0
190002541085,Serviços advocatícios,7000.0
190002541085,Serviços contábeis,5000.0
190002541085,Serviços prestados por terceiros,23221.0
190002541086,Atividades de militância e mobilização de rua,360500.0
190002541086,Combustíveis e lubrificantes,15756.82
190002541086,Despesa com Impulsionamento de Conteúdos,90000.0
190002541086,Despesas com transporte ou deslocamento,9000.0
190002541086,Locação/cessão de bens imóveis,45000.0
190002541086,Publicidade por adesivos,85492.4
190002541086,Publicidade por materiais impressos,25720.2
190002541086,Serviços advocatícios,50000.0
190002541086,Serviços contábeis,50000.0
190002541086,Serviços prestados por terceiros,27237.0
190002541086,Água,26796.0
190002541087,Despesas com pessoal,719408.1
190002541087,"Encargos financeiros, taxas bancárias e/ou op. cartão de crédito",189.5
190002541087,Publicidade por materiais impressos,155025.0
190002541087,Serviços advocatícios,25000.0
190002541087,Serviços contábeis,8000.0
190002541087,Serviços prestados por terceiros,110000.0
190002541088,Diversas a especificar,290.0
190002541088,"Encargos financeiros, taxas bancárias e/ou op. cartão de crédito",2.0
190002541088,Publicidade por adesivos,3528.0
190002541088,Publicidade por materiais impressos,1540.0
190002541088,Serviços advocatícios,35000.0
190002541088,Serviços contábeis,3500.0
190002541088,Serviços prestados por terceiros,58500.0
190002541089,Atividades de militância e mobilização de rua,8884.11
190002541089,Cessão ou locação de veículos,6000.0
190002541089,Combustíveis e lubrificantes,347.78
190002541089,Despesa com Impulsionamento de Conteúdos,100000.0
190002541089,Despesas com pessoal,24450.0
190002541089,Diversas a especificar,104000.0
190002541089,"Encargos financeiros, taxas bancárias e/ou op. cartão de crédito",32.7
190002541089,Publicidade por materiais impressos,58625.0
190002541090,Atividades de militância e mobilização de rua,105373.48
190002541091,Atividades de militância e mobilização de rua,535059.59
190002541091,Cessão ou locação de veículos,73268.1
190002541091,Combustíveis e lubrificantes,3227.31
190002541091,Correspondências e despesas postais,484541.49
190002541091,Despesa com Impulsionamento de Conteúdos,77039.0
190002541091,Despesas com pessoal,32500.0
190002541091,"Encargos financeiros, taxas bancárias e/ou op. cartão de crédito",104.5
190002541091,Locação/cessão de bens imóveis,5000.0
190002541091,Locação/cessão de bens móveis (exceto veículos),50000.0
190002541091,"Produção de jingles, vinhetas e slogans",3000.0
190002541091,"Produção de programas de rádio, televisão ou vídeo",100000.0
190002541091,Publicidade por adesivos,545242.0
190002541091,Publicidade por materiais impressos,775668.99
190002541091,Serviços advocatícios,30000.0
190002541091,Serviços contábeis,45000.0
190002543061,Despesas com pessoal,7036.45
190002543061,"Encargos financeiros, taxas bancárias e/ou op. cartão de crédito",2.0
190002543061,Serviços advocatícios,2000.0
190002543061,Serviços contábeis,960.0
190002543064,Atividades de militância e mobilização de rua,561985.27
190002543064,Despesa com Impulsionamento de Conteúdos,45160.0
190002543064,Despesas com Hospedagem,8000.0
190002543064,Despesas com pessoal,271750.0
190002543064,"Encargos financeiros, taxas bancárias e/ou op. cartão de crédito",135.5
190002543064,Eventos de promoção da candidatura,24000.0
190002543064,Publicidade por adesivos,53750.0
190002543064,Publicidade por materiais impressos,78501.0
190002543064,Serviços prestados por terceiros,17300.0
190002543064,Serviços próprios prestados por terceiros,3500.0
190002543064,Taxa de Administração de Financiamento Coletivo,361.61
190002543065,Cessão ou locação de veículos,23400.0
190002543065,Combustíveis e lubrificantes,8441.93
190002543065,Despesa com Impulsionamento de Conteúdos,1500.0
190002543065,Despesas com pessoal,314432.0
190002543065,Locação/cessão de bens imóveis,25000.0
190002543065,Publicidade por adesivos,54797.0
190002543065,Publicidade por materiais impressos,79725.0
190002543065,Serviços advocatícios,35000.0
190002543065,Serviços contábeis,23000.0
190002543065,Serviços prestados por terceiros,53600.0
190002543067,Despesas com pessoal,10000.0
190002543067,Serviços advocatícios,3500.0
190002543067,Serviços contábeis,3380.0
190002543068,Despesas com pessoal,14362.0
190002543068,Despesas com transporte ou deslocamento,150.0
190002543068,"Encargos financeiros, taxas bancárias e/ou op. cartão de crédito",2.0
190002543068,Publicidade por adesivos,2300.0
190002543068,Serviços advocatícios,5000.0
190002543068,Serviços contábeis,1500.0
190002543068,Serviços prestados por terceiros,21500.0
190002543070,Atividades de militância e mobilização de rua,15000.0
190002543070,Cessão ou locação de veículos,26500.0
190002543070,Despesas com Hospedagem,3000.0
190002543070,Despesas com pessoal,622000.0
190002543070,"Encargos financeiros, taxas bancárias e/ou op. cartão de crédito",13.5
190002543070,Locação/cessão de bens imóveis,500.0
190002543070,Publicidade por adesivos,26256.75
190002543070,Publicidade por materiais impressos,289661.5
190002543070,Serviços advocatícios,30000.0
190002543070,Serviços contábeis,20000.0
190002543072,Cessão ou locação de veículos,52000.0
190002543072,Combustíveis e lubrificantes,1074.5900000000001
190002543072,Despesas com pessoal,278000.0
190002543072,Despesas com transporte ou deslocamento,15000.0
190002543072,Locação/cessão de bens imóveis,23250.0
190002543072,"Produção de jingles, vinhetas e slogans",21000.0
190002543072,Publicidade por adesivos,139423.0
190002543072,Publicidade por materiais impressos,72425.0
190002543072,Serviços advocatícios,60000.0
190002543072,Serviços contábeis,20000.0
190002543072,Serviços prestados por terceiros,50000.0
190002543073,Alimentação,2001.1399999999999
190002543073,Atividades de militância e mobilização de rua,800.0
190002543073,Combustíveis e lubrificantes,443.88
190002543073,Despesas com Hospedagem,940.0
190002543073,Despesas com pessoal,4160.0
190002543073,"Encargos financeiros, taxas bancárias e/ou op. cartão de crédito",5.5
190002543073,"Impostos, contribuições e taxas",23.799999999999997
190002543073,Taxa de Administração de Financiamento Coletivo,54.63
190002543073,Água,117.7
190002543074,Alimentação,6120.0
190002543074,Cessão ou locação de veículos,15170.0
190002543074,Combustíveis e lubrificantes,8000.0
190002543074,Despesa com Impulsionamento de Conteúdos,40000.0
190002543074,Despesas com pessoal,16200.0
190002543074,"Encargos financeiros, taxas bancárias e/ou op. cartão de crédito",26.7
190002543074,Publicidade por adesivos,270.56
190002543074,Publicidade por jornais e revistas,5216.4
190002543074,Publicidade por materiais impressos,25752.22
190002543074,Serviços prestados por terceiros,5000.0
190002543077,Atividades de militância e mobilização de rua,656823.0
190002543077,Cessão ou locação de veículos,5250.0
190002543077,Despesa com Impulsionamento de Conteúdos,25250.0
190002543077,Despesas com pessoal,19000.0
190002543077,"Produção de programas de rádio, televisão ou vídeo",5375.0
190002543077,Publicidade por materiais impressos,149990.0
190002543077,Serviços advocatícios,30000.0
190002543077,Serviços contábeis,36000.0
190002543077,Serviços prestados por terceiros,18000.0
190002543078,Serviços advocatícios,500.0
190002543078,Serviços contábeis,960.0
190002543079,Despesas com pessoal,7000.0
190002543079,"Encargos financeiros, taxas bancárias e/ou op. cartão de crédito",1.0
190002543079,Serviços advocatícios,5000.0
190002543079,Serviços contábeis,4000.0
190002543080,Cessão ou locação de veículos,31500.0
190002543080,Despesa com Impulsionamento de Conteúdos,70000.0
190002543080,Despesas com pessoal,1021633.0
190002543080,"Encargos financeiros, taxas bancárias e/ou op. cartão de crédito",139.5
190002543080,Locação/cessão de bens imóveis,4000.0
190002543080,Publicidade por adesivos,62000.0
190002543080,Publicidade por materiais impressos,99530.0
190002543080,Serviços advocatícios,35000.0
190002543080,Serviços contábeis,8000.0
190002543080,Taxa de Administração de Financiamento Coletivo,170.95
190002543081,Atividades de militância e mobilização de rua,4000.0
190002543081,Despesas com pessoal,2000.0
190002543083,Atividades de militância e mobilização de rua,7000.0
190002543083,Despesa com Impulsionamento de Conteúdos,3024.0
190002543083,Despesas com pessoal,50750.0
190002543083,Doações financeiras a outros candidatos/partidos,309000.0
190002543083,"Encargos financeiros, taxas bancárias e/ou op. cartão de crédito",1.0
190002543083,Locação/cessão de bens imóveis,7000.0
190002543083,"Produção de jingles, vinhetas e slogans",10500.0
190002543083,Publicidade por materiais impressos,735.0
190002543083,Serviços advocatícios,11250.0
190002543084,Despesa com Impulsionamento de Conteúdos,100.0
190002543084,Despesas com pessoal,15000.0
190002543084,"Encargos financeiros, taxas bancárias e/ou op. cartão de crédito",2.0
190002543084,Locação/cessão de bens imóveis,7000.0
190002543084,Serviços advocatícios,2000.0
190002543084,Serviços contábeis,1885.0
190002543084,Serviços prestados por terceiros,4000.0
190002543086,"Encargos financeiros, taxas bancárias e/ou op. cartão de crédito",1.5
190002543086,Locação/cessão de bens imóveis,10000.0
190002543086,"Produção de jingles, vinhetas e slogans",1944.0
190002543086,Publicidade por adesivos,5778.0
190002543086,Publicidade por materiais impressos,10907.5
190002543086,Serviços contábeis,3000.0
190002543087,Atividades de militância e mobilização de rua,251840.0
190002543087,Cessão ou locação de veículos,58800.0
190002543087,Despesa com Impulsionamento de Conteúdos,77000.0
190002543087,Diversas a especificar,720.0
190002543087,Locação/cessão de bens imóveis,39900.0
190002543087,Publicidade por jornais e revistas,3450.0
190002543087,Publicidade por materiais impressos,164900.5
190002543087,Serviços advocatícios,25000.0
190002543087,Serviços contábeis,25000.0
190002543087,Serviços prestados por terceiros,300440.0
190002543089,Atividades de militância e mobilização de rua,748401.01
190002543089,Cessão ou locação de veículos,60300.0
190002543089,Despesa com Impulsionamento de Conteúdos,70000.0
190002543089,Despesas com pessoal,165450.0
190002543089,"Encargos financeiros, taxas bancárias e/ou op. cartão de crédito",678.8
190002543089,Locação/cessão de bens imóveis,15371.54
190002543089,Materiais de expediente,1492.8500000000001
190002543089,Publicidade por adesivos,22569.38
190002543089,Publicidade por materiais impressos,140687.5
190002543089,Serviços advocatícios,90000.0
190002543089,Serviços contábeis,40000.0
190002543089,Serviços prestados por terceiros,43158.0
190002543091,Atividades de militância e mobilização de rua,130640.0
190002543091,Despesa com Impulsionamento de Conteúdos,102860.55
190002543091,Despesas com pessoal,10000.0
190002543091,"Encargos financeiros, taxas bancárias e/ou op. cartão de crédito",71.6
190002543091,Locação/cessão de bens imóveis,9000.0
190002543091,Pré-instalação física de comitê de campanha,78000.0
190002543091,Serviços advocatícios,25000.0
190002543091,Serviços contábeis,15000.0
190002543091,Serviços prestados por terceiros,283000.0
190002543091,Taxa de Administração de Financiamento Coletivo,752.13
190002543092,Despesa com Impulsionamento de Conteúdos,200000.0
190002543092,Despesas com pessoal,222600.0
190002543092,Despesas com transporte ou deslocamento,30000.0
190002543092,"Encargos financeiros, taxas bancárias e/ou op. cartão de crédito",3.0
190002543092,Locação/cessão de bens imóveis,16197.52
190002543092,Publicidade por adesivos,27210.75
190002543092,Publicidade por materiais impressos,124862.5
190002543092,Serviços contábeis,22050.0
190002543092,Serviços prestados por terceiros,115500.0
190002543092,Taxa de Administração de Financiamento Coletivo,1524.68
190002543093,Cessão ou locação de veículos,40000.0
190002543093,Despesa com Impulsionamento de Conteúdos,325250.0
190002543093,Despesas com pessoal,198600.0
190002543093,"Encargos financeiros, taxas bancárias e/ou op. cartão de crédito",29.5
190002543093,Locação/cessão de bens imóveis,21600.0
190002543093,Publicidade por adesivos,87725.0
190002543093,Publicidade por materiais impressos,111810.0
190002543093,Serviços contábeis,14345.0
190002543093,Serviços prestados por terceiros,169787.5
190002543095,Atividades de militância e mobilização de rua,59360.0
190002543095,Cessão ou locação de veículos,101300.0
190002543095,Combustíveis e lubrificantes,3599.0
190002543095,Despesa com Impulsionamento de Conteúdos,50000.0
190002543095,Despesas com pessoal,12000.0
190002543095,"Encargos financeiros, taxas bancárias e/ou op. cartão de crédito",75.96
190002543095,Locação/cessão de bens imóveis,34000.0
190002543095,Publicidade por adesivos,59210.0
190002543095,Publicidade por materiais impressos,205057.25
190002543095,Serviços advocatícios,91400.0
190002543095,Serviços contábeis,45700.0
190002543096,Atividades de militância e mobilização de rua,947792.0
190002543096,Cessão ou locação de veículos,56000.0
190002543096,Combustíveis e lubrificantes,11896.97
190002543096,Criação e inclusão de páginas na internet,250000.0
190002543096,Despesa com Impulsionamento de Conteúdos,240000.0
190002543096,"Encargos financeiros, taxas bancárias e/ou op. cartão de crédito",284.0
190002543096,Locação/cessão de bens imóveis,15000.0
190002543096,"Produção de programas de rádio, televisão ou vídeo",29900.0
190002543096,Publicidade por materiais impressos,339680.0
190002543096,Serviços advocatícios,130000.0
190002543096,Serviços contábeis,70000.0
190002543096,Serviços prestados por terceiros,127250.0
190002543096,Taxa de Administração de Financiamento Coletivo,280.61
190002543097,Atividades de militância e mobilização de rua,522276.64
190002543097,Cessão ou locação de veículos,5250.0
190002543097,Combustíveis e lubrificantes,4135.64
190002543097,Despesa com Impulsionamento de Conteúdos,146005.0
190002543097,Despesas com pessoal,169250.0
190002543097,Locação/cessão de bens imóveis,16500.0
190002543097,Publicidade por adesivos,4750.0
190002543097,Publicidade por carros de som,2174.0
190002543097,Publicidade por materiais impressos,75915.0
190002543097,Serviços advocatícios,22000.0
190002543097,Serviços contábeis,26000.0
190002543097,Serviços prestados por terceiros,92775.0
190002543097,Serviços próprios prestados por terceiros,10000.0
190002543097,Taxa de Administração de Financiamento Coletivo,6103.88
190002543100,Serviços contábeis,960.0
190002543101,Atividades de militância e mobilização de rua,178400.0
190002543101,Cessão ou locação de veículos,49600.0
190002543101,Correspondências e despesas postais,143323.13
190002543101,Despesa com Impulsionamento de Conteúdos,865000.0
190002543101,Diversas a especificar,515136.80000000005
190002543101,"Encargos financeiros, taxas bancárias e/ou op. cartão de crédito",13.0
190002543101,Locação/cessão de bens imóveis,57500.0
190002543101,Publicidade por adesivos,461504.38
190002543101,Publicidade por carros de som,15000.0
190002543101,Publicidade por materiais impressos,131170.0
190002543101,Serviços advocatícios,70000.0
190002543101,Serviços contábeis,70000.0
190002543101,Serviços prestados por terceiros,111000.0
190002543102,Aquisição/Doação de bens móveis ou imóveis,21147.0
190002543102,Atividades de militância e mobilização de rua,289067.0
190002543102,Cessão ou locação de veículos,68068.0
190002543102,Criação e inclusão de páginas na internet,37000.0
190002543102,Despesa com Impulsionamento de Conteúdos,161900.02
190002543102,Despesas com pessoal,20900.0
190002543102,"Encargos financeiros, taxas bancárias e/ou op. cartão de crédito",26.5
190002543102,Locação/cessão de bens imóveis,30000.0
190002543102,Publicidade por adesivos,5900.0
190002543102,Publicidade por jornais e revistas,90750.0
190002543102,Publicidade por materiais impressos,176725.0
190002543102,Serviços advocatícios,5000.0
190002543102,Serviços contábeis,50000.0
190002543103,Despesas com pessoal,98800.0
190002543103,Despesas com transporte ou deslocamento,7000.0
190002543103,"Encargos financeiros, taxas bancárias e/ou op. cartão de crédito",3.5
190002543103,Publicidade por adesivos,4500.0
190002543103,Publicidade por materiais impressos,22800.0
190002543103,Serviços advocatícios,30000.0
190002543103,Serviços contábeis,3442.5
190002543103,Serviços prestados por terceiros,7000.0
190002543104,Despesa com Impulsionamento de Conteúdos,50000.0
190002543104,Despesas com pessoal,1049250.0
190002543104,Despesas com transporte ou deslocamento,28000.0
190002543104,Doações financeiras a outros candidatos/partidos,31000.0
190002543104,"Encargos financeiros, taxas bancárias e/ou op. cartão de crédito",1.5
190002543104,Locação/cessão de bens imóveis,3500.0
190002543104,Locação/cessão de bens móveis (exceto veículos),120000.0
190002543104,"Produção de programas de rádio, televisão ou vídeo",200000.0
190002543104,Publicidade por adesivos,44805.0
190002543104,Publicidade por materiais impressos,295030.0
190002543104,Serviços advocatícios,40000.0
190002543104,Serviços contábeis,28690.0
190002543104,Serviços prestados por terceiros,100000.0
190002543104,Taxa de Administração de Financiamento Coletivo,166.41
190002543213,Atividades de militância e mobilização de rua,768043.0
190002543213,Cessão ou locação de veículos,69000.0
190002543213,Despesa com Impulsionamento de Conteúdos,500000.0
190002543213,Despesas com pessoal,10900.0
190002543213,"Encargos financeiros, taxas bancárias e/ou op. cartão de crédito",3378.08
190002543213,Eventos de promoção da candidatura,141070.0
190002543213,Locação/cessão de bens imóveis,25000.0
190002543213,Publicidade por adesivos,222066.5
190002543213,Publicidade por materiais impressos,203060.0
190002543213,Serviços advocatícios,30000.0
190002543213,Serviços prestados por terceiros,170720.0
190002543254,Despesa com Impulsionamento de Conteúdos,800.0
190002543254,Despesas com pessoal,21800.0
190002543254,"Encargos financeiros, taxas bancárias e/ou op. cartão de crédito",5.0
190002543254,Publicidade por materiais impressos,2480.0
190002543257,"Encargos financeiros, taxas bancárias e/ou op. cartão de crédito",2.0
190002543257,Publicidade por materiais impressos,1185.0
190002543257,Serviços prestados por terceiros,10000.0
190002543261,Alimentação,421.46
190002543261,Combustíveis e lubrificantes,459.5
190002543261,Despesa com Impulsionamento de Conteúdos,2000.0
190002543261,Despesas com pessoal,10500.0
190002543261,"Encargos financeiros, taxas bancárias e/ou op. cartão de crédito",0.5
190002543261,Publicidade por materiais impressos,1330.0
190002543264,"Encargos financeiros, taxas bancárias e/ou op. cartão de crédito",3.0
190002543264,Serviços prestados por terceiros,20497.0
190002543269,Criação e inclusão de páginas na internet,4000.0
190002543269,Despesa com Impulsionamento de Conteúdos,11119.9
190002543269,Doações financeiras a outros candidatos/partidos,10000.0
190002543269,"Encargos financeiros, taxas bancárias e/ou op. cartão de crédito",3.69
190002543269,Publicidade por materiais impressos,25000.0
190002543269,Serviços advocatícios,2000.0
190002543269,Serviços contábeis,6000.0
190002543270,Despesas com pessoal,30000.0
190002543270,"Encargos financeiros, taxas bancárias e/ou op. cartão de crédito",7.5
190002543271,Cessão ou locação de veículos,25000.0
190002543271,Despesa com Impulsionamento de Conteúdos,42000.0
190002543271,Despesas com pessoal,80600.0
190002543271,"Encargos financeiros, taxas bancárias e/ou op. cartão de crédito",16.5
190002543272,"Encargos financeiros, taxas bancárias e/ou op. cartão de crédito",303.1
190002543272,Publicidade por materiais impressos,1197.5
190002543272,Serviços prestados por terceiros,20200.0
190002543273,Despesas com pessoal,9000.0
190002543273,"Encargos financeiros, taxas bancárias e/ou op. cartão de crédito",1.0
190002543277,Despesas com pessoal,24590.0
190002543277,"Encargos financeiros, taxas bancárias e/ou op. cartão de crédito",4.0
190002543277,Publicidade por materiais impressos,400.0
190002543278,Cessão ou locação de veículos,36000.0
190002543278,Despesa com Impulsionamento de Conteúdos,10000.0
190002543278,Despesas com pessoal,64800.0
190002543278,Publicidade por materiais impressos,210550.0
190002543279,"Encargos financeiros, taxas bancárias e/ou op. cartão de crédito",252.60000000000002
190002543279,Publicidade por adesivos,3500.0
190002543279,Publicidade por materiais impressos,7585.0
190002543279,Serviços prestados por terceiros,20000.0
190002543281,Combustíveis e lubrificantes,306.38
190002543281,Despesas com pessoal,24000.0
190002543282,Cessão ou locação de veículos,2000.0
190002543282,Despesas com pessoal,3242.0
190002543282,Publicidade por materiais impressos,4000.0
190002543285,Cessão ou locação de veículos,10000.0
190002543285,Despesas com pessoal,214000.0
190002543285,"Produção de jingles, vinhetas e slogans",5000.0
190002543286,Despesas com pessoal,5600.0
190002543287,Despesa com Impulsionamento de Conteúdos,500.0
190002543288,Cessão ou locação de veículos,5800.7
190002543288,Combustíveis e lubrificantes,150.0
190002543288,Despesas com pessoal,23000.0
190002543288,"Encargos financeiros, taxas bancárias e/ou op. cartão de crédito",33.45
190002543290,"Encargos financeiros, taxas bancárias e/ou op. cartão de crédito",0.5
190002543290,Serviços prestados por terceiros,26000.0
190002543291,Combustíveis e lubrificantes,154.78
190002543291,Despesas com pessoal,24000.0
190002543334,Despesa com Impulsionamento de Conteúdos,2000.0
190002543334,Diversas a especificar,2400.0
190002543334,Serviços contábeis,8000.0
190002543335,Despesa com Impulsionamento de Conteúdos,880.0
190002543335,Publicidade por adesivos,2000.0
190002543335,Publicidade por materiais impressos,13080.0
190002543335,Serviços contábeis,2339.0
190002543335,Serviços prestados por terceiros,800.0
190002543337,Cessão ou locação de veículos,18800.0
190002543337,Despesa com Impulsionamento de Conteúdos,33000.0
190002543337,Diversas a especificar,5680.0
190002543337,"Encargos financeiros, taxas bancárias e/ou op. cartão de crédito",2.0
190002543337,Publicidade por adesivos,16856.25
190002543337,Publicidade por carros de som,400.0
190002543337,Publicidade por materiais impressos,37450.0
190002543338,Publicidade por materiais impressos,550.0
190002543339,Atividades de militância e mobilização de rua,6484.0
190002543339,Diversas a especificar,50000.0
190002543339,"Encargos financeiros, taxas bancárias e/ou op. cartão de crédito",5.0
190002543339,Publicidade por adesivos,270.0
190002543339,Publicidade por materiais impressos,5794.8
190002543339,Serviços advocatícios,3000.0
190002543339,Serviços contábeis,3000.0
190002543341,Despesas com pessoal,1000.0
190002543342,Alimentação,39.11
190002543342,Despesa com Impulsionamento de Conteúdos,120.0
190002543342,Despesas com pessoal,14000.0
190002543342,Diversas a especificar,384.89
190002543342,Publicidade por materiais impressos,785.0
190002543342,Serviços prestados por terceiros,4670.0
190002543343,Despesa com Impulsionamento de Conteúdos,6000.0
190002543343,"Encargos financeiros, taxas bancárias e/ou op. cartão de crédito",2.0
190002543343,Publicidade por materiais impressos,3470.0
190002543343,Serviços advocatícios,3000.0
190002543343,Serviços contábeis,3000.0
190002543344,Atividades de militância e mobilização de rua,249000.0
190002543344,Cessão ou locação de veículos,20000.0
190002543344,Combustíveis e lubrificantes,1566.6999999999998
190002543344,Despesa com Impulsionamento de Conteúdos,1000.0
190002543344,Despesas com pessoal,40000.0
190002543344,"Encargos financeiros, taxas bancárias e/ou op. cartão de crédito",120.1
190002543344,Publicidade por adesivos,231260.0
190002543344,Publicidade por materiais impressos,250000.0
190002543344,Serviços advocatícios,125000.0
190002543344,Serviços contábeis,50000.0
190002543345,Atividades de militância e mobilização de rua,236116.07
190002543345,Criação e inclusão de páginas na internet,40.0
190002543345,Despesa com Impulsionamento de Conteúdos,4000.0
190002543345,Diversas a especificar,27950.0
190002543345,"Encargos financeiros, taxas bancárias e/ou op. cartão de crédito",52.0
190002543345,Eventos de promoção da candidatura,4000.0
190002543345,Locação/cessão de bens imóveis,33500.0
190002543345,Publicidade por adesivos,3400.0
190002543345,Publicidade por materiais impressos,60412.0
190002543345,Serviços contábeis,7500.0
190002543345,Serviços prestados por terceiros,6000.0
190002543346,Despesa com Impulsionamento de Conteúdos,14291.119999999999
190002543346,"Encargos financeiros, taxas bancárias e/ou op. cartão de crédito",1.0
190002543346,Publicidade por materiais impressos,9295.0
190002543346,Serviços advocatícios,1500.0
190002543346,Serviços contábeis,1500.0
190002543347,Alimentação,10800.0
190002543347,Atividades de militância e mobilização de rua,716272.0
190002543347,Cessão ou locação de veículos,100000.0
190002543347,Combustíveis e lubrificantes,3096.75
190002543347,Despesa com Impulsionamento de Conteúdos,110000.0
190002543347,"Encargos financeiros, taxas bancárias e/ou op. cartão de crédito",31.5
190002543347,Publicidade por jornais e revistas,3960.0
190002543347,Publicidade por materiais impressos,523753.3
190002543347,Serviços advocatícios,80000.0
190002543347,Serviços contábeis,40000.0
190002543347,Serviços prestados por terceiros,57880.0
190002543348,Serviços prestados por terceiros,30000.0
190002543349,Atividades de militância e mobilização de rua,21000.0
190002543349,Cessão ou locação de veículos,4000.0
190002543349,Combustíveis e lubrificantes,1000.0
190002543349,"Encargos financeiros, taxas bancárias e/ou op. cartão de crédito",7.5
190002543349,Publicidade por adesivos,6420.0
190002543349,Publicidade por materiais impressos,3875.0
190002543349,Serviços advocatícios,3000.0
190002543349,Serviços contábeis,3000.0
190002543350,Cessão ou locação de veículos,1572.4
190002543350,Combustíveis e lubrificantes,250.0
190002543350,Despesas com pessoal,5500.0
190002543350,"Encargos financeiros, taxas bancárias e/ou op. cartão de crédito",2.5
190002543351,Publicidade por materiais impressos,1950.0
190002543353,Despesa com Impulsionamento de Conteúdos,5000.0
190002543353,Despesas com pessoal,34000.0
190002543353,"Encargos financeiros, taxas bancárias e/ou op. cartão de crédito",5.5
190002543353,Locação/cessão de bens imóveis,5000.0
190002543353,"Produção de jingles, vinhetas e slogans",1000.0
190002543353,"Produção de programas de rádio, televisão ou vídeo",30000.0
190002543353,Publicidade por adesivos,34000.0
190002543353,Publicidade por materiais impressos,20700.0
190002543353,Serviços advocatícios,40000.0
190002543353,Serviços contábeis,30000.0
190002543353,Serviços prestados por terceiros,70000.0
190002543354,Despesa com Impulsionamento de Conteúdos,150.0
190002543354,Despesas com pessoal,7658.96
190002543354,"Encargos financeiros, taxas bancárias e/ou op. cartão de crédito",2.5
190002543354,Locação/cessão de bens imóveis,350.0
190002543354,Serviços prestados por terceiros,2265.9300000000003
190002543356,Atividades de militância e mobilização de rua,16997.92
190002543356,"Encargos financeiros, taxas bancárias e/ou op. cartão de crédito",1.0
190002543356,Publicidade por materiais impressos,790.0
190002543357,Despesas com pessoal,7700.0
190002543357,Publicidade por materiais impressos,5708.0
190002543359,Eventos de promoção da candidatura,2100.0
190002543359,"Produção de programas de rádio, televisão ou vídeo",2297.0
190002543359,Publicidade por materiais impressos,1325.0
190002543359,Serviços advocatícios,10000.0
190002543361,"Encargos financeiros, taxas bancárias e/ou op. cartão de crédito",1.0
190002543361,Publicidade por materiais impressos,7075.0
190002543361,Serviços advocatícios,1000.0
190002543362,Serviços próprios prestados por terceiros,400.0
190002543363,Atividades de militância e mobilização de rua,369600.0
190002543363,Cessão ou locação de veículos,57278.94
190002543363,Combustíveis e lubrificantes,6163.23
190002543363,Locação/cessão de bens imóveis,43770.0
190002543363,"Produção de jingles, vinhetas e slogans",3000.0
190002543363,Publicidade por adesivos,101044.0
190002543363,Publicidade por materiais impressos,288051.3
190002543363,Serviços prestados por terceiros,50000.0
190002543364,Despesa com Impulsionamento de Conteúdos,323.38
190002543367,Atividades de militância e mobilização de rua,5200.0
190002543367,Despesa com Impulsionamento de Conteúdos,9959.0
190002543367,"Encargos financeiros, taxas bancárias e/ou op. cartão de crédito",1.0
190002543367,Locação/cessão de bens imóveis,1650.0
190002543367,Publicidade por materiais impressos,106598.0
190002543367,Serviços advocatícios,4000.0
190002543368,"Encargos financeiros, taxas bancárias e/ou op. cartão de crédito",0.5
190002543368,Serviços prestados por terceiros,3700.0
190002543369,Atividades de militância e mobilização de rua,24000.0
190002543369,"Encargos financeiros, taxas bancárias e/ou op. cartão de crédito",5.0
190002543369,Serviços contábeis,1500.0
190002543370,Cessão ou locação de veículos,3500.0
190002543370,Despesas com pessoal,26400.0
190002543370,"Encargos financeiros, taxas bancárias e/ou op. cartão de crédito",4.5
190002543371,Despesa com Impulsionamento de Conteúdos,200.0
190002543372,Atividades de militância e mobilização de rua,72200.0
190002543372,Despesa com Impulsionamento de Conteúdos,1800.0
190002543372,"Encargos financeiros, taxas bancárias e/ou op. cartão de crédito",9.0
190002543372,Publicidade por materiais impressos,14830.0
190002543372,Serviços advocatícios,4000.0
190002543372,Serviços contábeis,4000.0
190002543373,Atividades de militância e mobilização de rua,23035.65
190002543373,Cessão ou locação de veículos,26061.059999999998
190002543373,Combustíveis e lubrificantes,3691.86
190002543373,Diversas a especificar,374.02
190002543373,"Encargos financeiros, taxas bancárias e/ou op. cartão de crédito",25.5
190002543373,Locação/cessão de bens imóveis,1500.0
190002543373,"Produção de jingles, vinhetas e slogans",2600.0
190002543373,Publicidade por adesivos,4945.0
190002543373,Publicidade por materiais impressos,27800.0
190002543373,Serviços prestados por terceiros,3000.0
190002543374,Cessão ou locação de veículos,7500.0
190002543374,Combustíveis e lubrificantes,558.56
190002543374,Criação e inclusão de páginas na internet,40.01
190002543374,Despesa com Impulsionamento de Conteúdos,100.11
190002543374,Despesas com pessoal,3479.44
190002543374,Serviços prestados por terceiros,2190.0
190002543375,Atividades de militância e mobilização de rua,1200.0
190002543375,"Encargos financeiros, taxas bancárias e/ou op. cartão de crédito",6.0
190002543375,Eventos de promoção da candidatura,1900.0
190002543375,Locação/cessão de bens imóveis,3800.0
190002543375,"Produção de jingles, vinhetas e slogans",3150.0
190002543375,Publicidade por adesivos,2680.0
190002543375,Publicidade por materiais impressos,4308.0
190002543375,Serviços advocatícios,2000.0
190002543375,Serviços contábeis,4000.0
190002543375,Serviços prestados por terceiros,2000.0
190002543376,Despesa com Impulsionamento de Conteúdos,3000.0
190002543378,Cessão ou locação de veículos,20000.0
190002543378,Despesa com Impulsionamento de Conteúdos,16000.0
190002543378,"Encargos financeiros, taxas bancárias e/ou op. cartão de crédito",43.8
190002543378,"Produção de programas de rádio, televisão ou vídeo",46218.9
190002543378,Serviços contábeis,25000.0
190002543378,Serviços prestados por terceiros,16000.0
190002543508,Despesa com Impulsionamento de Conteúdos,1500.0
190002543508,"Encargos financeiros, taxas bancárias e/ou op. cartão de crédito",0.5
190002543508,Publicidade por adesivos,964.0
190002543508,Serviços prestados por terceiros,2045.99
190002543509,Criação e inclusão de páginas na internet,40.0
190002543509,Despesa com Impulsionamento de Conteúdos,600.0
190002543509,"Encargos financeiros, taxas bancárias e/ou op. cartão de crédito",0.5
190002543509,Publicidade por materiais impressos,155.0
190002543509,Taxa de Administração de Financiamento Coletivo,3.72
190002543510,Alimentação,18.0
190002543510,Combustíveis e lubrificantes,100.0
190002543510,"Encargos financeiros, taxas bancárias e/ou op. cartão de crédito",0.5
190002543510,Materiais de expediente,2444.0
190002543510,Taxa de Administração de Financiamento Coletivo,5.71
190002543511,"Encargos financeiros, taxas bancárias e/ou op. cartão de crédito",0.5
190002543511,Publicidade por materiais impressos,968.27
190002543512,"Encargos financeiros, taxas bancárias e/ou op. cartão de crédito",1.5
190002543512,Publicidade por materiais impressos,3674.78
190002543513,Despesa com Impulsionamento de Conteúdos,3500.0
190002543513,"Encargos financeiros, taxas bancárias e/ou op. cartão de crédito",0.5
190002543513,Publicidade por materiais impressos,390.0
190002543513,Taxa de Administração de Financiamento Coletivo,18.62
190002543514,Combustíveis e lubrificantes,248.29
190002543514,Despesas com pessoal,1000.0
190002543514,Diversas a especificar,2688.4
190002543514,"Encargos financeiros, taxas bancárias e/ou op. cartão de crédito",2.0
190002543515,Alimentação,428.27
190002543515,Aquisição/Doação de bens móveis ou imóveis,640.32
190002543515,Combustíveis e lubrificantes,411.84
190002543515,Despesas com pessoal,1621.0
190002543515,Despesas com transporte ou deslocamento,30.0
190002543515,Materiais de expediente,214.98
190002543515,Publicidade por materiais impressos,882.5
190002543515,Taxa de Administração de Financiamento Coletivo,19.64
190002543515,Água,61.5
190002543516,Combustíveis e lubrificantes,690.65
190002543516,Despesa com Impulsionamento de Conteúdos,50.0
190002543516,"Encargos financeiros, taxas bancárias e/ou op. cartão de crédito",2.0
190002543516,Publicidade por materiais impressos,1310.0
190002543516,Serviços prestados por terceiros,2930.0
190002543517,Despesa com Impulsionamento de Conteúdos,38000.0
190002543517,"Encargos financeiros, taxas bancárias e/ou op. cartão de crédito",3.0
190002543517,Materiais de expediente,430.49
190002543517,Publicidade por materiais impressos,14840.109999999999
190002543517,Taxa de Administração de Financiamento Coletivo,950.7
190002543518,Despesas com transporte ou deslocamento,107.97
190002543518,"Encargos financeiros, taxas bancárias e/ou op. cartão de crédito",0.5
190002543518,Publicidade por adesivos,70.0
190002543518,Taxa de Administração de Financiamento Coletivo,9.28
190002543519,Diversas a especificar,138.4
190002543519,"Encargos financeiros, taxas bancárias e/ou op. cartão de crédito",2.0
190002543519,Publicidade por materiais impressos,4407.6
190002543519,Taxa de Administração de Financiamento Coletivo,13.44
190002543520,Atividades de militância e mobilização de rua,750.0
190002543520,"Encargos financeiros, taxas bancárias e/ou op. cartão de crédito",2.5
190002543520,Publicidade por materiais impressos,2297.0
190002543520,Serviços prestados por terceiros,1050.0
190002543521,"Encargos financeiros, taxas bancárias e/ou op. cartão de crédito",1.0
190002543521,Serviços prestados por terceiros,2000.0
190002543522,Criação e inclusão de páginas na internet,40.0
190002543522,"Encargos financeiros, taxas bancárias e/ou op. cartão de crédito",0.5
190002543522,Publicidade por materiais impressos,3400.0
190002543522,Taxa de Administração de Financiamento Coletivo,15.74
190002543524,Alimentação,316.59000000000003
190002543524,Cessão ou locação de veículos,762.67
190002543524,Combustíveis e lubrificantes,337.47
190002543524,Correspondências e despesas postais,444.25
190002543524,Despesa com Impulsionamento de Conteúdos,57.0
190002543524,Despesas com Hospedagem,190.0
190002543524,Despesas com pessoal,1600.0
190002543524,"Encargos financeiros, taxas bancárias e/ou op. cartão de crédito",3.0
190002543524,Materiais de expediente,19.0
190002543524,Publicidade por materiais impressos,1835.0
190002543524,Taxa de Administração de Financiamento Coletivo,69.87
190002543524,Água,150.07999999999998
190002543525,Atividades de militância e mobilização de rua,27.9
190002543525,Despesa com Impulsionamento de Conteúdos,2500.0
190002543525,"Encargos financeiros, taxas bancárias e/ou op. cartão de crédito",1.0
190002543525,Publicidade por materiais impressos,821.5
190002543526,"Encargos financeiros, taxas bancárias e/ou op. cartão de crédito",1.0
190002543526,Publicidade por materiais impressos,1200.0
190002543526,Serviços prestados por terceiros,2473.7799999999997
190002543529,"Encargos financeiros, taxas bancárias e/ou op. cartão de crédito",0.5
190002543530,"Encargos financeiros, taxas bancárias e/ou op. cartão de crédito",2.0
190002543530,Materiais de expediente,1251.76
190002543530,Publicidade por materiais impressos,1498.0
190002543530,Taxa de Administração de Financiamento Coletivo,44.79
190002543531,Publicidade por jornais e revistas,250.0
190002543531,Publicidade por materiais impressos,860.0
190002543531,Taxa de Administração de Financiamento Coletivo,1.49
190002543874,Publicidade por materiais impressos,900.0
190002543876,"Encargos financeiros, taxas bancárias e/ou op. cartão de crédito",0.5
190002543876,Publicidade por materiais impressos,382.8
190002543880,Serviços contábeis,3800.0
190002543885,Publicidade por materiais impressos,1252.5
190002543885,Serviços advocatícios,1000.0
190002543885,Serviços contábeis,1000.0
190002543887,Despesa com Impulsionamento de Conteúdos,1850.0
190002543887,Despesas com pessoal,4400.0
190002543887,"Encargos financeiros, taxas bancárias e/ou op. cartão de crédito",1.0
190002543887,Publicidade por materiais impressos,3700.0
190002543887,Serviços advocatícios,1000.0
190002543887,Serviços contábeis,1000.0
190002543891,Publicidade por materiais impressos,3150.0
190002543893,Serviços contábeis,1000.0
190002543894,Atividades de militância e mobilização de rua,170.0
190002543894,Despesas com pessoal,9000.0
190002543894,Serviços advocatícios,1500.0
190002543894,Serviços contábeis,1000.0
190002543899,"Impostos, contribuições e taxas",13.0
190002543899,Publicidade por materiais impressos,1500.0
190002543901,Serviços advocatícios,500.0
190002543901,Serviços contábeis,500.0
190002543903,Despesa com Impulsionamento de Conteúdos,14000.0
190002543903,Serviços advocatícios,1000.0
190002543903,Serviços contábeis,1000.0
190002543904,Locação/cessão de bens imóveis,26900.0
190002543904,Locação/cessão de bens móveis (exceto veículos),18000.0
190002543904,Serviços contábeis,1000.0
190002543904,Serviços prestados por terceiros,1400.0
190002543905,"Encargos financeiros, taxas bancárias e/ou op. cartão de crédito",84.2
190002543905,Publicidade por adesivos,2990.0
190002543913,Serviços advocatícios,1500.0
190002543913,Serviços contábeis,1500.0
190002543914,Publicidade por adesivos,2060.0
190002543914,Publicidade por materiais impressos,2200.0
190002543914,Taxa de Administração de Financiamento Coletivo,163.57
190002543915,Despesa com Impulsionamento de Conteúdos,4000.0
190002543915,Diversas a especificar,12500.0
190002543915,"Encargos financeiros, taxas bancárias e/ou op. cartão de crédito",2.0
190002543915,Locação/cessão de bens imóveis,4000.0
190002543915,"Produção de jingles, vinhetas e slogans",500.0
190002543915,Pré-instalação física de comitê de campanha,600.0
190002543915,Serviços advocatícios,2000.0
190002543915,Serviços contábeis,4000.0
190002547242,"Encargos financeiros, taxas bancárias e/ou op. cartão de crédito",1.0
190002547242,Publicidade por materiais impressos,475.0
190002547255,Serviços advocatícios,2500.0
190002547255,Serviços contábeis,1500.0
190002547256,Publicidade por materiais impressos,419.0
190002547262,Publicidade por materiais impressos,7300.0
190002548581,Despesas com pessoal,17800.0
190002548581,"Encargos financeiros, taxas bancárias e/ou op. cartão de crédito",1.0
190002548582,Despesas com pessoal,24997.0
190002548582,"Encargos financeiros, taxas bancárias e/ou op. cartão de crédito",3.0
190002548584,Despesa com Impulsionamento de Conteúdos,16539.989999999998
190002548584,"Encargos financeiros, taxas bancárias e/ou op. cartão de crédito",0.5
190002548584,Publicidade por materiais impressos,2300.0
190002548584,Serviços prestados por terceiros,10000.0
190002548585,Despesas com pessoal,8400.0
190002548585,"Encargos financeiros, taxas bancárias e/ou op. cartão de crédito",13.4
190002549598,Alimentação,137.72
190002549598,Combustíveis e lubrificantes,177.16
190002549598,Despesas com pessoal,22670.0
190002549598,Diversas a especificar,9600.0
190002549598,Locação/cessão de bens imóveis,15000.0
190002549598,Serviços próprios prestados por terceiros,43000.0
190002549599,Despesa com Impulsionamento de Conteúdos,42799.0
190002549599,Serviços prestados por terceiros,84000.0
190002549600,Atividades de militância e mobilização de rua,25000.0
190002549600,Despesa com Impulsionamento de Conteúdos,10000.0
190002549600,Publicidade por adesivos,7450.0
190002550481,Atividades de militância e mobilização de rua,19999.0
190002550481,Serviços prestados por terceiros,25000.0
190002550482,Despesa com Impulsionamento de Conteúdos,10000.0
190002550482,Despesas com pessoal,51600.0
190002550482,Publicidade por carros de som,15000.0
190002550483,Cessão ou locação de veículos,29000.0
190002550483,Despesa com Impulsionamento de Conteúdos,10000.0
190002550483,Despesas com pessoal,706800.13
190002550483,Locação/cessão de bens imóveis,9000.0
190002550483,"Produção de jingles, vinhetas e slogans",3000.0
190002550483,Publicidade por adesivos,59906.5
190002550483,Publicidade por materiais impressos,46189.6
190002550483,Serviços advocatícios,30000.0
190002550483,Serviços contábeis,20000.0
190002550483,Serviços prestados por terceiros,15000.0
190002550484,Atividades de militância e mobilização de rua,16152.0
190002550484,Combustíveis e lubrificantes,14461.310000000001
190002550484,Criação e inclusão de páginas na internet,170000.0
190002550484,Despesa com Impulsionamento de Conteúdos,62067.68
190002550484,Diversas a especificar,270.26
190002550484,"Encargos financeiros, taxas bancárias e/ou op. cartão de crédito",13.0
190002550484,Pré-instalação física de comitê de campanha,3000.0
190002550484,Publicidade por adesivos,56260.0
190002550484,Publicidade por materiais impressos,52860.0
190002550484,Serviços advocatícios,35000.0
190002550484,Serviços contábeis,38000.0
190002550485,Atividades de militância e mobilização de rua,13780.0
190002550485,Cessão ou locação de veículos,15000.0
190002550485,Combustíveis e lubrificantes,20000.0
190002550485,Despesa com Impulsionamento de Conteúdos,80100.0
190002550485,Diversas a especificar,60000.0
190002550485,"Encargos financeiros, taxas bancárias e/ou op. cartão de crédito",37.1
190002550485,Publicidade por adesivos,8400.0
190002550485,Publicidade por jornais e revistas,13000.0
190002550485,Publicidade por materiais impressos,7740.0
190002550485,Serviços advocatícios,50000.0
190002550485,Serviços contábeis,22000.0
190002550485,Serviços prestados por terceiros,291500.0
190002550486,Serviços prestados por terceiros,50000.0
190002550487,Alimentação,8000.0
190002550487,Atividades de militância e mobilização de rua,524400.0
190002550487,Cessão ou locação de veículos,8750.0
190002550487,Combustíveis e lubrificantes,13446.22
190002550487,Despesas com pessoal,4800.0
190002550487,Locação/cessão de bens imóveis,1200.0
190002550487,Publicidade por adesivos,43192.6
190002550487,Publicidade por materiais impressos,118650.0
190002550487,Serviços advocatícios,10000.0
190002550487,Serviços contábeis,19286.0
190002550488,Locação/cessão de bens imóveis,20000.0
190002550488,Publicidade por materiais impressos,111500.0
190002550488,Serviços advocatícios,30000.0
190002550488,Serviços contábeis,15000.0
190002550489,Atividades de militância e mobilização de rua,140500.0
190002550489,Despesa com Impulsionamento de Conteúdos,165000.0
190002550489,"Encargos financeiros, taxas bancárias e/ou op. cartão de crédito",49.5
190002550489,Publicidade por materiais impressos,169691.0
190002550489,Serviços advocatícios,30000.0
190002550489,Serviços contábeis,21500.0
190002550490,Alimentação,1815.75
190002550490,Atividades de militância e mobilização de rua,13550.0
190002550490,Despesa com Impulsionamento de Conteúdos,194999.51
190002550490,"Encargos financeiros, taxas bancárias e/ou op. cartão de crédito",12.5
190002550490,"Produção de programas de rádio, televisão ou vídeo",2900.0
190002550490,Publicidade por adesivos,2180.0
190002550490,Publicidade por materiais impressos,6520.0
190002550490,Serviços advocatícios,1621.0
190002550490,Serviços prestados por terceiros,57700.0
190002550491,Atividades de militância e mobilização de rua,35200.0
190002550491,Despesa com Impulsionamento de Conteúdos,25000.0
190002550491,Despesas com pessoal,67355.0
190002550491,Despesas com transporte ou deslocamento,72520.0
190002550491,Diversas a especificar,60118.25
190002550491,"Encargos financeiros, taxas bancárias e/ou op. cartão de crédito",12.5
190002550491,Eventos de promoção da candidatura,28000.0
190002550491,"Produção de programas de rádio, televisão ou vídeo",21900.0
190002550491,Publicidade por adesivos,11500.0
190002550491,Publicidade por materiais impressos,13204.41
190002550492,Despesa com Impulsionamento de Conteúdos,3840.0
190002550492,Publicidade por adesivos,7200.0
190002550492,Serviços contábeis,2500.0
190002550493,Despesa com Impulsionamento de Conteúdos,80000.0
190002550493,"Encargos financeiros, taxas bancárias e/ou op. cartão de crédito",7.0
190002550493,"Produção de programas de rádio, televisão ou vídeo",44000.0
190002550493,Publicidade por materiais impressos,21000.0
190002550493,Serviços advocatícios,45471.2
190002550493,Serviços contábeis,20000.0
190002550493,Serviços prestados por terceiros,117500.0
190002550494,"Encargos financeiros, taxas bancárias e/ou op. cartão de crédito",1.0
190002550494,Publicidade por carros de som,18000.0
190002550494,Publicidade por materiais impressos,23860.0
190002550494,Serviços advocatícios,24000.0
190002550494,Serviços contábeis,16000.0
190002550495,Cessão ou locação de veículos,9000.0
190002550495,Despesa com Impulsionamento de Conteúdos,13000.0
190002550495,Despesas com pessoal,59100.0
190002550495,Diversas a especificar,217500.0
190002550495,"Encargos financeiros, taxas bancárias e/ou op. cartão de crédito",7.5
190002550495,Locação/cessão de bens imóveis,3000.0
190002550495,Publicidade por materiais impressos,7895.0
190002550495,Serviços advocatícios,15000.0
190002550495,Serviços contábeis,20000.0
190002550497,Cessão ou locação de veículos,40000.0
190002550497,Despesa com Impulsionamento de Conteúdos,1000.0
190002550497,Despesas com pessoal,135000.0
190002550497,Diversas a especificar,2250.0
190002550497,"Encargos financeiros, taxas bancárias e/ou op. cartão de crédito",11.0
190002550497,"Produção de jingles, vinhetas e slogans",7000.0
190002550497,Publicidade por adesivos,3880.0
190002550497,Serviços advocatícios,30000.0
190002550497,Serviços contábeis,30000.0
190002550498,Atividades de militância e mobilização de rua,150050.0
190002550498,Criação e inclusão de páginas na internet,384.0
190002550498,Despesa com Impulsionamento de Conteúdos,10000.0
190002550498,Diversas a especificar,5000.0
190002550498,Serviços contábeis,60000.0
190002550498,Serviços prestados por terceiros,115000.0
190002550499,Despesas com pessoal,328100.0
190002550499,Diversas a especificar,3500.0
190002550499,Locação/cessão de bens imóveis,4000.0
190002550499,Pré-instalação física de comitê de campanha,2500.0
190002550499,Publicidade por adesivos,12850.0
190002550499,Publicidade por materiais impressos,9230.0
190002550500,Atividades de militância e mobilização de rua,131200.0
190002550500,Despesa com Impulsionamento de Conteúdos,14000.0
190002550500,"Encargos financeiros, taxas bancárias e/ou op. cartão de crédito",0.5
190002550500,Locação/cessão de bens imóveis,1998.79
190002550500,Publicidade por materiais impressos,1968.9
190002550500,Taxa de Administração de Financiamento Coletivo,269.01
190002550501,Cessão ou locação de veículos,23000.0
190002550501,Combustíveis e lubrificantes,2220.99
190002550501,Despesa com Impulsionamento de Conteúdos,125000.0
190002550501,Locação/cessão de bens imóveis,15000.0
190002550501,Publicidade por materiais impressos,19100.0
190002550501,Serviços advocatícios,65000.0
190002550501,Serviços contábeis,18000.0
190002550501,Serviços prestados por terceiros,15000.0
190002550502,Atividades de militância e mobilização de rua,7200.0
190002550502,Locação/cessão de bens imóveis,10000.0
190002550502,Publicidade por materiais impressos,49540.0
190002550502,Serviços prestados por terceiros,36000.0
190002550503,Despesa com Impulsionamento de Conteúdos,170000.0
190002550503,Diversas a especificar,410000.0
190002550503,"Encargos financeiros, taxas bancárias e/ou op. cartão de crédito",69.0
190002550503,"Produção de jingles, vinhetas e slogans",5000.0
190002550503,Publicidade por materiais impressos,8603.05
190002550503,Taxa de Administração de Financiamento Coletivo,324.55
190002550504,Atividades de militância e mobilização de rua,24000.0
190002550505,"Encargos financeiros, taxas bancárias e/ou op. cartão de crédito",24.5
190002550505,Publicidade por materiais impressos,176806.0
190002550506,Despesa com Impulsionamento de Conteúdos,1000.0
190002550507,Despesa com Impulsionamento de Conteúdos,10000.0
190002550507,Despesas com pessoal,4000.0
190002550507,"Encargos financeiros, taxas bancárias e/ou op. cartão de crédito",3.0
190002550507,Publicidade por materiais impressos,109800.0
190002550508,Combustíveis e lubrificantes,10000.0
190002550508,Despesa com Impulsionamento de Conteúdos,300.0
190002550508,Diversas a especificar,17893.68
190002550508,Publicidade por adesivos,22750.0
190002550508,Publicidade por materiais impressos,37740.0
190002550508,Serviços advocatícios,5000.0
190002550508,Serviços contábeis,5000.0
190002550509,Despesas com pessoal,81000.0
190002550509,"Encargos financeiros, taxas bancárias e/ou op. cartão de crédito",2.0
190002550509,"Produção de jingles, vinhetas e slogans",2000.0
190002550509,Publicidade por materiais impressos,130000.0
190002550509,Serviços advocatícios,20000.0
190002550509,Serviços contábeis,16000.0
190002550510,Despesa com Impulsionamento de Conteúdos,9000.0
190002550510,"Encargos financeiros, taxas bancárias e/ou op. cartão de crédito",1.5
190002550510,Publicidade por adesivos,68740.0
190002550510,Publicidade por materiais impressos,329820.0
190002550510,Serviços advocatícios,60000.0
190002550511,Cessão ou locação de veículos,111000.0
190002550511,Criação e inclusão de páginas na internet,4000.0
190002550511,Despesa com Impulsionamento de Conteúdos,16522.18
190002550511,Despesas com pessoal,508800.0
190002550511,Diversas a especificar,7200.0
190002550511,Locação/cessão de bens imóveis,20620.0
190002550511,Publicidade por adesivos,144796.5
190002550511,Publicidade por jornais e revistas,3660.0
190002550511,Publicidade por materiais impressos,75635.0
190002550511,Serviços advocatícios,20000.0
190002550511,Serviços contábeis,40000.0
190002550511,Água,3003.0
190002550512,Combustíveis e lubrificantes,1500.0
190002550512,Publicidade por materiais impressos,12148.0
190002550512,Serviços prestados por terceiros,94790.0
190002550512,Serviços próprios prestados por terceiros,4300.0
190002550513,Despesa com Impulsionamento de Conteúdos,9000.0
190002550513,Despesas com pessoal,153150.0
190002550513,"Encargos financeiros, taxas bancárias e/ou op. cartão de crédito",18.5
190002550513,Locação/cessão de bens imóveis,11000.0
190002550513,"Produção de jingles, vinhetas e slogans",200.0
190002550513,Publicidade por materiais impressos,3620.0
190002550513,Serviços advocatícios,15000.0
190002550514,Atividades de militância e mobilização de rua,156600.0
190002550514,Cessão ou locação de veículos,12000.0
190002550514,Despesa com Impulsionamento de Conteúdos,473000.0
190002550514,Despesas com pessoal,128520.0
190002550514,"Encargos financeiros, taxas bancárias e/ou op. cartão de crédito",55.6
190002550514,"Produção de jingles, vinhetas e slogans",6000.0
190002550514,Publicidade por materiais impressos,288587.0
190002550514,Serviços advocatícios,10000.0
190002550514,Serviços contábeis,2000.0
190002550514,Serviços prestados por terceiros,9500.0
190002550515,Atividades de militância e mobilização de rua,269226.0
190002550515,Cessão ou locação de veículos,13000.0
190002550515,Criação e inclusão de páginas na internet,3650.0
190002550515,Despesa com Impulsionamento de Conteúdos,22000.0
190002550515,Despesas com pessoal,11000.0
190002550515,Diversas a especificar,4300.0
190002550515,"Encargos financeiros, taxas bancárias e/ou op. cartão de crédito",26.0
190002550515,"Produção de jingles, vinhetas e slogans",1500.0
190002550515,"Produção de programas de rádio, televisão ou vídeo",45000.0
190002550515,Publicidade por materiais impressos,8783.06
190002550515,Serviços advocatícios,10000.0
190002550515,Serviços contábeis,56000.0
190002550516,Despesa com Impulsionamento de Conteúdos,100.0
190002550516,Publicidade por materiais impressos,1300.0
190002550517,Atividades de militância e mobilização de rua,89500.0
190002550517,Despesa com Impulsionamento de Conteúdos,1000.0
190002550517,Despesas com pessoal,113500.0
190002550517,"Encargos financeiros, taxas bancárias e/ou op. cartão de crédito",40.6
190002550517,Publicidade por materiais impressos,20700.0
190002550517,Serviços advocatícios,5000.0
190002550517,Serviços contábeis,7000.0
190002550517,Serviços prestados por terceiros,10000.0
190002550518,Atividades de militância e mobilização de rua,42370.15
190002550518,Cessão ou locação de veículos,13250.0
190002550518,Despesa com Impulsionamento de Conteúdos,12000.0
190002550518,Publicidade por materiais impressos,110284.5
190002550518,Serviços prestados por terceiros,110000.0
190002550519,Publicidade por materiais impressos,12650.0
190002550519,Serviços prestados por terceiros,4500.0
190002550520,Atividades de militância e mobilização de rua,222200.0
190002550520,Cessão ou locação de veículos,16000.0
190002550520,Combustíveis e lubrificantes,800.0
190002550520,Despesas com pessoal,475000.0
190002550520,Locação/cessão de bens imóveis,2000.0
190002550520,"Produção de jingles, vinhetas e slogans",20000.0
190002550520,Publicidade por adesivos,40753.5
190002550520,Publicidade por materiais impressos,225585.0
190002550520,Serviços advocatícios,45000.0
190002550520,Serviços contábeis,45000.0
190002550521,Despesa com Impulsionamento de Conteúdos,500.0
190002550521,Diversas a especificar,19085.0
190002550521,Publicidade por materiais impressos,9568.0
190002550521,Serviços prestados por terceiros,14875.0
190002550522,Atividades de militância e mobilização de rua,2700.0
190002550522,Despesa com Impulsionamento de Conteúdos,1000.0
190002550522,"Encargos financeiros, taxas bancárias e/ou op. cartão de crédito",4.5
190002550522,Serviços prestados por terceiros,29000.0
190002550523,Despesas com pessoal,43600.0
190002550523,Publicidade por adesivos,15165.0
190002550523,Publicidade por materiais impressos,151266.78
190002550523,Serviços advocatícios,20000.0
190002550523,Serviços contábeis,20000.0
190002550523,Taxa de Administração de Financiamento Coletivo,4.57
190002551201,Publicidade por materiais impressos,1650.0
190002551204,Publicidade por materiais impressos,1650.0
190002551210,Despesa com Impulsionamento de Conteúdos,5000.0
190002551210,Publicidade por materiais impressos,12000.0
190002551210,Serviços contábeis,1000.0
190002551212,Atividades de militância e mobilização de rua,70.0
190002551212,Despesa com Impulsionamento de Conteúdos,465.36
190002551212,Diversas a especificar,188.2
190002551212,"Encargos financeiros, taxas bancárias e/ou op. cartão de crédito",2.0
190002551212,Publicidade por adesivos,40.0
190002551212,Publicidade por materiais impressos,1620.0
190002551522,Despesa com Impulsionamento de Conteúdos,130.0
190002551540,Diversas a especificar,16000.0
190002551540,Serviços advocatícios,2000.0
190002551540,Taxa de Administração de Financiamento Coletivo,1027.97
190002553931,Despesa com Impulsionamento de Conteúdos,1500.0
190002553931,"Encargos financeiros, taxas bancárias e/ou op. cartão de crédito",0.5
190002553931,Publicidade por materiais impressos,5116.6
190002553943,Criação e inclusão de páginas na internet,500.0
190002553943,Publicidade por materiais impressos,1861.6
190002553943,Serviços prestados por terceiros,2000.0
190002553944,Atividades de militância e mobilização de rua,10000.0
190002553944,Despesa com Impulsionamento de Conteúdos,1000.0
190002553944,Despesas com transporte ou deslocamento,2300.0
190002553944,"Encargos financeiros, taxas bancárias e/ou op. cartão de crédito",1.0
190002553944,Publicidade por carros de som,1000.0
190002553944,Serviços prestados por terceiros,9700.0
190002554002,Aquisição/Doação de bens móveis ou imóveis,1100.0
190002554002,Atividades de militância e mobilização de rua,1200.0
190002554002,Despesa com Impulsionamento de Conteúdos,1085.0
190002554002,Diversas a especificar,3249.0
190002554002,"Encargos financeiros, taxas bancárias e/ou op. cartão de crédito",2.0
190002554002,"Produção de jingles, vinhetas e slogans",350.0
190002554002,Publicidade por materiais impressos,4480.0
190002554002,Serviços advocatícios,600.0
190002554002,Serviços contábeis,1000.0
190002554002,Serviços próprios prestados por terceiros,650.0
190002554118,Despesas com pessoal,15000.0
190002554118,"Encargos financeiros, taxas bancárias e/ou op. cartão de crédito",4.0
190002554118,Publicidade por adesivos,4438.0
190002554118,Publicidade por materiais impressos,5960.0
190002554139,Atividades de militância e mobilização de rua,85000.0
190002554139,Despesa com Impulsionamento de Conteúdos,80000.0
190002554139,Despesas com pessoal,5000.0
190002554139,Publicidade por carros de som,3500.0
190002554139,Publicidade por materiais impressos,175119.5
190002554139,Serviços advocatícios,20000.0
190002554139,Serviços contábeis,20000.0
190002554296,Despesas com transporte ou deslocamento,535.5
190002554296,"Encargos financeiros, taxas bancárias e/ou op. cartão de crédito",1.0
190002554428,Serviços contábeis,1800.0
250002530091,Cessão ou locação de veículos,4687.1
250002530091,Despesas com pessoal,575.0
250002530091,"Encargos financeiros, taxas bancárias e/ou op. cartão de crédito",1.5
250002530091,"Produção de programas de rádio, televisão ou vídeo",1900.0
250002530091,Publicidade por materiais impressos,3025.0
250002530091,Serviços prestados por terceiros,2000.0
250002530091,Taxa de Administração de Financiamento Coletivo,42.33
250002530092,"Encargos financeiros, taxas bancárias e/ou op. cartão de crédito",2.0
250002530092,Serviços prestados por terceiros,15000.0
250002530093,Despesa com Impulsionamento de Conteúdos,23000.0
250002530093,Despesas com pessoal,18400.0
250002530093,"Encargos financeiros, taxas bancárias e/ou op. cartão de crédito",4.5
250002530093,"Produção de programas de rádio, televisão ou vídeo",70000.0
250002530093,Publicidade por materiais impressos,1320.0
250002530093,Serviços prestados por terceiros,70000.0
250002530114,"Encargos financeiros, taxas bancárias e/ou op. cartão de crédito",13.6
250002530114,Publicidade por materiais impressos,24700.0
250002530114,Taxa de Administração de Financiamento Coletivo,2.98
250002530115,Cessão ou locação de veículos,19635.9
250002530115,Despesa com Impulsionamento de Conteúdos,250000.0
250002530115,Despesas com pessoal,65978.39
250002530115,"Encargos financeiros, taxas bancárias e/ou op. cartão de crédito",118.80000000000001
250002530115,Locação/cessão de bens imóveis,42025.0
250002530115,Publicidade por materiais impressos,38953.82
250002530115,Serviços prestados por terceiros,52656.0
250002530115,Serviços próprios prestados por terceiros,88912.5
250002530115,Taxa de Administração de Financiamento Coletivo,1925.29
250002530116,Despesa com geradores de energia,201.85
250002530116,Publicidade por materiais impressos,2039.99
250002530117,Alimentação,2229.36
250002530117,Atividades de militância e mobilização de rua,4800.0
250002530117,Cessão ou locação de veículos,27652.0
250002530117,Combustíveis e lubrificantes,5455.46
250002530117,Despesa com Impulsionamento de Conteúdos,150000.0
250002530117,"Encargos financeiros, taxas bancárias e/ou op. cartão de crédito",27.0
250002530117,Materiais de expediente,110.0
250002530117,"Produção de jingles, vinhetas e slogans",10000.0
250002530117,Publicidade por materiais impressos,59385.0
250002530117,Serviços prestados por terceiros,334471.0
250002530117,Taxa de Administração de Financiamento Coletivo,20.1
250002530119,Despesas com pessoal,150.0
250002530119,"Encargos financeiros, taxas bancárias e/ou op. cartão de crédito",86.14
250002530119,Publicidade por materiais impressos,790.0
250002530119,Serviços prestados por terceiros,1040.0
250002530119,Taxa de Administração de Financiamento Coletivo,83.14
250002530120,Correspondências e despesas postais,169.7
250002530120,Serviços prestados por terceiros,10.8
250002530121,Atividades de militância e mobilização de rua,5400.0
250002530121,"Encargos financeiros, taxas bancárias e/ou op. cartão de crédito",1.0
250002530121,Publicidade por materiais impressos,4790.0
250002530121,Serviços prestados por terceiros,1800.0
250002530121,Taxa de Administração de Financiamento Coletivo,165.6
250002530122,Correspondências e despesas postais,71.1
250002530122,Despesa com Impulsionamento de Conteúdos,11300.0
250002530122,"Encargos financeiros, taxas bancárias e/ou op. cartão de crédito",2.0
250002530122,Publicidade por materiais impressos,750.0
250002530122,Serviços prestados por terceiros,5806.4
250002530123,Doações financeiras a outros candidatos/partidos,3000.0
250002530124,Alimentação,1368.53
250002530124,Aquisição/Doação de bens móveis ou imóveis,2620.5
250002530124,Atividades de militância e mobilização de rua,7880.0
250002530124,Cessão ou locação de veículos,4500.0
250002530124,Combustíveis e lubrificantes,668.62
250002530124,Despesa com Impulsionamento de Conteúdos,20067.0
250002530124,Diversas a especificar,800.0
250002530124,"Encargos financeiros, taxas bancárias e/ou op. cartão de crédito",37.2
250002530124,Publicidade por materiais impressos,2200.0
250002530124,Serviços prestados por terceiros,16011.11
250002530124,Taxa de Administração de Financiamento Coletivo,4.08
250002530125,Atividades de militância e mobilização de rua,2600.0
250002530125,Despesa com Impulsionamento de Conteúdos,2380.0
250002530125,"Encargos financeiros, taxas bancárias e/ou op. cartão de crédito",0.5
250002530125,Publicidade por materiais impressos,8882.5
250002530126,Atividades de militância e mobilização de rua,161000.0
250002530126,Cessão ou locação de veículos,53000.0
250002530126,Combustíveis e lubrificantes,1979.91
250002530126,Despesa com Impulsionamento de Conteúdos,50000.0
250002530126,Despesas com pessoal,2200.0
250002530126,"Encargos financeiros, taxas bancárias e/ou op. cartão de crédito",43.8
250002530126,Locação/cessão de bens imóveis,13500.0
250002530126,"Produção de jingles, vinhetas e slogans",5000.0
250002530126,Publicidade por adesivos,7213.0
250002530126,Publicidade por materiais impressos,152867.5
250002530127,Correspondências e despesas postais,8615.97
250002530127,Despesa com Impulsionamento de Conteúdos,20000.0
250002530127,"Encargos financeiros, taxas bancárias e/ou op. cartão de crédito",0.5
250002530127,Publicidade por materiais impressos,17065.949999999997
250002530127,Serviços prestados por terceiros,333.0
250002530128,Atividades de militância e mobilização de rua,5000.0
250002530128,Criação e inclusão de páginas na internet,5850.0
250002530128,Despesa com Impulsionamento de Conteúdos,50000.0
250002530128,Despesas com pessoal,50000.0
250002530128,"Encargos financeiros, taxas bancárias e/ou op. cartão de crédito",31.7
250002530128,Publicidade por materiais impressos,7024.2
250002530128,Serviços advocatícios,49000.0
250002530128,Serviços prestados por terceiros,288.0
250002530128,Serviços próprios prestados por terceiros,15000.0
250002530129,Atividades de militância e mobilização de rua,36290.0
250002530129,Cessão ou locação de veículos,29556.2
250002530129,Correspondências e despesas postais,4486.98
250002530129,Despesa com Impulsionamento de Conteúdos,400000.0
250002530129,Doações financeiras a outros candidatos/partidos,8000.0
250002530129,"Encargos financeiros, taxas bancárias e/ou op. cartão de crédito",1.4
250002530129,Locação/cessão de bens imóveis,64390.5
250002530129,Publicidade por jornais e revistas,2500.0
250002530129,Publicidade por materiais impressos,177445.7
250002530129,Serviços advocatícios,50000.0
250002530129,Serviços contábeis,10000.0
250002530129,Serviços prestados por terceiros,8520.0
250002530129,Taxa de Administração de Financiamento Coletivo,1756.11
250002530130,Despesa com Impulsionamento de Conteúdos,9000.0
250002530130,Despesas com pessoal,3819.0
250002530130,"Encargos financeiros, taxas bancárias e/ou op. cartão de crédito",1.0
250002530130,Publicidade por adesivos,2060.0
250002530130,Publicidade por materiais impressos,9480.0
250002530130,Serviços prestados por terceiros,10026.0
250002530131,Atividades de militância e mobilização de rua,9000.0
250002530131,"Encargos financeiros, taxas bancárias e/ou op. cartão de crédito",6.5
250002530131,Publicidade por materiais impressos,7151.98
250002530131,Serviços prestados por terceiros,5667.15
250002530132,Publicidade por materiais impressos,498.59
250002530133,Despesa com Impulsionamento de Conteúdos,5000.0
250002530133,"Encargos financeiros, taxas bancárias e/ou op. cartão de crédito",1.0
250002530133,Serviços prestados por terceiros,5000.0
250002530134,Atividades de militância e mobilização de rua,24300.0
250002530134,Despesa com Impulsionamento de Conteúdos,10500.71
250002530134,"Encargos financeiros, taxas bancárias e/ou op. cartão de crédito",10.09
250002530134,"Produção de jingles, vinhetas e slogans",2000.0
250002530134,Publicidade por materiais impressos,2235.0
250002530134,Serviços prestados por terceiros,2460.0
250002530134,Taxa de Administração de Financiamento Coletivo,70.9
250002530135,Alimentação,170.0
250002530135,Atividades de militância e mobilização de rua,210855.0
250002530135,Cessão ou locação de veículos,5942.5
250002530135,Combustíveis e lubrificantes,633.82
250002530135,Correspondências e despesas postais,648.73
250002530135,Criação e inclusão de páginas na internet,45000.0
250002530135,Despesa com Impulsionamento de Conteúdos,227570.0
250002530135,Despesas com pessoal,59090.0
250002530135,"Encargos financeiros, taxas bancárias e/ou op. cartão de crédito",66.6
250002530135,Locação/cessão de bens móveis (exceto veículos),740.0
250002530135,Materiais de expediente,3192.85
250002530135,"Produção de programas de rádio, televisão ou vídeo",3540.0
250002530135,Pré-instalação física de comitê de campanha,862.0
250002530135,Publicidade por adesivos,3560.0
250002530135,Publicidade por materiais impressos,65990.0
250002530135,Serviços prestados por terceiros,27520.0
250002530136,Despesa com Impulsionamento de Conteúdos,22500.0
250002530136,Despesas com pessoal,1059.2
250002530136,"Encargos financeiros, taxas bancárias e/ou op. cartão de crédito",2.5
250002530136,Publicidade por materiais impressos,812.99
250002530136,Serviços prestados por terceiros,5450.0
250002530137,Despesa com Impulsionamento de Conteúdos,6000.0
250002530137,"Encargos financeiros, taxas bancárias e/ou op. cartão de crédito",0.5
250002530137,Publicidade por materiais impressos,3200.0
250002530138,Alimentação,939.0
250002530138,Atividades de militância e mobilização de rua,36241.3
250002530138,Cessão ou locação de veículos,14100.0
250002530138,Combustíveis e lubrificantes,3372.53
250002530138,Despesa com Impulsionamento de Conteúdos,150000.0
250002530138,Doações financeiras a outros candidatos/partidos,40000.0
250002530138,"Encargos financeiros, taxas bancárias e/ou op. cartão de crédito",34.1
250002530138,Eventos de promoção da candidatura,19500.0
250002530138,Locação/cessão de bens imóveis,20000.0
250002530138,"Produção de jingles, vinhetas e slogans",12000.0
250002530138,Publicidade por materiais impressos,152220.0
250002530138,Serviços prestados por terceiros,277210.0
250002530138,Taxa de Administração de Financiamento Coletivo,254.17000000000002
250002530139,Alimentação,253.19
250002530139,Correspondências e despesas postais,144.3
250002530139,Despesa com Impulsionamento de Conteúdos,8450.0
250002530139,Despesas com transporte ou deslocamento,506.26
250002530139,"Encargos financeiros, taxas bancárias e/ou op. cartão de crédito",8.5
250002530139,Locação/cessão de bens imóveis,300.0
250002530139,Materiais de expediente,65.4
250002530139,"Produção de programas de rádio, televisão ou vídeo",1500.0
250002530139,Publicidade por materiais impressos,9241.62
250002530139,Serviços advocatícios,10000.0
250002530139,Serviços prestados por terceiros,30786.0
250002530141,Despesa com Impulsionamento de Conteúdos,1500.0
250002530141,"Encargos financeiros, taxas bancárias e/ou op. cartão de crédito",2.5
250002530141,Serviços prestados por terceiros,12243.0
250002530141,Taxa de Administração de Financiamento Coletivo,29.24
250002530142,Atividades de militância e mobilização de rua,7500.0
250002530142,"Encargos financeiros, taxas bancárias e/ou op. cartão de crédito",3.0
250002530142,Publicidade por materiais impressos,2225.0
250002530143,Atividades de militância e mobilização de rua,3000.0
250002530143,"Encargos financeiros, taxas bancárias e/ou op. cartão de crédito",2.0
250002530143,Serviços prestados por terceiros,600.0
250002530144,Atividades de militância e mobilização de rua,8000.0
250002530144,Despesa com Impulsionamento de Conteúdos,5000.0
250002530144,"Encargos financeiros, taxas bancárias e/ou op. cartão de crédito",75.72
250002530144,Publicidade por adesivos,538.0
250002530144,Serviços prestados por terceiros,800.0
250002530144,Taxa de Administração de Financiamento Coletivo,74.22
250002530145,Despesa com Impulsionamento de Conteúdos,1000.0
250002530145,"Encargos financeiros, taxas bancárias e/ou op. cartão de crédito",14.6
250002530145,Publicidade por materiais impressos,4451.81
250002530145,Serviços prestados por terceiros,6120.0
250002530145,Taxa de Administração de Financiamento Coletivo,103.13
250002530147,Despesa com Impulsionamento de Conteúdos,66709.2
250002530147,Doações financeiras a outros candidatos/partidos,30000.0
250002530147,"Encargos financeiros, taxas bancárias e/ou op. cartão de crédito",55.4
250002530147,"Produção de programas de rádio, televisão ou vídeo",9950.0
250002530147,Serviços prestados por terceiros,29100.0
250002530147,Serviços próprios prestados por terceiros,15000.0
250002530147,Taxa de Administração de Financiamento Coletivo,24.68
250002530148,Atividades de militância e mobilização de rua,8500.0
250002530148,Despesa com Impulsionamento de Conteúdos,130.0
250002530148,"Encargos financeiros, taxas bancárias e/ou op. cartão de crédito",17.1
250002530148,Publicidade por materiais impressos,3000.0
250002530148,Serviços prestados por terceiros,61611.4
250002530149,Atividades de militância e mobilização de rua,1000.0
250002530149,Publicidade por materiais impressos,530.0
250002530149,Serviços próprios prestados por terceiros,3000.0
250002530150,Atividades de militância e mobilização de rua,920.0
250002530150,Despesa com Impulsionamento de Conteúdos,10250.0
250002530150,Despesas com pessoal,6000.0
250002530150,"Encargos financeiros, taxas bancárias e/ou op. cartão de crédito",6.0
250002530150,Publicidade por adesivos,3238.99
250002530150,Publicidade por materiais impressos,599.99
250002530150,Serviços prestados por terceiros,10000.0
250002530150,Taxa de Administração de Financiamento Coletivo,27.07
250002530151,Doações financeiras a outros candidatos/partidos,20000.0
250002530151,"Encargos financeiros, taxas bancárias e/ou op. cartão de crédito",28.2
250002530151,Publicidade por materiais impressos,3770.0
250002530151,Serviços advocatícios,10000.0
250002530151,Serviços prestados por terceiros,39000.0
250002530152,Criação e inclusão de páginas na internet,40.0
250002530152,Despesa com Impulsionamento de Conteúdos,1500.0
250002530153,Despesa com Impulsionamento de Conteúdos,7200.0
250002530153,"Encargos financeiros, taxas bancárias e/ou op. cartão de crédito",0.5
250002530153,Publicidade por materiais impressos,14059.97
250002530153,Serviços prestados por terceiros,6400.0
250002530154,Despesa com Impulsionamento de Conteúdos,115000.0
250002530154,Publicidade por adesivos,987.34
250002530154,Publicidade por materiais impressos,7807.860000000001
250002530154,Serviços prestados por terceiros,6800.0
250002530155,Alimentação,35280.0
250002530155,Atividades de militância e mobilização de rua,39900.0
250002530155,Cessão ou locação de veículos,15000.0
250002530155,Combustíveis e lubrificantes,3000.0
250002530155,Despesa com Impulsionamento de Conteúdos,83000.0
250002530155,Diversas a especificar,199.0
250002530155,"Encargos financeiros, taxas bancárias e/ou op. cartão de crédito",12.0
250002530155,Locação/cessão de bens imóveis,35000.0
250002530155,Publicidade por materiais impressos,10842.919999999998
250002530155,Serviços advocatícios,40000.0
250002530155,Serviços prestados por terceiros,11500.0
250002530156,Atividades de militância e mobilização de rua,34500.0
250002530156,Despesa com Impulsionamento de Conteúdos,10000.0
250002530156,"Encargos financeiros, taxas bancárias e/ou op. cartão de crédito",12.0
250002530156,"Produção de programas de rádio, televisão ou vídeo",3840.0
250002530156,Publicidade por materiais impressos,10445.0
250002530156,Serviços prestados por terceiros,30000.0
250002530156,Serviços próprios prestados por terceiros,5900.0
250002530157,"Encargos financeiros, taxas bancárias e/ou op. cartão de crédito",1.5
250002530157,Serviços prestados por terceiros,3000.0
250002530157,Taxa de Administração de Financiamento Coletivo,1.39
250002530159,Aquisição/Doação de bens móveis ou imóveis,5399.0
250002530159,"Encargos financeiros, taxas bancárias e/ou op. cartão de crédito",1.5
250002530159,"Produção de jingles, vinhetas e slogans",300.0
250002530159,Publicidade por materiais impressos,1694.78
250002530160,Atividades de militância e mobilização de rua,9500.0
250002530160,"Encargos financeiros, taxas bancárias e/ou op. cartão de crédito",2.0
250002530160,Publicidade por materiais impressos,390.0
250002530160,Serviços prestados por terceiros,7599.0
250002530161,Atividades de militância e mobilização de rua,5000.0
250002530161,"Encargos financeiros, taxas bancárias e/ou op. cartão de crédito",4.5
250002530161,Serviços prestados por terceiros,8000.0
250002530161,Serviços próprios prestados por terceiros,3000.0
250002530162,Atividades de militância e mobilização de rua,21636.0
250002530162,Cessão ou locação de veículos,19600.0
250002530162,Despesa com Impulsionamento de Conteúdos,18365.0
250002530162,Despesas com pessoal,15000.0
250002530162,"Encargos financeiros, taxas bancárias e/ou op. cartão de crédito",39.1
250002530162,Eventos de promoção da candidatura,5000.0
250002530162,Locação/cessão de bens imóveis,3000.0
250002530162,Publicidade por materiais impressos,62020.0
250002530162,Serviços prestados por terceiros,19800.0
250002530163,Despesa com Impulsionamento de Conteúdos,20000.0
250002530163,Doações financeiras a outros candidatos/partidos,5000.0
250002530163,"Encargos financeiros, taxas bancárias e/ou op. cartão de crédito",11.99
250002530163,Publicidade por materiais impressos,19947.0
250002530163,Serviços prestados por terceiros,6000.0
250002530163,Taxa de Administração de Financiamento Coletivo,262.19
250002530164,Alimentação,285.05
250002530164,Cessão ou locação de veículos,500.0
250002530164,Despesa com Impulsionamento de Conteúdos,1108.14
250002530164,Despesas com transporte ou deslocamento,157.07
250002530164,"Encargos financeiros, taxas bancárias e/ou op. cartão de crédito",1.0
250002530164,"Produção de programas de rádio, televisão ou vídeo",5000.0
250002530165,Publicidade por materiais impressos,2560.0
250002530166,Doações financeiras a outros candidatos/partidos,5000.0
250002530166,"Encargos financeiros, taxas bancárias e/ou op. cartão de crédito",1.5
250002530166,"Produção de jingles, vinhetas e slogans",345.0
250002530166,Publicidade por materiais impressos,17667.94
250002530166,Taxa de Administração de Financiamento Coletivo,82.29
250002530167,Alimentação,989.4
250002530167,Atividades de militância e mobilização de rua,73100.0
250002530167,Cessão ou locação de veículos,15000.0
250002530167,Despesa com Impulsionamento de Conteúdos,140000.0
250002530167,Despesas com pessoal,292376.0
250002530167,"Encargos financeiros, taxas bancárias e/ou op. cartão de crédito",47.5
250002530167,Locação/cessão de bens imóveis,195000.0
250002530167,Locação/cessão de bens móveis (exceto veículos),25915.96
250002530167,Materiais de expediente,1532.5
250002530167,Publicidade por adesivos,1319.5
250002530167,Publicidade por materiais impressos,432739.56
250002530167,"Segurança e prevenção, repressão e combate à violência política",16299.0
250002530167,Serviços prestados por terceiros,128613.36
250002530167,Serviços próprios prestados por terceiros,1500.0
250002530167,Telefone,29.93
250002530168,Despesa com Impulsionamento de Conteúdos,1760.0
250002530168,"Encargos financeiros, taxas bancárias e/ou op. cartão de crédito",1.0
250002530168,Serviços prestados por terceiros,2000.0
250002530168,Taxa de Administração de Financiamento Coletivo,37.94
250002530169,"Encargos financeiros, taxas bancárias e/ou op. cartão de crédito",13.0
250002530169,Locação/cessão de bens imóveis,3125.0
250002530169,Publicidade por materiais impressos,11625.0
250002530170,Atividades de militância e mobilização de rua,5700.0
250002530170,Correspondências e despesas postais,104.0
250002530170,Despesa com Impulsionamento de Conteúdos,220000.0
250002530170,Despesas com pessoal,15000.0
250002530170,Doações financeiras a outros candidatos/partidos,153178.0
250002530170,"Encargos financeiros, taxas bancárias e/ou op. cartão de crédito",16.0
250002530170,Locação/cessão de bens móveis (exceto veículos),500.0
250002530170,Materiais de expediente,1212.52
250002530170,"Produção de programas de rádio, televisão ou vídeo",92359.0
250002530170,Publicidade por adesivos,7670.1900000000005
250002530170,Publicidade por jornais e revistas,6600.0
250002530170,Publicidade por materiais impressos,49538.22
250002530170,Serviços advocatícios,22061.5
250002530170,Serviços contábeis,11900.0
250002530170,Serviços prestados por terceiros,197085.0
250002530171,Despesa com Impulsionamento de Conteúdos,5287.98
250002530171,"Encargos financeiros, taxas bancárias e/ou op. cartão de crédito",1.0
250002530171,"Produção de jingles, vinhetas e slogans",5050.0
250002530172,Atividades de militância e mobilização de rua,1500.0
250002530172,Despesa com Impulsionamento de Conteúdos,6000.0
250002530172,"Encargos financeiros, taxas bancárias e/ou op. cartão de crédito",3.0
250002530172,Publicidade por materiais impressos,1619.6
250002530172,Serviços advocatícios,12000.0
250002530172,Serviços prestados por terceiros,15716.0
250002530173,Despesa com Impulsionamento de Conteúdos,42999.99
250002530174,Atividades de militância e mobilização de rua,3950.0
250002530174,Combustíveis e lubrificantes,561.82
250002530174,Publicidade por materiais impressos,5926.9
250002530174,Taxa de Administração de Financiamento Coletivo,125.4
250002530176,Serviços prestados por terceiros,8000.0
250002530177,Atividades de militância e mobilização de rua,3350.0
250002530177,"Encargos financeiros, taxas bancárias e/ou op. cartão de crédito",0.5
250002530177,Publicidade por materiais impressos,2070.0
250002530178,Atividades de militância e mobilização de rua,279741.0
250002530178,Despesa com Impulsionamento de Conteúdos,52000.0
250002530178,Diversas a especificar,7935.0
250002530178,"Encargos financeiros, taxas bancárias e/ou op. cartão de crédito",81.0
250002530178,Locação/cessão de bens imóveis,15000.0
250002530178,Materiais de expediente,240.78000000000003
250002530178,"Produção de jingles, vinhetas e slogans",5715.0
250002530178,Publicidade por adesivos,3372.0
250002530178,Publicidade por materiais impressos,245950.0
250002530178,Serviços prestados por terceiros,77450.0
250002530178,Taxa de Administração de Financiamento Coletivo,330.12
250002530179,Atividades de militância e mobilização de rua,15561.59
250002530179,Despesa com Impulsionamento de Conteúdos,58000.0
250002530179,"Encargos financeiros, taxas bancárias e/ou op. cartão de crédito",6.0
250002530179,Publicidade por materiais impressos,52765.0
250002530179,Serviços prestados por terceiros,50000.0
250002530180,Publicidade por materiais impressos,1220.98
250002530180,Serviços próprios prestados por terceiros,10000.0
250002532322,Alimentação,3420.0
250002532322,Atividades de militância e mobilização de rua,1905450.0
250002532322,Cessão ou locação de veículos,85000.0
250002532322,Criação e inclusão de páginas na internet,3000.0
250002532322,Despesa com Impulsionamento de Conteúdos,4000.0
250002532322,Despesas com pessoal,125550.0
250002532322,"Encargos financeiros, taxas bancárias e/ou op. cartão de crédito",161.2
250002532322,Locação/cessão de bens imóveis,30000.0
250002532322,Locação/cessão de bens móveis (exceto veículos),22512.66
250002532322,Materiais de expediente,7566.76
250002532322,"Produção de jingles, vinhetas e slogans",10000.0
250002532322,Publicidade por adesivos,33072.1
250002532322,Publicidade por materiais impressos,122952.0
250002532322,Serviços advocatícios,50000.0
250002532322,Serviços contábeis,30000.0
250002532323,Alimentação,275.13
250002532323,Atividades de militância e mobilização de rua,485981.0
250002532323,Cessão ou locação de veículos,103000.0
250002532323,Criação e inclusão de páginas na internet,29.99
250002532323,Despesa com Impulsionamento de Conteúdos,24000.0
250002532323,Despesas com pessoal,238000.0
250002532323,"Encargos financeiros, taxas bancárias e/ou op. cartão de crédito",1177.2
250002532323,Materiais de expediente,50376.5
250002532323,"Produção de jingles, vinhetas e slogans",5000.0
250002532323,Publicidade por adesivos,42314.0
250002532323,Publicidade por carros de som,1500.0
250002532323,Publicidade por materiais impressos,157085.0
250002532323,Serviços prestados por terceiros,65000.0
250002532324,Atividades de militância e mobilização de rua,53300.0
250002532324,Despesa com Impulsionamento de Conteúdos,10000.0
250002532324,"Encargos financeiros, taxas bancárias e/ou op. cartão de crédito",1.0
250002532324,"Impostos, contribuições e taxas",1.0
250002532324,"Produção de jingles, vinhetas e slogans",20000.0
250002532324,Publicidade por adesivos,1902.4
250002532324,Publicidade por materiais impressos,156110.0
250002532324,Serviços advocatícios,50000.0
250002532325,Alimentação,13000.0
250002532325,Atividades de militância e mobilização de rua,379195.0
250002532325,Despesa com Impulsionamento de Conteúdos,10000.0
250002532325,Despesas com pessoal,61700.0
250002532325,"Encargos financeiros, taxas bancárias e/ou op. cartão de crédito",3.5
250002532325,Locação/cessão de bens imóveis,31950.0
250002532325,Materiais de expediente,440.34000000000003
250002532325,Pré-instalação física de comitê de campanha,1740.0
250002532325,Publicidade por adesivos,3305.0
250002532325,Publicidade por materiais impressos,123850.0
250002532325,Serviços prestados por terceiros,90000.0
250002532326,Alimentação,77070.0
250002532326,Atividades de militância e mobilização de rua,590300.0
250002532326,Cessão ou locação de veículos,15573.07
250002532326,Combustíveis e lubrificantes,7454.219999999999
250002532326,Correspondências e despesas postais,30041.5
250002532326,Criação e inclusão de páginas na internet,140.41
250002532326,Despesa com Impulsionamento de Conteúdos,45000.0
250002532326,Despesas com pessoal,63593.51
250002532326,"Encargos financeiros, taxas bancárias e/ou op. cartão de crédito",101.2
250002532326,Locação/cessão de bens imóveis,62017.1
250002532326,Locação/cessão de bens móveis (exceto veículos),79955.52
250002532326,Materiais de expediente,29753.04
250002532326,"Produção de jingles, vinhetas e slogans",11000.0
250002532326,Publicidade por adesivos,1217.8200000000002
250002532326,Publicidade por jornais e revistas,960.0
250002532326,Publicidade por materiais impressos,409707.6
250002532326,Serviços prestados por terceiros,30010.0
250002532326,Telefone,20450.0
250002532327,Atividades de militância e mobilização de rua,72000.0
250002532327,Cessão ou locação de veículos,4800.0
250002532327,Despesa com Impulsionamento de Conteúdos,15000.0
250002532327,Despesas com pessoal,8000.0
250002532327,"Encargos financeiros, taxas bancárias e/ou op. cartão de crédito",1.0
250002532327,Publicidade por materiais impressos,42750.0
250002532327,Serviços contábeis,20500.0
250002532328,Atividades de militância e mobilização de rua,120.0
250002532328,Criação e inclusão de páginas na internet,10600.0
250002532328,"Encargos financeiros, taxas bancárias e/ou op. cartão de crédito",17.0
250002532328,Publicidade por materiais impressos,7863.0
250002532328,Serviços advocatícios,23000.0
250002532329,Atividades de militância e mobilização de rua,59600.0
250002532329,Despesa com Impulsionamento de Conteúdos,23310.0
250002532329,Despesas com pessoal,15500.0
250002532329,Publicidade por materiais impressos,48880.0
250002532330,Alimentação,1875.0
250002532330,Atividades de militância e mobilização de rua,14940.91
250002532330,Cessão ou locação de veículos,30000.0
250002532330,Despesa com Impulsionamento de Conteúdos,2500.0
250002532330,Despesas com pessoal,23000.0
250002532330,"Encargos financeiros, taxas bancárias e/ou op. cartão de crédito",4.0
250002532330,Locação/cessão de bens imóveis,10000.0
250002532330,Locação/cessão de bens móveis (exceto veículos),17400.0
250002532330,Materiais de expediente,2250.0
250002532330,Publicidade por materiais impressos,51760.0
250002532330,Serviços advocatícios,80000.0
250002532330,Serviços contábeis,15000.0
250002532331,Atividades de militância e mobilização de rua,18000.0
250002532331,Cessão ou locação de veículos,12300.0
250002532331,Despesa com Impulsionamento de Conteúdos,1241.67
250002532331,Despesas com pessoal,11000.0
250002532331,"Encargos financeiros, taxas bancárias e/ou op. cartão de crédito",5.0
250002532331,Publicidade por materiais impressos,4980.0
250002532332,Atividades de militância e mobilização de rua,197400.0
250002532332,Cessão ou locação de veículos,224500.0
250002532332,Combustíveis e lubrificantes,19233.08
250002532332,Criação e inclusão de páginas na internet,12500.0
250002532332,Despesa com Impulsionamento de Conteúdos,50000.0
250002532332,Despesas com pessoal,201600.0
250002532332,"Encargos financeiros, taxas bancárias e/ou op. cartão de crédito",38.5
250002532332,Locação/cessão de bens imóveis,7000.0
250002532332,Materiais de expediente,17505.0
250002532332,"Produção de jingles, vinhetas e slogans",12000.0
250002532332,Publicidade por adesivos,42630.0
250002532332,Publicidade por materiais impressos,236720.0
250002532332,Serviços advocatícios,50000.0
250002532332,Serviços contábeis,25000.0
250002532333,Cessão ou locação de veículos,6000.0
250002532333,Correspondências e despesas postais,1613.0
250002532333,Despesa com Impulsionamento de Conteúdos,27000.0
250002532333,Despesas com pessoal,74000.0
250002532333,"Encargos financeiros, taxas bancárias e/ou op. cartão de crédito",2.5
250002532333,Publicidade por jornais e revistas,500.0
250002532333,Publicidade por materiais impressos,2800.0
250002532334,Atividades de militância e mobilização de rua,721000.0
250002532334,Cessão ou locação de veículos,27000.0
250002532334,Despesas com pessoal,60000.0
250002532334,Locação/cessão de bens imóveis,10200.0
250002532334,Publicidade por jornais e revistas,4000.0
250002532334,Publicidade por materiais impressos,299060.0
250002532334,Serviços prestados por terceiros,158752.3
250002532335,Despesa com Impulsionamento de Conteúdos,45519.45
250002532335,Despesas com pessoal,14000.0
250002532335,"Encargos financeiros, taxas bancárias e/ou op. cartão de crédito",1.0
250002532335,Publicidade por materiais impressos,32354.6
250002532336,Atividades de militância e mobilização de rua,661500.0
250002532336,Despesa com Impulsionamento de Conteúdos,150000.0
250002532336,Despesas com pessoal,34500.0
250002532336,"Encargos financeiros, taxas bancárias e/ou op. cartão de crédito",0.5
250002532336,Locação/cessão de bens imóveis,20000.0
250002532336,Publicidade por jornais e revistas,229110.0
250002532336,Publicidade por materiais impressos,58795.0
250002532336,Serviços advocatícios,10000.0
250002532336,Serviços contábeis,50000.0
250002532337,"Encargos financeiros, taxas bancárias e/ou op. cartão de crédito",13.0
250002532337,Publicidade por materiais impressos,270.0
250002532337,Serviços prestados por terceiros,17500.0
250002532338,Alimentação,6183.51
250002532338,Atividades de militância e mobilização de rua,214153.22
250002532338,Cessão ou locação de veículos,30000.0
250002532338,Combustíveis e lubrificantes,7182.889999999999
250002532338,Despesa com Impulsionamento de Conteúdos,95000.0
250002532338,Despesas com pessoal,394100.0
250002532338,Diversas a especificar,72743.92
250002532338,Locação/cessão de bens imóveis,18600.0
250002532338,Locação/cessão de bens móveis (exceto veículos),5164.99
250002532338,Publicidade por adesivos,23637.510000000002
250002532338,Publicidade por materiais impressos,418431.0
250002532338,Serviços advocatícios,40000.0
250002532338,Serviços contábeis,10000.0
250002532338,Serviços prestados por terceiros,50000.0
250002532339,Alimentação,2194.37
250002532339,Cessão ou locação de veículos,4700.0
250002532339,Combustíveis e lubrificantes,126.19
250002532339,Despesa com Impulsionamento de Conteúdos,4478.58
250002532339,Despesas com pessoal,29900.0
250002532339,Despesas com transporte ou deslocamento,47.4
250002532339,Diversas a especificar,874.0
250002532339,"Encargos financeiros, taxas bancárias e/ou op. cartão de crédito",8.0
250002532339,Locação/cessão de bens imóveis,5499.0
250002532339,"Produção de jingles, vinhetas e slogans",350.0
250002532339,Serviços advocatícios,10213.74
250002532339,Serviços contábeis,8000.0
250002532339,Serviços prestados por terceiros,16418.9
250002532340,Atividades de militância e mobilização de rua,22000.0
250002532340,Cessão ou locação de veículos,2600.0
250002532340,Despesas com pessoal,15000.0
250002532340,"Encargos financeiros, taxas bancárias e/ou op. cartão de crédito",3.0
250002532340,"Produção de jingles, vinhetas e slogans",399.9
250002532341,Atividades de militância e mobilização de rua,34000.0
250002532341,Combustíveis e lubrificantes,600.0
250002532341,"Encargos financeiros, taxas bancárias e/ou op. cartão de crédito",1.5
250002532341,"Produção de programas de rádio, televisão ou vídeo",5610.0
250002532341,Publicidade por materiais impressos,4015.0
250002532341,Serviços advocatícios,45000.0
250002532341,Serviços contábeis,12000.0
250002532342,Despesa com Impulsionamento de Conteúdos,256000.0
250002532342,Diversas a especificar,10138.44
250002532342,Doações financeiras a outros candidatos/partidos,400000.0
250002532342,"Encargos financeiros, taxas bancárias e/ou op. cartão de crédito",24.6
250002532342,Locação/cessão de bens imóveis,80000.0
250002532342,"Produção de programas de rádio, televisão ou vídeo",25000.0
250002532342,Publicidade por materiais impressos,235133.65
250002532342,Serviços advocatícios,50000.0
250002532342,Serviços contábeis,20000.0
250002532342,Serviços prestados por terceiros,600000.0
250002532343,Despesa com Impulsionamento de Conteúdos,341051.0
250002532343,Despesas com pessoal,53138.0
250002532343,"Encargos financeiros, taxas bancárias e/ou op. cartão de crédito",39.7
250002532343,Locação/cessão de bens imóveis,60000.0
250002532343,"Produção de programas de rádio, televisão ou vídeo",25000.0
250002532343,Publicidade por adesivos,7142.91
250002532343,Publicidade por materiais impressos,214538.52
250002532343,Serviços advocatícios,5000.0
250002532343,Serviços contábeis,20000.0
250002532343,Serviços prestados por terceiros,42427.5
250002532344,Cessão ou locação de veículos,5260.0
250002532344,Combustíveis e lubrificantes,5105.93
250002532344,Criação e inclusão de páginas na internet,10000.0
250002532344,Despesa com Impulsionamento de Conteúdos,30000.0
250002532344,Despesas com Hospedagem,2150.0
250002532344,Diversas a especificar,142.0
250002532344,"Encargos financeiros, taxas bancárias e/ou op. cartão de crédito",51.8
250002532344,Publicidade por materiais impressos,2700.0
250002532344,Serviços contábeis,25000.0
250002532344,Serviços prestados por terceiros,110000.0
250002532345,Despesas com pessoal,22400.0
250002532347,Despesa com Impulsionamento de Conteúdos,700.0
250002532347,"Encargos financeiros, taxas bancárias e/ou op. cartão de crédito",15.1
250002532347,Publicidade por materiais impressos,6575.0
250002532347,Serviços prestados por terceiros,418.66999999999996
250002532347,Serviços próprios prestados por terceiros,3600.0
250002532348,Alimentação,154.0
250002532348,Cessão ou locação de veículos,7500.0
250002532348,Despesas com pessoal,22000.0
250002532348,"Encargos financeiros, taxas bancárias e/ou op. cartão de crédito",43.1
250002532348,Materiais de expediente,990.0
250002532348,Publicidade por materiais impressos,35419.1
250002532348,Serviços prestados por terceiros,10000.0
250002532349,Despesa com Impulsionamento de Conteúdos,92000.0
250002532349,Despesas com pessoal,6450.0
250002532349,Despesas com transporte ou deslocamento,13200.0
250002532349,Locação/cessão de bens imóveis,8700.0
250002532349,Publicidade por adesivos,3795.0
250002532349,Publicidade por jornais e revistas,24150.0
250002532349,Publicidade por materiais impressos,13700.0
250002532349,Serviços advocatícios,50000.0
250002532349,Serviços contábeis,8000.0
250002532349,Serviços prestados por terceiros,165000.0
250002532350,Atividades de militância e mobilização de rua,20332.61
250002532350,Cessão ou locação de veículos,17000.0
250002532350,Combustíveis e lubrificantes,2938.04
250002532350,Criação e inclusão de páginas na internet,5040.0
250002532350,Despesa com Impulsionamento de Conteúdos,5000.0
250002532350,"Encargos financeiros, taxas bancárias e/ou op. cartão de crédito",27.0
250002532350,Locação/cessão de bens imóveis,4000.0
250002532350,"Produção de jingles, vinhetas e slogans",550.0
250002532350,"Produção de programas de rádio, televisão ou vídeo",120.0
250002532350,Publicidade por materiais impressos,19437.989999999998
250002532350,Serviços contábeis,5000.0
250002532350,Serviços prestados por terceiros,2220.0
250002532350,Água,600.0
250002532351,Atividades de militância e mobilização de rua,135066.66
250002532351,Publicidade por adesivos,30200.0
250002532352,Despesas com pessoal,86400.0
250002532352,"Encargos financeiros, taxas bancárias e/ou op. cartão de crédito",1.0
250002532352,Publicidade por materiais impressos,12275.0
250002532352,Serviços advocatícios,20000.0
250002532353,Alimentação,2093.01
250002532353,Cessão ou locação de veículos,9022.4
250002532353,Combustíveis e lubrificantes,1436.2
250002532353,Correspondências e despesas postais,7926.41
250002532353,Despesa com Impulsionamento de Conteúdos,106000.0
250002532353,Despesas com pessoal,812000.0
250002532353,"Encargos financeiros, taxas bancárias e/ou op. cartão de crédito",31.2
250002532353,Eventos de promoção da candidatura,10700.0
250002532353,Materiais de expediente,4929.66
250002532353,Publicidade por adesivos,144500.0
250002532353,Publicidade por jornais e revistas,1100.0
250002532353,Publicidade por materiais impressos,680929.0
250002532353,Serviços advocatícios,60000.0
250002532353,Serviços contábeis,35000.0
250002532353,Serviços prestados por terceiros,30193.42
250002532354,"Encargos financeiros, taxas bancárias e/ou op. cartão de crédito",1.0
250002532354,"Produção de jingles, vinhetas e slogans",1500.0
250002532354,Publicidade por materiais impressos,98608.0
250002532354,Serviços prestados por terceiros,50000.0
250002532355,Atividades de militância e mobilização de rua,539083.04
250002532355,Cessão ou locação de veículos,84105.0
250002532355,Despesa com Impulsionamento de Conteúdos,320000.0
250002532355,Despesas com pessoal,101534.0
250002532355,"Encargos financeiros, taxas bancárias e/ou op. cartão de crédito",124.6
250002532355,Materiais de expediente,8000.0
250002532355,"Produção de jingles, vinhetas e slogans",7000.0
250002532355,Publicidade por adesivos,4250.0
250002532355,Publicidade por carros de som,37000.0
250002532355,Publicidade por jornais e revistas,32470.0
250002532355,Publicidade por materiais impressos,408200.1
250002532355,Serviços advocatícios,100000.0
250002532355,Serviços contábeis,30000.0
250002532355,Serviços prestados por terceiros,52000.0
250002532356,Atividades de militância e mobilização de rua,10000.0
250002532356,Cessão ou locação de veículos,7000.0
250002532356,Despesa com Impulsionamento de Conteúdos,1000.0
250002532356,Despesas com pessoal,32800.0
250002532356,"Encargos financeiros, taxas bancárias e/ou op. cartão de crédito",10.5
250002532356,Locação/cessão de bens móveis (exceto veículos),2000.0
250002532356,Materiais de expediente,432.14
250002532356,Publicidade por materiais impressos,5412.0
250002532356,Serviços prestados por terceiros,9500.0
250002532357,Despesa com Impulsionamento de Conteúdos,130000.0
250002532357,Despesas com pessoal,219400.0
250002532357,Serviços prestados por terceiros,25000.0
250002532358,Atividades de militância e mobilização de rua,26000.0
250002532358,Combustíveis e lubrificantes,528.9200000000001
250002532358,Despesa com Impulsionamento de Conteúdos,70000.0
250002532358,Despesas com pessoal,119000.0
250002532358,"Encargos financeiros, taxas bancárias e/ou op. cartão de crédito",2.5
250002532358,Locação/cessão de bens imóveis,1500.0
250002532358,Materiais de expediente,9954.0
250002532358,Publicidade por materiais impressos,39791.6
250002532358,Serviços advocatícios,20000.0
250002532358,Serviços contábeis,25000.0
250002532359,Cessão ou locação de veículos,21000.0
250002532359,Despesa com Impulsionamento de Conteúdos,1000.0
250002532359,Despesas com pessoal,324000.0
250002532359,Diversas a especificar,59750.0
250002532359,Publicidade por adesivos,5000.0
250002532359,Publicidade por materiais impressos,18380.0
250002532359,Serviços contábeis,6000.0
250002532360,Cessão ou locação de veículos,8000.0
250002532360,Despesa com Impulsionamento de Conteúdos,10000.0
250002532360,Despesas com pessoal,41500.0
250002532360,"Encargos financeiros, taxas bancárias e/ou op. cartão de crédito",2.5
250002532360,Serviços prestados por terceiros,23000.0
250002532361,Atividades de militância e mobilização de rua,7500.0
250002532361,Despesa com Impulsionamento de Conteúdos,19900.0
250002532361,"Encargos financeiros, taxas bancárias e/ou op. cartão de crédito",1.5
250002532361,Materiais de expediente,40.0
250002532361,Publicidade por materiais impressos,53000.0
250002532362,Despesa com Impulsionamento de Conteúdos,95000.0
250002532362,Despesas com pessoal,50000.0
250002532362,Serviços prestados por terceiros,25000.0
250002532363,Alimentação,9576.0
250002532363,Atividades de militância e mobilização de rua,1407300.0
250002532363,Cessão ou locação de veículos,86200.0
250002532363,Combustíveis e lubrificantes,1365.14
250002532363,Criação e inclusão de páginas na internet,3000.0
250002532363,Despesa com Impulsionamento de Conteúdos,15000.0
250002532363,Despesas com pessoal,79599.98
250002532363,"Encargos financeiros, taxas bancárias e/ou op. cartão de crédito",166.7
250002532363,Locação/cessão de bens imóveis,24500.0
250002532363,Locação/cessão de bens móveis (exceto veículos),3756.33
250002532363,Materiais de expediente,3732.4500000000003
250002532363,Serviços advocatícios,50000.0
250002532363,Serviços contábeis,30000.0
250002532364,Correspondências e despesas postais,2552.88
250002532364,Despesas com pessoal,70700.0
250002532364,"Encargos financeiros, taxas bancárias e/ou op. cartão de crédito",11.0
250002532364,Publicidade por materiais impressos,45749.0
250002532364,Serviços advocatícios,30000.0
250002532365,Atividades de militância e mobilização de rua,48500.0
250002532365,Despesa com Impulsionamento de Conteúdos,10000.0
250002532365,"Encargos financeiros, taxas bancárias e/ou op. cartão de crédito",39.2
250002532365,Publicidade por adesivos,62000.0
250002532365,Publicidade por materiais impressos,91500.0
250002532365,Serviços advocatícios,75000.0
250002532365,Serviços contábeis,12500.0
250002532365,Serviços prestados por terceiros,49500.0
250002532366,Alimentação,3532.37
250002532366,Cessão ou locação de veículos,27700.0
250002532366,Despesa com Impulsionamento de Conteúdos,26000.0
250002532366,Despesas com Hospedagem,3750.0
250002532366,Despesas com pessoal,487343.3
250002532366,Despesas com transporte ou deslocamento,1800.0
250002532366,Diversas a especificar,357021.04
250002532366,"Encargos financeiros, taxas bancárias e/ou op. cartão de crédito",207.4
250002532366,"Impostos, contribuições e taxas",7.0
250002532366,Locação/cessão de bens imóveis,11100.0
250002532366,Locação/cessão de bens móveis (exceto veículos),6000.0
250002532366,Publicidade por materiais impressos,23491.0
250002532366,Serviços advocatícios,20000.0
250002532367,Despesas com pessoal,21960.0
250002532367,"Encargos financeiros, taxas bancárias e/ou op. cartão de crédito",3.5
250002532368,Atividades de militância e mobilização de rua,707000.0
250002532368,Cessão ou locação de veículos,12500.0
250002532368,Despesa com Impulsionamento de Conteúdos,490000.0
250002532368,Despesas com pessoal,99250.0
250002532368,"Encargos financeiros, taxas bancárias e/ou op. cartão de crédito",437.6
250002532368,Locação/cessão de bens imóveis,34333.33
250002532368,Materiais de expediente,13161.4
250002532368,Publicidade por adesivos,32080.0
250002532368,Publicidade por carros de som,72000.0
250002532368,Publicidade por materiais impressos,171433.0
250002532368,Serviços advocatícios,200000.0
250002532368,Serviços contábeis,35000.0
250002532368,Serviços próprios prestados por terceiros,6000.0
250002532369,Despesas com pessoal,4000.0
250002532369,"Encargos financeiros, taxas bancárias e/ou op. cartão de crédito",0.5
250002532369,Serviços prestados por terceiros,25000.0
250002532370,Atividades de militância e mobilização de rua,334431.12
250002532370,Cessão ou locação de veículos,125846.08
250002532370,Combustíveis e lubrificantes,13583.42
250002532370,Correspondências e despesas postais,96864.49
250002532370,Despesa com Impulsionamento de Conteúdos,1225000.0
250002532370,Despesas com pessoal,62280.46
250002532370,"Encargos financeiros, taxas bancárias e/ou op. cartão de crédito",92.7
250002532370,Locação/cessão de bens imóveis,77000.0
250002532370,Publicidade por materiais impressos,136998.15
250002532370,Serviços advocatícios,100000.0
250002532370,Serviços contábeis,30000.0
250002532371,Atividades de militância e mobilização de rua,58400.0
250002532371,Cessão ou locação de veículos,38000.0
250002532371,Combustíveis e lubrificantes,1868.6000000000001
250002532371,Despesa com Impulsionamento de Conteúdos,20000.0
250002532371,Diversas a especificar,11500.0
250002532371,"Encargos financeiros, taxas bancárias e/ou op. cartão de crédito",20.0
250002532371,Locação/cessão de bens imóveis,12000.0
250002532371,Publicidade por adesivos,20991.7
250002532371,Publicidade por materiais impressos,34350.0
250002532371,Serviços advocatícios,50000.0
250002532371,Serviços contábeis,20000.0
250002532371,Serviços prestados por terceiros,110580.0
250002532371,Água,195.0
250002532372,Cessão ou locação de veículos,4500.0
250002532372,Despesa com Impulsionamento de Conteúdos,125000.0
250002532372,Despesas com pessoal,829030.0
250002532372,"Encargos financeiros, taxas bancárias e/ou op. cartão de crédito",3512.86
250002532372,Publicidade por materiais impressos,199300.0
250002532372,Serviços advocatícios,75000.0
250002532372,Serviços prestados por terceiros,93680.0
250002532373,Despesa com Impulsionamento de Conteúdos,75000.0
250002532373,"Encargos financeiros, taxas bancárias e/ou op. cartão de crédito",0.5
250002532373,"Produção de jingles, vinhetas e slogans",8000.0
250002532373,Publicidade por materiais impressos,5549.91
250002532373,Serviços advocatícios,70000.0
250002532373,Serviços prestados por terceiros,85000.0
250002532374,Cessão ou locação de veículos,3000.0
250002532374,Combustíveis e lubrificantes,4000.04
250002532374,Despesas com pessoal,20500.0
250002532374,"Encargos financeiros, taxas bancárias e/ou op. cartão de crédito",4.0
250002532375,Combustíveis e lubrificantes,6998.72
250002532375,Despesa com Impulsionamento de Conteúdos,170000.0
250002532375,Despesas com pessoal,64675.0
250002532375,"Encargos financeiros, taxas bancárias e/ou op. cartão de crédito",10.8
250002532375,Locação/cessão de bens imóveis,15000.0
250002532375,Materiais de expediente,2240.0
250002532375,Publicidade por carros de som,10000.0
250002532375,Publicidade por materiais impressos,49785.0
250002532375,Serviços prestados por terceiros,58000.0
250002532376,Atividades de militância e mobilização de rua,54645.0
250002532376,Cessão ou locação de veículos,5088.75
250002532376,Despesa com Impulsionamento de Conteúdos,40000.0
250002532376,Despesas com pessoal,32760.0
250002532376,"Encargos financeiros, taxas bancárias e/ou op. cartão de crédito",10.5
250002532376,Locação/cessão de bens imóveis,6000.0
250002532376,"Produção de jingles, vinhetas e slogans",11200.0
250002532376,Publicidade por adesivos,14160.0
250002532376,Publicidade por jornais e revistas,1200.0
250002532376,Publicidade por materiais impressos,318290.0
250002532376,Serviços prestados por terceiros,20000.0
250002532377,Cessão ou locação de veículos,4000.0
250002532377,Despesa com Impulsionamento de Conteúdos,43000.0
250002532377,Despesas com Hospedagem,1500.0
250002532377,Despesas com pessoal,182400.0
250002532377,"Encargos financeiros, taxas bancárias e/ou op. cartão de crédito",51.0
250002532377,Eventos de promoção da candidatura,17500.0
250002532377,Materiais de expediente,4500.0
250002532377,Publicidade por adesivos,17100.0
250002532377,Publicidade por materiais impressos,210302.0
250002532378,Alimentação,6300.0
250002532378,Atividades de militância e mobilização de rua,1368710.0
250002532378,Cessão ou locação de veículos,25000.0
250002532378,Combustíveis e lubrificantes,1536.9899999999998
250002532378,Criação e inclusão de páginas na internet,3000.0
250002532378,Despesa com Impulsionamento de Conteúdos,50000.0
250002532378,Despesas com pessoal,66700.0
250002532378,"Encargos financeiros, taxas bancárias e/ou op. cartão de crédito",163.7
250002532378,Eventos de promoção da candidatura,10000.0
250002532378,Locação/cessão de bens imóveis,14020.0
250002532378,Locação/cessão de bens móveis (exceto veículos),5106.33
250002532378,Materiais de expediente,4161.45
250002532378,"Produção de jingles, vinhetas e slogans",3000.0
250002532378,Publicidade por adesivos,90645.26
250002532378,Publicidade por materiais impressos,263136.33999999997
250002532378,Serviços advocatícios,50000.0
250002532378,Serviços contábeis,30000.0
250002532379,Despesa com Impulsionamento de Conteúdos,200000.0
250002532379,Despesas com pessoal,76500.0
250002532379,Despesas com transporte ou deslocamento,568800.0
250002532379,Locação/cessão de bens imóveis,28000.0
250002532379,"Produção de jingles, vinhetas e slogans",9000.0
250002532379,"Produção de programas de rádio, televisão ou vídeo",72500.0
250002532379,Publicidade por adesivos,24280.0
250002532379,Publicidade por jornais e revistas,800.0
250002532379,Publicidade por materiais impressos,220257.5
250002532379,Serviços advocatícios,50000.0
250002532379,Serviços prestados por terceiros,30000.0
250002532380,Atividades de militância e mobilização de rua,25125.5
250002532380,Cessão ou locação de veículos,4000.0
250002532380,Combustíveis e lubrificantes,232.99
250002532380,Criação e inclusão de páginas na internet,40.0
250002532380,Despesa com Impulsionamento de Conteúdos,100000.0
250002532380,Despesas com pessoal,6000.0
250002532380,"Encargos financeiros, taxas bancárias e/ou op. cartão de crédito",7.5
250002532380,Materiais de expediente,180.0
250002532380,Serviços prestados por terceiros,198750.0
250002532381,Atividades de militância e mobilização de rua,16000.0
250002532381,Cessão ou locação de veículos,21000.0
250002532381,Combustíveis e lubrificantes,283.97
250002532381,Despesa com Impulsionamento de Conteúdos,165000.0
250002532381,Despesas com pessoal,212000.0
250002532381,Despesas com transporte ou deslocamento,1904.62
250002532381,"Encargos financeiros, taxas bancárias e/ou op. cartão de crédito",38.7
250002532381,Locação/cessão de bens imóveis,45000.0
250002532381,Locação/cessão de bens móveis (exceto veículos),31657.3
250002532381,Materiais de expediente,1367.05
250002532381,Publicidade por materiais impressos,65213.67
250002532381,Serviços advocatícios,120000.0
250002532381,Serviços contábeis,35000.0
250002532382,"Encargos financeiros, taxas bancárias e/ou op. cartão de crédito",1.5
250002532382,Publicidade por materiais impressos,2469.0
250002532382,Serviços prestados por terceiros,56500.0
250002532383,Atividades de militância e mobilização de rua,162821.57
250002532383,Cessão ou locação de veículos,19000.0
250002532383,Combustíveis e lubrificantes,4969.82
250002532383,Despesa com Impulsionamento de Conteúdos,17022.0
250002532383,Despesas com pessoal,34500.0
250002532383,"Encargos financeiros, taxas bancárias e/ou op. cartão de crédito",34.5
250002532383,Locação/cessão de bens imóveis,2740.0
250002532383,Materiais de expediente,4609.8
250002532383,Publicidade por adesivos,9749.8
250002532383,Publicidade por materiais impressos,138320.0
250002532383,Serviços prestados por terceiros,42575.0
250002533607,Criação e inclusão de páginas na internet,40.0
250002533607,Despesa com Impulsionamento de Conteúdos,143.88
250002533607,"Encargos financeiros, taxas bancárias e/ou op. cartão de crédito",0.5
250002533607,Publicidade por materiais impressos,665.0
250002533609,Cessão ou locação de veículos,29500.0
250002533609,Combustíveis e lubrificantes,1415.26
250002533609,Despesas com pessoal,55412.5
250002533609,Diversas a especificar,339.9
250002533609,"Encargos financeiros, taxas bancárias e/ou op. cartão de crédito",9.0
250002533609,Locação/cessão de bens imóveis,13375.0
250002533609,"Produção de programas de rádio, televisão ou vídeo",5000.0
250002533609,Publicidade por adesivos,21470.0
250002533609,Publicidade por materiais impressos,65275.0
250002533609,Serviços advocatícios,8689.0
250002533609,Serviços contábeis,35000.0
250002533609,Serviços prestados por terceiros,15000.0
250002533611,Atividades de militância e mobilização de rua,10237.0
250002533611,"Encargos financeiros, taxas bancárias e/ou op. cartão de crédito",1.5
250002533611,Publicidade por adesivos,3290.0
250002533611,Publicidade por materiais impressos,5560.0
250002533611,Serviços advocatícios,25000.0
250002533611,Serviços contábeis,10000.0
250002533611,Serviços prestados por terceiros,83000.0
250002533612,Atividades de militância e mobilização de rua,383300.0
250002533612,Despesas com Hospedagem,92.6
250002533612,Despesas com pessoal,13500.0
250002533612,Despesas com transporte ou deslocamento,15000.0
250002533612,Locação/cessão de bens imóveis,5500.0
250002533612,"Produção de jingles, vinhetas e slogans",2000.0
250002533612,Publicidade por adesivos,38430.0
250002533612,Publicidade por materiais impressos,58610.0
250002533612,Serviços advocatícios,45000.0
250002533612,Serviços contábeis,60000.0
250002533613,Despesa com Impulsionamento de Conteúdos,3600.0
250002533613,"Encargos financeiros, taxas bancárias e/ou op. cartão de crédito",0.5
250002533613,Publicidade por adesivos,1175.0
250002533613,Publicidade por materiais impressos,46800.0
250002533613,Serviços contábeis,9000.0
250002533613,Serviços prestados por terceiros,19000.0
250002533613,Serviços próprios prestados por terceiros,8000.0
250002533614,Despesa com Impulsionamento de Conteúdos,8000.0
250002533614,Despesas com pessoal,120500.0
250002533614,Diversas a especificar,22650.0
250002533614,Locação/cessão de bens imóveis,5000.0
250002533614,"Produção de programas de rádio, televisão ou vídeo",40000.0
250002533614,Serviços advocatícios,20000.0
250002533614,Serviços contábeis,20000.0
250002533615,Atividades de militância e mobilização de rua,86810.0
250002533615,Despesa com Impulsionamento de Conteúdos,10750.0
250002533615,Despesas com pessoal,431.88
250002533615,"Encargos financeiros, taxas bancárias e/ou op. cartão de crédito",11.0
250002533615,Locação/cessão de bens imóveis,19200.0
250002533615,Publicidade por materiais impressos,11667.95
250002533615,Serviços advocatícios,3200.0
250002533615,Serviços contábeis,12000.0
250002533615,Serviços prestados por terceiros,85770.0
250002533615,Serviços próprios prestados por terceiros,2520.0
250002533616,Atividades de militância e mobilização de rua,6080.0
250002533616,"Encargos financeiros, taxas bancárias e/ou op. cartão de crédito",1.0
250002533616,Locação/cessão de bens imóveis,3000.0
250002533616,"Produção de jingles, vinhetas e slogans",900.0
250002533616,Publicidade por carros de som,20000.0
250002533616,Publicidade por jornais e revistas,4900.0
250002533616,Publicidade por materiais impressos,40475.0
250002533616,Serviços advocatícios,8689.58
250002533616,Serviços contábeis,25000.0
250002533618,Despesa com Impulsionamento de Conteúdos,15500.0
250002533618,"Encargos financeiros, taxas bancárias e/ou op. cartão de crédito",3.0
250002533618,Publicidade por adesivos,5600.0
250002533618,Publicidade por materiais impressos,26432.0
250002533618,Serviços advocatícios,33000.0
250002533618,Serviços contábeis,5000.0
250002533619,Criação e inclusão de páginas na internet,69.99
250002533619,"Encargos financeiros, taxas bancárias e/ou op. cartão de crédito",3.5
250002533619,Materiais de expediente,1080.0
250002533619,Publicidade por adesivos,1150.0
250002533619,Serviços contábeis,6000.0
250002533619,Serviços prestados por terceiros,14500.0
250002533620,Cessão ou locação de veículos,29000.0
250002533620,Despesa com Impulsionamento de Conteúdos,460.0
250002533620,Despesas com pessoal,152800.0
250002533620,Serviços advocatícios,30000.0
250002533620,Serviços contábeis,20000.0
250002533621,Diversas a especificar,2994.0
250002533621,"Encargos financeiros, taxas bancárias e/ou op. cartão de crédito",1.0
250002533621,Publicidade por adesivos,1140.0
250002533621,Publicidade por materiais impressos,9180.0
250002533621,Serviços advocatícios,10000.0
250002533621,Serviços contábeis,3000.0
250002533622,Despesas com pessoal,38000.0
250002533622,Locação/cessão de bens imóveis,6000.0
250002533622,Serviços advocatícios,10000.0
250002533622,Serviços contábeis,3000.0
250002533623,Alimentação,5000.0
250002533623,Atividades de militância e mobilização de rua,67000.0
250002533623,Cessão ou locação de veículos,72340.0
250002533623,Despesa com Impulsionamento de Conteúdos,6000.0
250002533623,Despesas com pessoal,83000.0
250002533623,Diversas a especificar,3000.0
250002533623,"Encargos financeiros, taxas bancárias e/ou op. cartão de crédito",16.1
250002533623,Eventos de promoção da candidatura,11000.0
250002533623,Locação/cessão de bens imóveis,4000.0
250002533623,Locação/cessão de bens móveis (exceto veículos),3957.0
250002533623,Publicidade por materiais impressos,109670.0
250002533623,Serviços advocatícios,12000.0
250002533623,Serviços contábeis,9500.0
250002533623,Serviços prestados por terceiros,15000.0
250002533624,Atividades de militância e mobilização de rua,945204.0
250002533624,Cessão ou locação de veículos,10647.0
250002533624,Combustíveis e lubrificantes,12036.01
250002533624,Despesa com Impulsionamento de Conteúdos,25000.0
250002533624,Despesas com pessoal,6000.0
250002533624,Diversas a especificar,19299.8
250002533624,"Encargos financeiros, taxas bancárias e/ou op. cartão de crédito",109.5
250002533624,Eventos de promoção da candidatura,2000.0
250002533624,Locação/cessão de bens imóveis,26200.0
250002533624,Materiais de expediente,3178.0299999999997
250002533624,Publicidade por adesivos,111590.05
250002533624,Publicidade por jornais e revistas,25300.0
250002533624,Publicidade por materiais impressos,559061.44
250002533624,Serviços advocatícios,100000.0
250002533624,Serviços contábeis,35000.0
250002533624,Serviços prestados por terceiros,86800.0
250002533625,Publicidade por materiais impressos,1700.0
250002533625,Serviços advocatícios,21500.0
250002533626,Despesas com pessoal,40000.0
250002533626,Despesas com transporte ou deslocamento,3200.0
250002533626,"Encargos financeiros, taxas bancárias e/ou op. cartão de crédito",9.5
250002533626,Eventos de promoção da candidatura,20965.0
250002533626,Publicidade por materiais impressos,220860.0
250002533626,Serviços advocatícios,50000.0
250002533626,Serviços contábeis,15000.0
250002533626,Serviços prestados por terceiros,283500.0
250002533627,Despesa com Impulsionamento de Conteúdos,94100.0
250002533627,"Encargos financeiros, taxas bancárias e/ou op. cartão de crédito",0.5
250002533627,Publicidade por materiais impressos,11600.0
250002533627,Serviços advocatícios,12000.0
250002533627,Serviços contábeis,4500.0
250002533628,Despesa com Impulsionamento de Conteúdos,50000.0
250002533628,Despesas com pessoal,277000.0
250002533628,Publicidade por adesivos,2800.0
250002533628,Publicidade por materiais impressos,137010.0
250002533628,Serviços prestados por terceiros,207922.6
250002533628,Serviços próprios prestados por terceiros,73290.0
250002533630,Atividades de militância e mobilização de rua,108962.0
250002533630,Correspondências e despesas postais,45593.92
250002533630,Despesa com Impulsionamento de Conteúdos,40000.0
250002533630,Despesas com pessoal,280240.0
250002533630,Eventos de promoção da candidatura,10000.0
250002533630,Locação/cessão de bens imóveis,12000.0
250002533630,"Produção de programas de rádio, televisão ou vídeo",45000.0
250002533630,Publicidade por carros de som,1260.0
250002533630,Publicidade por materiais impressos,204344.4
250002533630,Serviços advocatícios,66400.0
250002533630,Serviços prestados por terceiros,58860.0
250002533630,Serviços próprios prestados por terceiros,6000.0
250002533631,Criação e inclusão de páginas na internet,71.99
250002533631,Despesa com Impulsionamento de Conteúdos,8000.0
250002533631,"Encargos financeiros, taxas bancárias e/ou op. cartão de crédito",1.5
250002533631,Publicidade por materiais impressos,36500.0
250002533631,Serviços advocatícios,15000.0
250002533631,Serviços contábeis,20000.0
250002533631,Serviços prestados por terceiros,1800.0
250002533632,Criação e inclusão de páginas na internet,1500.0
250002533632,Despesa com Impulsionamento de Conteúdos,5500.0
250002533632,Diversas a especificar,32100.0
250002533632,"Produção de jingles, vinhetas e slogans",4000.0
250002533632,"Produção de programas de rádio, televisão ou vídeo",2400.0
250002533632,Serviços advocatícios,15000.0
250002533636,Atividades de militância e mobilização de rua,38169.0
250002533636,Cessão ou locação de veículos,10000.0
250002533636,Combustíveis e lubrificantes,1319.18
250002533636,Despesa com Impulsionamento de Conteúdos,5000.0
250002533636,"Encargos financeiros, taxas bancárias e/ou op. cartão de crédito",8.0
250002533636,Publicidade por materiais impressos,45025.0
250002533636,Serviços advocatícios,15000.0
250002533636,Serviços prestados por terceiros,1700.0
250002533637,Despesas com pessoal,3000.0
250002533637,Locação/cessão de bens imóveis,10500.0
250002533637,Materiais de expediente,400.0
250002533637,"Produção de jingles, vinhetas e slogans",10000.0
250002533637,Publicidade por adesivos,6066.0
250002533637,Publicidade por materiais impressos,302464.0
250002533637,Serviços advocatícios,3000.0
250002533637,Serviços contábeis,8000.0
250002533637,Serviços prestados por terceiros,42500.0
250002533638,Atividades de militância e mobilização de rua,36100.0
250002533638,Correspondências e despesas postais,188784.72
250002533638,Despesa com Impulsionamento de Conteúdos,842000.0
250002533638,Despesas com pessoal,96459.18
250002533638,Locação/cessão de bens móveis (exceto veículos),6500.0
250002533638,Publicidade por materiais impressos,158044.0
250002533638,Serviços advocatícios,40000.0
250002533638,Serviços contábeis,40000.0
250002533638,Serviços prestados por terceiros,30000.0
250002533640,Cessão ou locação de veículos,60000.0
250002533640,Despesa com Impulsionamento de Conteúdos,210000.0
250002533640,Despesas com pessoal,330399.32
250002533640,Diversas a especificar,75000.0
250002533640,Doações financeiras a outros candidatos/partidos,10000.0
250002533640,"Encargos financeiros, taxas bancárias e/ou op. cartão de crédito",178.0
250002533640,Locação/cessão de bens imóveis,72100.0
250002533640,Publicidade por adesivos,19425.0
250002533640,Publicidade por jornais e revistas,1000.0
250002533640,Publicidade por materiais impressos,94109.88
250002533640,Serviços advocatícios,25000.0
250002533641,"Encargos financeiros, taxas bancárias e/ou op. cartão de crédito",2.5
250002533641,Publicidade por materiais impressos,3720.0
250002533641,Serviços advocatícios,4000.0
250002533641,Serviços contábeis,20000.0
250002533641,Serviços prestados por terceiros,70000.0
250002533642,Correspondências e despesas postais,2465.0
250002533642,Despesa com Impulsionamento de Conteúdos,439000.0
250002533642,Despesas com transporte ou deslocamento,5000.0
250002533642,Diversas a especificar,45940.51
250002533642,Locação/cessão de bens imóveis,19919.71
250002533642,"Produção de programas de rádio, televisão ou vídeo",15000.0
250002533642,Publicidade por materiais impressos,142180.0
250002533642,Serviços advocatícios,90000.0
250002533642,Taxa de Administração de Financiamento Coletivo,140.51
250002533643,Despesa com Impulsionamento de Conteúdos,11500.0
250002533644,Despesa com Impulsionamento de Conteúdos,6000.0
250002533644,Despesas com pessoal,4200.0
250002533644,"Encargos financeiros, taxas bancárias e/ou op. cartão de crédito",2.0
250002533645,Despesas com pessoal,33000.0
250002533645,"Encargos financeiros, taxas bancárias e/ou op. cartão de crédito",4.5
250002533646,Despesas com Hospedagem,10000.0
250002533646,Despesas com pessoal,7000.0
250002533647,Atividades de militância e mobilização de rua,22428.0
250002533647,Cessão ou locação de veículos,75490.0
250002533647,Despesa com Impulsionamento de Conteúdos,400000.0
250002533647,Despesas com pessoal,14966.0
250002533647,Diversas a especificar,120.0
250002533647,"Encargos financeiros, taxas bancárias e/ou op. cartão de crédito",23.5
250002533647,Eventos de promoção da candidatura,24750.0
250002533647,Locação/cessão de bens imóveis,3000.0
250002533647,Locação/cessão de bens móveis (exceto veículos),970.0
250002533647,Materiais de expediente,735.36
250002533647,Publicidade por adesivos,89179.0
250002533647,Publicidade por materiais impressos,406598.3
250002533647,Serviços advocatícios,20000.0
250002533647,Serviços contábeis,20000.0
250002533647,Serviços prestados por terceiros,105028.0
250002533648,Despesas com pessoal,470.0
250002533648,"Encargos financeiros, taxas bancárias e/ou op. cartão de crédito",1.0
250002533648,Locação/cessão de bens imóveis,5500.0
250002533648,Publicidade por adesivos,7080.0
250002533648,Publicidade por materiais impressos,1458.0
250002533649,Despesas com pessoal,55500.0
250002533649,"Encargos financeiros, taxas bancárias e/ou op. cartão de crédito",6.0
250002533649,Publicidade por materiais impressos,26400.0
250002533649,Serviços prestados por terceiros,33698.0
250002533650,Despesas com pessoal,21000.0
250002533650,Publicidade por materiais impressos,20200.0
250002533653,Despesas com pessoal,30500.0
250002533653,Publicidade por materiais impressos,5810.0
250002533653,Serviços prestados por terceiros,12000.0
250002533656,Locação/cessão de bens imóveis,2800.0
250002533656,Materiais de expediente,2987.03
250002533656,Publicidade por adesivos,2520.0
250002533656,Publicidade por materiais impressos,22511.0
250002533656,Serviços contábeis,7500.0
250002533656,Serviços prestados por terceiros,44369.229999999996
250002533657,Atividades de militância e mobilização de rua,79077.5
250002533657,Cessão ou locação de veículos,9000.0
250002533657,Despesa com Impulsionamento de Conteúdos,37000.0
250002533657,Despesas com pessoal,131730.0
250002533657,Diversas a especificar,54000.0
250002533657,"Encargos financeiros, taxas bancárias e/ou op. cartão de crédito",45.1
250002533657,Locação/cessão de bens imóveis,27166.67
250002533657,Publicidade por adesivos,17820.6
250002533657,Publicidade por carros de som,10000.0
250002533657,Publicidade por materiais impressos,8500.0
250002533657,Serviços advocatícios,20000.0
250002533657,Serviços contábeis,25500.0
250002533658,Publicidade por materiais impressos,3179.98
250002533659,Serviços contábeis,30000.0
250002533659,Serviços prestados por terceiros,82000.0
250002533660,Despesas com transporte ou deslocamento,10000.0
250002533660,Serviços advocatícios,8000.0
250002533660,Serviços contábeis,20000.0
250002533660,Serviços prestados por terceiros,39000.0
250002533661,"Encargos financeiros, taxas bancárias e/ou op. cartão de crédito",17.1
250002533661,Publicidade por adesivos,33350.0
250002533661,Publicidade por materiais impressos,46650.0
250002533663,Despesas com pessoal,27500.0
250002533663,"Encargos financeiros, taxas bancárias e/ou op. cartão de crédito",3.0
250002533663,"Produção de programas de rádio, televisão ou vídeo",10000.0
250002533663,Publicidade por materiais impressos,10415.0
250002533663,Serviços prestados por terceiros,15000.0
250002533664,Cessão ou locação de veículos,10000.0
250002533664,Correspondências e despesas postais,40958.509999999995
250002533664,Despesa com Impulsionamento de Conteúdos,122237.95
250002533664,Despesas com pessoal,22200.0
250002533664,"Encargos financeiros, taxas bancárias e/ou op. cartão de crédito",6.5
250002533664,Locação/cessão de bens imóveis,29000.0
250002533664,Publicidade por adesivos,135908.59
250002533664,Publicidade por materiais impressos,402261.37
250002533664,Serviços contábeis,30000.0
250002533664,Serviços prestados por terceiros,87035.6
250002533666,Cessão ou locação de veículos,69734.92
250002533666,Combustíveis e lubrificantes,4119.03
250002533666,Despesa com Impulsionamento de Conteúdos,10100.0
250002533666,Despesas com Hospedagem,770.1600000000001
250002533666,Despesas com pessoal,456080.0
250002533666,Locação/cessão de bens imóveis,17720.0
250002533666,Locação/cessão de bens móveis (exceto veículos),2800.0
250002533666,Publicidade por adesivos,131705.0
250002533666,Publicidade por jornais e revistas,1380.0
250002533666,Publicidade por materiais impressos,137688.0
250002533666,Serviços advocatícios,100000.0
250002533666,Serviços contábeis,35000.0
250002533666,Serviços prestados por terceiros,306500.0
250002533666,Serviços próprios prestados por terceiros,31000.0
250002533667,Cessão ou locação de veículos,14549.76
250002533667,"Encargos financeiros, taxas bancárias e/ou op. cartão de crédito",15.1
250002533667,Serviços advocatícios,3500.0
250002533667,Serviços contábeis,2500.0
250002533667,Serviços prestados por terceiros,28450.0
250002533668,Despesas com pessoal,10000.0
250002533668,"Produção de programas de rádio, televisão ou vídeo",21000.0
250002533668,Publicidade por materiais impressos,11625.0
250002533668,Serviços advocatícios,30000.0
250002533668,Serviços contábeis,10000.0
250002533668,Serviços prestados por terceiros,183300.0
250002533668,Serviços próprios prestados por terceiros,60000.0
250002533669,Despesas com pessoal,10000.0
250002533669,Serviços contábeis,5000.0
250002533669,Serviços prestados por terceiros,23000.0
250002533670,Despesa com Impulsionamento de Conteúdos,5000.0
250002533670,Despesas com pessoal,10000.0
250002533670,Publicidade por materiais impressos,869.0
250002533670,Serviços contábeis,5000.0
250002533671,Atividades de militância e mobilização de rua,1100070.0
250002533671,Cessão ou locação de veículos,43989.66
250002533671,Combustíveis e lubrificantes,4971.23
250002533671,Despesa com Impulsionamento de Conteúdos,20000.0
250002533671,Despesas com pessoal,146550.0
250002533671,"Encargos financeiros, taxas bancárias e/ou op. cartão de crédito",217.3
250002533671,Locação/cessão de bens imóveis,6000.0
250002533671,"Produção de programas de rádio, televisão ou vídeo",20000.0
250002533671,Publicidade por adesivos,15635.0
250002533671,Publicidade por carros de som,7500.0
250002533671,Publicidade por jornais e revistas,900.0
250002533671,Publicidade por materiais impressos,191250.0
250002533671,Serviços advocatícios,90000.0
250002533671,Serviços contábeis,60000.0
250002533671,Serviços prestados por terceiros,150000.0
250002533672,Combustíveis e lubrificantes,500.0
250002533672,Despesas com pessoal,31000.0
250002533672,Diversas a especificar,4610.0
250002533672,Locação/cessão de bens imóveis,16000.0
250002533672,Publicidade por materiais impressos,15700.0
250002533672,Serviços advocatícios,20000.0
250002533672,Serviços contábeis,20000.0
250002533672,Serviços prestados por terceiros,68000.0
250002533673,Atividades de militância e mobilização de rua,103000.0
250002533673,Cessão ou locação de veículos,27400.0
250002533673,Despesa com Impulsionamento de Conteúdos,2700.0
250002533673,Despesas com pessoal,22500.0
250002533673,"Encargos financeiros, taxas bancárias e/ou op. cartão de crédito",7.5
250002533673,Locação/cessão de bens imóveis,8000.0
250002533673,Publicidade por adesivos,18802.5
250002533673,Publicidade por jornais e revistas,6125.0
250002533673,Publicidade por materiais impressos,35040.5
250002533673,Serviços advocatícios,20000.0
250002533673,Serviços contábeis,12000.0
250002533673,Serviços prestados por terceiros,12750.0
250002534394,Despesa com Impulsionamento de Conteúdos,77999.0
250002534394,"Encargos financeiros, taxas bancárias e/ou op. cartão de crédito",1.0
250002534394,Publicidade por materiais impressos,4700.0
250002534394,Serviços prestados por terceiros,15000.0
250002534395,Atividades de militância e mobilização de rua,141678.0
250002534395,Despesa com Impulsionamento de Conteúdos,50000.0
250002534395,Despesas com pessoal,4300.0
250002534395,"Encargos financeiros, taxas bancárias e/ou op. cartão de crédito",9.0
250002534395,Publicidade por materiais impressos,30590.0
250002534395,Serviços prestados por terceiros,31500.0
250002534395,Serviços próprios prestados por terceiros,86000.0
250002534399,Aquisição/Doação de bens móveis ou imóveis,1000.0
250002534399,"Encargos financeiros, taxas bancárias e/ou op. cartão de crédito",0.5
250002534400,Atividades de militância e mobilização de rua,225375.0
250002534400,Cessão ou locação de veículos,25000.0
250002534400,Criação e inclusão de páginas na internet,8000.0
250002534400,Despesa com Impulsionamento de Conteúdos,14000.0
250002534400,Doações financeiras a outros candidatos/partidos,88030.5
250002534400,"Encargos financeiros, taxas bancárias e/ou op. cartão de crédito",224.39999999999998
250002534400,Locação/cessão de bens imóveis,3500.0
250002534400,"Produção de jingles, vinhetas e slogans",4300.0
250002534400,"Produção de programas de rádio, televisão ou vídeo",4150.0
250002534400,Publicidade por adesivos,6249.0
250002534400,Publicidade por materiais impressos,71562.0
250002534400,Serviços advocatícios,30000.0
250002534400,Serviços contábeis,30000.0
250002534400,Serviços prestados por terceiros,2340.0
250002534401,Cessão ou locação de veículos,3000.0
250002534401,Despesas com pessoal,59000.0
250002534401,Publicidade por materiais impressos,1000.0
250002534402,Despesas com pessoal,62500.0
250002534402,"Encargos financeiros, taxas bancárias e/ou op. cartão de crédito",8.0
250002534403,Atividades de militância e mobilização de rua,4500.0
250002534403,Cessão ou locação de veículos,1500.0
250002534403,Despesa com Impulsionamento de Conteúdos,22065.0
250002534403,Despesas com pessoal,724.52
250002534403,"Encargos financeiros, taxas bancárias e/ou op. cartão de crédito",3.0
250002534403,Locação/cessão de bens imóveis,10958.99
250002534403,"Produção de jingles, vinhetas e slogans",5000.0
250002534403,Publicidade por adesivos,1500.0
250002534403,Publicidade por materiais impressos,22930.0
250002534403,Serviços prestados por terceiros,6350.0
250002534403,Serviços próprios prestados por terceiros,4000.0
250002534404,Despesas com pessoal,19500.0
250002534404,"Encargos financeiros, taxas bancárias e/ou op. cartão de crédito",0.5
250002534404,Publicidade por materiais impressos,23390.0
250002534405,Atividades de militância e mobilização de rua,35700.0
250002534405,Despesa com Impulsionamento de Conteúdos,3000.0
250002534405,Diversas a especificar,5500.0
250002534405,"Encargos financeiros, taxas bancárias e/ou op. cartão de crédito",9.5
250002534405,Serviços contábeis,11000.0
250002534405,Serviços prestados por terceiros,780.0
250002534406,Atividades de militância e mobilização de rua,76700.0
250002534406,Cessão ou locação de veículos,9000.0
250002534406,Locação/cessão de bens imóveis,2000.0
250002534406,Publicidade por adesivos,1672.0
250002534406,Publicidade por materiais impressos,82040.0
250002534406,Serviços próprios prestados por terceiros,9000.0
250002534407,Despesas com pessoal,69000.0
250002534407,Publicidade por materiais impressos,12270.0
250002534408,Despesa com Impulsionamento de Conteúdos,4150.0
250002534408,Despesas com pessoal,22500.0
250002534408,"Encargos financeiros, taxas bancárias e/ou op. cartão de crédito",4.0
250002534408,Serviços prestados por terceiros,50000.0
250002534409,Despesa com Impulsionamento de Conteúdos,8000.0
250002534409,Despesas com pessoal,50000.0
250002534409,"Encargos financeiros, taxas bancárias e/ou op. cartão de crédito",5.5
250002534410,Atividades de militância e mobilização de rua,627000.0
250002534410,Despesa com Impulsionamento de Conteúdos,52000.0
250002534410,Locação/cessão de bens imóveis,12000.0
250002534410,Publicidade por adesivos,27250.0
250002534410,Publicidade por materiais impressos,43952.0
250002534410,Serviços contábeis,20000.0
250002534410,Serviços prestados por terceiros,10000.0
250002534411,Alimentação,1079.48
250002534411,Cessão ou locação de veículos,53575.0
250002534411,Despesa com Impulsionamento de Conteúdos,300.0
250002534411,Despesas com pessoal,16940.0
250002534411,Locação/cessão de bens imóveis,12000.0
250002534411,Materiais de expediente,8808.3
250002534411,Publicidade por jornais e revistas,1650.0
250002534411,Publicidade por materiais impressos,26145.0
250002534411,Serviços prestados por terceiros,60450.0
250002534412,Atividades de militância e mobilização de rua,18120.0
250002534412,Despesa com Impulsionamento de Conteúdos,5010.0
250002534412,Publicidade por adesivos,900.0
250002534412,Publicidade por materiais impressos,24901.17
250002534412,Serviços próprios prestados por terceiros,6360.0
250002534413,Despesa com Impulsionamento de Conteúdos,13000.0
250002534413,Despesas com pessoal,50000.0
250002534413,"Encargos financeiros, taxas bancárias e/ou op. cartão de crédito",4.5
250002534413,Materiais de expediente,480.3
250002534413,"Produção de programas de rádio, televisão ou vídeo",17500.0
250002534413,Publicidade por jornais e revistas,78980.16
250002534413,Publicidade por materiais impressos,133030.0
250002534413,Serviços prestados por terceiros,2800.0
250002534914,Atividades de militância e mobilização de rua,600.0
250002534914,Despesa com Impulsionamento de Conteúdos,5000.0
250002534914,"Encargos financeiros, taxas bancárias e/ou op. cartão de crédito",1.5
250002534914,"Produção de programas de rádio, televisão ou vídeo",30392.4
250002534914,Publicidade por adesivos,5457.5
250002534914,Publicidade por jornais e revistas,2500.0
250002534914,Publicidade por materiais impressos,8050.0
250002534915,Despesas com pessoal,131464.6
250002534915,Doações financeiras a outros candidatos/partidos,500000.0
250002534915,"Encargos financeiros, taxas bancárias e/ou op. cartão de crédito",23.5
250002534915,Locação/cessão de bens imóveis,9100.0
250002534915,"Produção de jingles, vinhetas e slogans",399.0
250002534915,Publicidade por carros de som,30000.0
250002534915,Serviços advocatícios,50000.0
250002534915,Serviços contábeis,15000.0
250002534915,Serviços prestados por terceiros,15000.0
250002534916,Atividades de militância e mobilização de rua,264737.0
250002534916,Correspondências e despesas postais,992.0
250002534916,Despesa com Impulsionamento de Conteúdos,6200.0
250002534916,"Encargos financeiros, taxas bancárias e/ou op. cartão de crédito",111.5
250002534916,Locação/cessão de bens imóveis,68842.99
250002534916,"Produção de programas de rádio, televisão ou vídeo",202000.0
250002534916,Publicidade por adesivos,3185.8
250002534916,Publicidade por materiais impressos,47636.229999999996
250002534916,Serviços próprios prestados por terceiros,4500.0
250002534917,Cessão ou locação de veículos,32164.0
250002534917,Combustíveis e lubrificantes,20783.16
250002534917,Despesa com Impulsionamento de Conteúdos,387100.0
250002534917,Despesas com pessoal,193966.0
250002534917,"Encargos financeiros, taxas bancárias e/ou op. cartão de crédito",350.81
250002534917,Locação/cessão de bens imóveis,6100.0
250002534917,Locação/cessão de bens móveis (exceto veículos),5050.0
250002534917,Pesquisas ou testes eleitorais,21000.0
250002534917,"Produção de jingles, vinhetas e slogans",5250.0
250002534917,"Produção de programas de rádio, televisão ou vídeo",15000.0
250002534917,Publicidade por adesivos,30934.64
250002534917,Publicidade por jornais e revistas,1600.0
250002534917,Publicidade por materiais impressos,221751.97
250002534917,Serviços advocatícios,25000.0
250002534917,Serviços contábeis,4000.0
250002534917,Serviços próprios prestados por terceiros,6000.0
250002534918,Atividades de militância e mobilização de rua,18000.0
250002534918,Cessão ou locação de veículos,21600.0
250002534918,Criação e inclusão de páginas na internet,40.0
250002534918,"Encargos financeiros, taxas bancárias e/ou op. cartão de crédito",17.6
250002534918,Serviços prestados por terceiros,50000.0
250002534918,Serviços próprios prestados por terceiros,10000.0
250002534919,Atividades de militância e mobilização de rua,46000.0
250002534919,Despesa com Impulsionamento de Conteúdos,600.0
250002534919,"Encargos financeiros, taxas bancárias e/ou op. cartão de crédito",9.5
250002534919,Publicidade por adesivos,2720.0
250002534919,Publicidade por materiais impressos,980.0
250002534919,Serviços prestados por terceiros,13000.0
250002534920,Atividades de militância e mobilização de rua,10000.0
250002534920,Despesa com Impulsionamento de Conteúdos,18876.809999999998
250002534920,Despesas com pessoal,55000.0
250002534920,"Encargos financeiros, taxas bancárias e/ou op. cartão de crédito",17.6
250002534920,Locação/cessão de bens imóveis,1980.0
250002534920,Publicidade por adesivos,4640.0
250002534920,Publicidade por materiais impressos,31390.0
250002534920,Serviços advocatícios,20000.0
250002534920,Serviços contábeis,1000.0
250002534920,Serviços prestados por terceiros,31303.190000000002
250002534921,Correspondências e despesas postais,16849.25
250002534921,Despesa com Impulsionamento de Conteúdos,61000.0
250002534921,Despesas com pessoal,6500.0
250002534921,"Encargos financeiros, taxas bancárias e/ou op. cartão de crédito",6.0
250002534921,Locação/cessão de bens móveis (exceto veículos),6940.0
250002534921,Materiais de expediente,212.99
250002534921,"Produção de programas de rádio, televisão ou vídeo",30000.0
250002534921,Publicidade por materiais impressos,277096.0
250002534921,Serviços prestados por terceiros,68400.0
250002534922,Atividades de militância e mobilização de rua,31500.0
250002534922,Despesa com Impulsionamento de Conteúdos,7000.0
250002534922,Despesas com pessoal,1000.0
250002534922,"Encargos financeiros, taxas bancárias e/ou op. cartão de crédito",4.0
250002534922,Serviços próprios prestados por terceiros,20000.0
250002534923,Alimentação,584.86
250002534923,Atividades de militância e mobilização de rua,51642.0
250002534923,Combustíveis e lubrificantes,1841.1399999999999
250002534923,Correspondências e despesas postais,9870.619999999999
250002534923,Despesa com Impulsionamento de Conteúdos,45399.990000000005
250002534923,Despesas com Hospedagem,260.0
250002534923,Publicidade por materiais impressos,16230.0
250002534923,Serviços advocatícios,8000.0
250002534923,Serviços contábeis,5000.0
250002534923,Serviços prestados por terceiros,3500.0
250002534924,Despesa com Impulsionamento de Conteúdos,10000.0
250002534924,Despesa com geradores de energia,3100.0
250002534924,Despesas com pessoal,474830.0
250002534924,"Encargos financeiros, taxas bancárias e/ou op. cartão de crédito",99.1
250002534924,Locação/cessão de bens imóveis,21000.0
250002534924,Locação/cessão de bens móveis (exceto veículos),7606.0
250002534924,Materiais de expediente,1140.0
250002534924,Publicidade por jornais e revistas,1400.0
250002534924,Publicidade por materiais impressos,74615.0
250002534924,Serviços prestados por terceiros,52000.0
250002534926,Cessão ou locação de veículos,2500.0
250002534926,Despesas com pessoal,8500.0
250002534926,"Encargos financeiros, taxas bancárias e/ou op. cartão de crédito",35.1
250002534926,Publicidade por materiais impressos,38710.0
250002534927,Despesas com pessoal,6000.0
250002534927,"Encargos financeiros, taxas bancárias e/ou op. cartão de crédito",2.0
250002534927,Publicidade por materiais impressos,19078.5
250002534927,Taxa de Administração de Financiamento Coletivo,117.34
250002534928,Despesa com Impulsionamento de Conteúdos,23000.0
250002534928,Despesas com pessoal,100457.0
250002534928,"Encargos financeiros, taxas bancárias e/ou op. cartão de crédito",3.0
250002534929,Atividades de militância e mobilização de rua,11000.0
250002534929,Cessão ou locação de veículos,10129.4
250002534929,Despesa com Impulsionamento de Conteúdos,40000.0
250002534929,"Encargos financeiros, taxas bancárias e/ou op. cartão de crédito",13.0
250002534929,Publicidade por materiais impressos,28515.0
250002534929,Serviços prestados por terceiros,39000.0
250002534930,Atividades de militância e mobilização de rua,99250.0
250002534930,Criação e inclusão de páginas na internet,5340.0
250002534930,Despesa com Impulsionamento de Conteúdos,79900.0
250002534930,Despesas com transporte ou deslocamento,212720.89
250002534930,"Encargos financeiros, taxas bancárias e/ou op. cartão de crédito",37.1
250002534930,Passagem Aérea,1806.59
250002534930,"Produção de jingles, vinhetas e slogans",3000.0
250002534930,Publicidade por adesivos,12350.0
250002534930,Publicidade por jornais e revistas,75600.0
250002534930,Publicidade por materiais impressos,203642.6
250002534930,Serviços advocatícios,20000.0
250002534930,Serviços contábeis,20000.0
250002534930,Serviços prestados por terceiros,365000.0
250002534931,Atividades de militância e mobilização de rua,21600.0
250002534931,"Encargos financeiros, taxas bancárias e/ou op. cartão de crédito",2.0
250002534931,Serviços próprios prestados por terceiros,16000.0
250002534932,Atividades de militância e mobilização de rua,577288.0
250002534932,Cessão ou locação de veículos,4482.0
250002534932,Combustíveis e lubrificantes,2000.0
250002534932,Despesa com Impulsionamento de Conteúdos,1107.11
250002534932,Doações financeiras a outros candidatos/partidos,35000.0
250002534932,Locação/cessão de bens imóveis,6500.0
250002534932,Publicidade por adesivos,33000.0
250002534932,Publicidade por materiais impressos,155672.86
250002534932,Serviços advocatícios,10000.0
250002534932,Serviços prestados por terceiros,24000.0
250002534933,"Encargos financeiros, taxas bancárias e/ou op. cartão de crédito",0.5
250002534933,Serviços prestados por terceiros,85000.0
250002534934,"Encargos financeiros, taxas bancárias e/ou op. cartão de crédito",13.0
250002534934,Publicidade por materiais impressos,57810.0
250002534934,Serviços contábeis,8000.0
250002534934,Serviços prestados por terceiros,85000.0
250002534935,Combustíveis e lubrificantes,674.58
250002534935,Despesa com Impulsionamento de Conteúdos,5000.0
250002534935,"Encargos financeiros, taxas bancárias e/ou op. cartão de crédito",1.5
250002534935,Publicidade por materiais impressos,43850.0
250002534935,Serviços prestados por terceiros,1500.0
250002534936,Despesas com pessoal,27000.0
250002534937,Despesa com Impulsionamento de Conteúdos,2000.0
250002534937,"Encargos financeiros, taxas bancárias e/ou op. cartão de crédito",0.5
250002534937,Serviços prestados por terceiros,60000.0
250002534938,Alimentação,12992.0
250002534938,Atividades de militância e mobilização de rua,348576.13
250002534938,Locação/cessão de bens imóveis,9100.0
250002534938,Publicidade por adesivos,29965.14
250002534938,Publicidade por materiais impressos,121278.81999999999
250002534938,Serviços advocatícios,30000.0
250002534938,Serviços contábeis,30000.0
250002534938,Serviços prestados por terceiros,20000.0
250002534938,Água,1187.67
250002534939,Atividades de militância e mobilização de rua,27686.98
250002534939,Cessão ou locação de veículos,18000.0
250002534939,Despesas com pessoal,1000.0
250002534939,"Encargos financeiros, taxas bancárias e/ou op. cartão de crédito",7.5
250002534939,Locação/cessão de bens imóveis,3800.0
250002534939,Serviços prestados por terceiros,20000.0
250002534941,Publicidade por materiais impressos,310.0
250002534942,Despesas com pessoal,3000.0
250002534942,"Encargos financeiros, taxas bancárias e/ou op. cartão de crédito",15.1
250002534942,Serviços advocatícios,6000.0
250002534942,Serviços contábeis,3000.0
250002534942,Serviços prestados por terceiros,30000.0
250002534944,Despesa com Impulsionamento de Conteúdos,61000.0
250002534944,"Encargos financeiros, taxas bancárias e/ou op. cartão de crédito",5.0
250002534944,"Produção de programas de rádio, televisão ou vídeo",76500.0
250002534944,Publicidade por carros de som,22500.0
250002534944,Publicidade por jornais e revistas,3500.0
250002534944,Publicidade por materiais impressos,277650.0
250002534945,Despesa com Impulsionamento de Conteúdos,10000.0
250002534945,Despesas com pessoal,11000.0
250002534945,Diversas a especificar,45000.0
250002534945,"Encargos financeiros, taxas bancárias e/ou op. cartão de crédito",14.1
250002534945,Publicidade por adesivos,390.0
250002534946,Alimentação,307.96999999999997
250002534946,Atividades de militância e mobilização de rua,8870.0
250002534946,Cessão ou locação de veículos,5972.3
250002534946,Combustíveis e lubrificantes,284.38
250002534946,Despesa com Impulsionamento de Conteúdos,33000.0
250002534946,Diversas a especificar,23000.0
250002534946,Publicidade por materiais impressos,4943.3
250002534946,Serviços contábeis,7000.0
250002534946,Serviços prestados por terceiros,23500.0
250002534947,Despesa com Impulsionamento de Conteúdos,3650.0
250002534947,Despesas com pessoal,14000.0
250002534947,"Encargos financeiros, taxas bancárias e/ou op. cartão de crédito",0.5
250002534947,Locação/cessão de bens imóveis,4400.0
250002534948,Cessão ou locação de veículos,7950.0
250002534948,Combustíveis e lubrificantes,906.43
250002534948,Despesa com Impulsionamento de Conteúdos,27500.0
250002534948,Despesas com pessoal,390870.0
250002534948,Diversas a especificar,36000.0
250002534948,Doações financeiras a outros candidatos/partidos,73000.0
250002534948,"Encargos financeiros, taxas bancárias e/ou op. cartão de crédito",18.5
250002534948,Locação/cessão de bens imóveis,23000.0
250002534948,Publicidade por adesivos,24884.899999999998
250002534948,Publicidade por materiais impressos,161564.6
250002534948,Serviços advocatícios,50000.0
250002534948,Serviços contábeis,50000.0
250002534949,Cessão ou locação de veículos,9250.0
250002534949,Despesa com Impulsionamento de Conteúdos,86000.0
250002534949,Despesas com pessoal,330083.85
250002534949,Diversas a especificar,390000.0
250002534949,"Encargos financeiros, taxas bancárias e/ou op. cartão de crédito",30.0
250002534949,"Produção de jingles, vinhetas e slogans",1000.0
250002534949,Publicidade por adesivos,31750.0
250002534949,Publicidade por materiais impressos,32000.0
250002534949,Serviços advocatícios,190000.0
250002534949,Serviços contábeis,50000.0
250002534949,Serviços prestados por terceiros,322100.0
250002534950,Cessão ou locação de veículos,28000.0
250002534950,Combustíveis e lubrificantes,1562.38
250002534950,Despesa com Impulsionamento de Conteúdos,67500.0
250002534950,"Encargos financeiros, taxas bancárias e/ou op. cartão de crédito",35.7
250002534950,Publicidade por adesivos,20800.0
250002534950,Publicidade por materiais impressos,15350.0
250002534950,Serviços advocatícios,70000.0
250002534951,Publicidade por materiais impressos,2050.0
250002535932,Despesa com Impulsionamento de Conteúdos,70000.0
250002535932,Despesas com pessoal,2650.0
250002535932,Diversas a especificar,189474.22
250002535932,"Encargos financeiros, taxas bancárias e/ou op. cartão de crédito",2.5
250002535932,Publicidade por adesivos,1000.0
250002535932,Publicidade por materiais impressos,4320.0
250002535932,Serviços advocatícios,43000.0
250002535932,Serviços contábeis,5000.0
250002535933,Atividades de militância e mobilização de rua,688675.5
250002535933,Cessão ou locação de veículos,9170.0
250002535933,Combustíveis e lubrificantes,3494.58
250002535933,Despesa com Impulsionamento de Conteúdos,46000.0
250002535933,"Encargos financeiros, taxas bancárias e/ou op. cartão de crédito",59.6
250002535933,Locação/cessão de bens imóveis,50000.0
250002535933,Locação/cessão de bens móveis (exceto veículos),30500.0
250002535933,Materiais de expediente,138.0
250002535933,Publicidade por adesivos,26740.0
250002535933,Publicidade por materiais impressos,135863.0
250002535933,Serviços advocatícios,75000.0
250002535933,Serviços contábeis,49000.0
250002535933,Serviços prestados por terceiros,60000.0
250002535933,Água,178.0
250002535934,Atividades de militância e mobilização de rua,106000.0
250002535934,Despesa com Impulsionamento de Conteúdos,100.0
250002535934,Despesas com transporte ou deslocamento,19000.0
250002535934,Diversas a especificar,590.0
250002535934,"Encargos financeiros, taxas bancárias e/ou op. cartão de crédito",4.5
250002535934,Locação/cessão de bens imóveis,20000.0
250002535934,Locação/cessão de bens móveis (exceto veículos),2600.0
250002535934,Publicidade por materiais impressos,78615.0
250002535934,Serviços advocatícios,25000.0
250002535934,Serviços contábeis,7800.0
250002535934,Serviços prestados por terceiros,62500.0
250002535935,Alimentação,656.4200000000001
250002535935,Atividades de militância e mobilização de rua,55000.0
250002535935,Despesas com Hospedagem,6280.0
250002535935,Despesas com pessoal,241500.0
250002535935,Diversas a especificar,595349.0
250002535935,"Encargos financeiros, taxas bancárias e/ou op. cartão de crédito",36.7
250002535935,Publicidade por materiais impressos,138300.0
250002535935,Serviços advocatícios,355000.0
250002535935,Serviços contábeis,30000.0
250002535935,Serviços prestados por terceiros,233000.0
250002535936,Cessão ou locação de veículos,35500.0
250002535936,Despesa com Impulsionamento de Conteúdos,150000.0
250002535936,Despesas com pessoal,348500.0
250002535936,Diversas a especificar,150000.0
250002535936,Doações financeiras a outros candidatos/partidos,100000.0
250002535936,"Encargos financeiros, taxas bancárias e/ou op. cartão de crédito",118.25
250002535936,Locação/cessão de bens imóveis,51000.0
250002535936,Publicidade por materiais impressos,450579.39
250002535936,Serviços advocatícios,170000.0
250002535936,Serviços contábeis,8000.0
250002535937,Atividades de militância e mobilização de rua,8000.0
250002535937,Diversas a especificar,88000.0
250002535937,"Encargos financeiros, taxas bancárias e/ou op. cartão de crédito",3.0
250002535937,Publicidade por materiais impressos,120250.0
250002535937,Serviços contábeis,10000.0
250002535938,Atividades de militância e mobilização de rua,33960.0
250002535938,Cessão ou locação de veículos,85228.94
250002535938,Combustíveis e lubrificantes,31050.0
250002535938,Correspondências e despesas postais,430800.0
250002535938,Despesa com Impulsionamento de Conteúdos,87000.0
250002535938,Despesas com pessoal,81000.0
250002535938,Despesas com transporte ou deslocamento,5149.54
250002535938,"Encargos financeiros, taxas bancárias e/ou op. cartão de crédito",7.5
250002535938,Publicidade por adesivos,38600.0
250002535938,Publicidade por materiais impressos,918790.0
250002535938,Serviços prestados por terceiros,5200.0
250002535939,Atividades de militância e mobilização de rua,53795.2
250002535939,Despesa com Impulsionamento de Conteúdos,50000.0
250002535939,Despesas com pessoal,40000.0
250002535939,"Encargos financeiros, taxas bancárias e/ou op. cartão de crédito",15.1
250002535939,Publicidade por adesivos,36505.0
250002535939,Publicidade por materiais impressos,81884.0
250002535939,Serviços advocatícios,40000.0
250002535939,Serviços contábeis,10000.0
250002535939,Serviços prestados por terceiros,72500.0
250002535940,Alimentação,34335.0
250002535940,Atividades de militância e mobilização de rua,671123.12
250002535940,Cessão ou locação de veículos,234905.98
250002535940,Despesa com Impulsionamento de Conteúdos,40000.0
250002535940,Despesas com pessoal,9024.9
250002535940,"Encargos financeiros, taxas bancárias e/ou op. cartão de crédito",137.79999999999998
250002535940,Locação/cessão de bens imóveis,116370.0
250002535940,"Produção de jingles, vinhetas e slogans",11800.0
250002535940,Publicidade por adesivos,28936.989999999998
250002535940,Publicidade por materiais impressos,266219.48
250002535940,Serviços contábeis,50000.0
250002535940,Serviços prestados por terceiros,727547.92
250002535941,Atividades de militância e mobilização de rua,55814.0
250002535941,Despesa com Impulsionamento de Conteúdos,10000.0
250002535941,Despesas com pessoal,14970.0
250002535941,"Encargos financeiros, taxas bancárias e/ou op. cartão de crédito",3.0
250002535941,Locação/cessão de bens imóveis,3600.0
250002535941,Publicidade por adesivos,24495.0
250002535941,Publicidade por materiais impressos,28948.989999999998
250002535941,Serviços advocatícios,10000.0
250002535941,Serviços prestados por terceiros,12000.0
250002535942,Atividades de militância e mobilização de rua,25012.12
250002535942,Cessão ou locação de veículos,10272.99
250002535942,Combustíveis e lubrificantes,1525.24
250002535942,Despesa com Impulsionamento de Conteúdos,55000.0
250002535942,"Produção de jingles, vinhetas e slogans",197.0
250002535942,"Produção de programas de rádio, televisão ou vídeo",16000.0
250002535942,Pré-instalação física de comitê de campanha,1680.0
250002535942,Publicidade por adesivos,5150.0
250002535942,Publicidade por materiais impressos,12350.0
250002535942,Serviços contábeis,20000.0
250002535942,Serviços prestados por terceiros,18000.0
250002535943,Alimentação,1109.0
250002535943,Cessão ou locação de veículos,108696.8
250002535943,Combustíveis e lubrificantes,1750.0
250002535943,Despesa com Impulsionamento de Conteúdos,14500.0
250002535943,Despesas com pessoal,1166988.08
250002535943,"Encargos financeiros, taxas bancárias e/ou op. cartão de crédito",660.2700000000001
250002535943,Locação/cessão de bens imóveis,50935.0
250002535943,"Produção de programas de rádio, televisão ou vídeo",3920.0
250002535943,Publicidade por materiais impressos,137843.0
250002535943,Serviços prestados por terceiros,750.0
250002535944,Atividades de militância e mobilização de rua,66854.8
250002535944,Cessão ou locação de veículos,46205.0
250002535944,Despesas com pessoal,11500.0
250002535944,"Encargos financeiros, taxas bancárias e/ou op. cartão de crédito",3.5
250002535944,Locação/cessão de bens imóveis,1500.0
250002535944,Materiais de expediente,534.41
250002535944,Publicidade por adesivos,363.99
250002535944,Publicidade por materiais impressos,94516.8
250002535944,Serviços prestados por terceiros,16930.0
250002535945,Cessão ou locação de veículos,10000.0
250002535945,Despesa com Impulsionamento de Conteúdos,4000.0
250002535945,Despesas com pessoal,87502.0
250002535945,Publicidade por carros de som,300.0
250002535945,Publicidade por materiais impressos,32994.0
250002535945,Serviços advocatícios,10000.0
250002535945,Serviços contábeis,5000.0
250002535945,Serviços prestados por terceiros,81000.0
250002535945,Água,142.8
250002535946,Alimentação,1926.22
250002535946,Cessão ou locação de veículos,13000.0
250002535946,Despesa com Impulsionamento de Conteúdos,44700.0
250002535946,Despesas com pessoal,109123.68
250002535946,Diversas a especificar,64.5
250002535946,"Encargos financeiros, taxas bancárias e/ou op. cartão de crédito",3.5
250002535946,Locação/cessão de bens imóveis,6070.0
250002535946,Locação/cessão de bens móveis (exceto veículos),1000.0
250002535946,Publicidade por adesivos,3810.0
250002535946,Publicidade por materiais impressos,7870.0
250002535946,Serviços advocatícios,2500.0
250002535946,Serviços contábeis,16500.0
250002535946,Serviços prestados por terceiros,35000.0
250002535947,Alimentação,1600.0
250002535947,Atividades de militância e mobilização de rua,310720.0
250002535947,Locação/cessão de bens imóveis,22500.0
250002535947,"Produção de jingles, vinhetas e slogans",15000.0
250002535947,Publicidade por adesivos,393246.0
250002535947,Publicidade por materiais impressos,462708.93
250002535947,Serviços advocatícios,50000.0
250002535947,Serviços contábeis,80000.0
250002535947,Serviços prestados por terceiros,80000.0
250002535948,Alimentação,2199.08
250002535948,Atividades de militância e mobilização de rua,186461.96
250002535948,Correspondências e despesas postais,5852.700000000001
250002535948,Despesa com Impulsionamento de Conteúdos,5000.0
250002535948,Despesas com pessoal,6000.0
250002535948,"Encargos financeiros, taxas bancárias e/ou op. cartão de crédito",50.8
250002535948,Publicidade por adesivos,22155.0
250002535948,Publicidade por materiais impressos,364860.0
250002535948,Serviços advocatícios,120000.0
250002535948,Serviços contábeis,29000.0
250002535948,Serviços prestados por terceiros,53000.0
250002535949,Despesa com Impulsionamento de Conteúdos,30190.0
250002535949,Diversas a especificar,192.0
250002535949,Locação/cessão de bens móveis (exceto veículos),500.0
250002535949,Publicidade por adesivos,6500.0
250002535949,Publicidade por jornais e revistas,2600.0
250002535950,Despesa com Impulsionamento de Conteúdos,30000.0
250002535950,Despesas com pessoal,30000.0
250002535950,"Encargos financeiros, taxas bancárias e/ou op. cartão de crédito",3.0
250002535950,Locação/cessão de bens imóveis,2200.0
250002535950,Publicidade por materiais impressos,286.0
250002535950,Serviços advocatícios,50000.0
250002535950,Serviços contábeis,27000.0
250002535950,Serviços prestados por terceiros,77400.0
250002535951,Atividades de militância e mobilização de rua,40315.0
250002535951,Despesa com Impulsionamento de Conteúdos,62000.0
250002535951,Despesas com pessoal,84000.0
250002535951,"Encargos financeiros, taxas bancárias e/ou op. cartão de crédito",2.5
250002535951,Publicidade por adesivos,512035.0
250002535951,Publicidade por materiais impressos,4050.0
250002535951,Serviços advocatícios,100000.0
250002535951,Serviços contábeis,35000.0
250002535952,Atividades de militância e mobilização de rua,37283.0
250002535952,Cessão ou locação de veículos,7000.0
250002535952,Combustíveis e lubrificantes,634.21
250002535952,Despesas com Hospedagem,22674.27
250002535952,Despesas com pessoal,122299.34
250002535952,"Encargos financeiros, taxas bancárias e/ou op. cartão de crédito",26.0
250002535952,Locação/cessão de bens imóveis,21666.67
250002535952,Materiais de expediente,200.0
250002535952,Publicidade por adesivos,16100.0
250002535952,Publicidade por materiais impressos,83100.0
250002535952,Serviços advocatícios,60000.0
250002535952,Serviços contábeis,45000.0
250002535953,Cessão ou locação de veículos,178850.3
250002535953,Combustíveis e lubrificantes,4155.14
250002535953,Correspondências e despesas postais,25071.76
250002535953,Despesa com Impulsionamento de Conteúdos,38000.0
250002535953,Despesas com Hospedagem,2000.0
250002535953,Despesas com pessoal,657944.0
250002535953,Diversas a especificar,50000.0
250002535953,"Encargos financeiros, taxas bancárias e/ou op. cartão de crédito",50.0
250002535953,Materiais de expediente,4137.27
250002535953,Publicidade por adesivos,19200.0
250002535953,Publicidade por materiais impressos,199901.5
250002535953,Serviços advocatícios,100000.0
250002535953,Serviços contábeis,5000.0
250002535954,Alimentação,1409.0
250002535954,Atividades de militância e mobilização de rua,272000.0
250002535954,Cessão ou locação de veículos,95536.0
250002535954,Combustíveis e lubrificantes,19936.74
250002535954,Correspondências e despesas postais,3091.13
250002535954,Despesa com Impulsionamento de Conteúdos,155000.0
250002535954,Despesas com pessoal,39000.0
250002535954,"Encargos financeiros, taxas bancárias e/ou op. cartão de crédito",67.5
250002535954,Locação/cessão de bens imóveis,53550.0
250002535954,Locação/cessão de bens móveis (exceto veículos),587.0
250002535954,Materiais de expediente,2257.46
250002535954,Publicidade por adesivos,52884.2
250002535954,Publicidade por jornais e revistas,2500.0
250002535954,Publicidade por materiais impressos,524201.0
250002535954,Serviços advocatícios,100000.0
250002535954,Serviços contábeis,30000.0
250002535954,Serviços prestados por terceiros,73962.0
250002535955,Alimentação,12061.2
250002535955,Atividades de militância e mobilização de rua,488421.08
250002535955,Cessão ou locação de veículos,1500.0
250002535955,Combustíveis e lubrificantes,848.87
250002535955,Despesa com Impulsionamento de Conteúdos,8000.0
250002535955,Locação/cessão de bens imóveis,4200.0
250002535955,Publicidade por materiais impressos,681248.0
250002535955,Serviços advocatícios,55000.0
250002535955,Serviços contábeis,10000.0
250002535955,Serviços prestados por terceiros,112000.0
250002535955,Água,6545.0
250002535956,Alimentação,1049.56
250002535956,Atividades de militância e mobilização de rua,2902.69
250002535956,Cessão ou locação de veículos,14588.6
250002535956,Combustíveis e lubrificantes,2138.01
250002535956,Despesa com Impulsionamento de Conteúdos,4000.0
250002535956,Despesas com Hospedagem,561.0
250002535956,Despesas com pessoal,54500.0
250002535956,"Encargos financeiros, taxas bancárias e/ou op. cartão de crédito",113.2
250002535956,Locação/cessão de bens imóveis,3750.0
250002535956,Materiais de expediente,406.81
250002535956,"Produção de jingles, vinhetas e slogans",2000.0
250002535956,Publicidade por materiais impressos,10884.5
250002535956,Serviços contábeis,7200.0
250002535956,Serviços prestados por terceiros,69804.0
250002535957,Atividades de militância e mobilização de rua,594059.84
250002535957,Despesa com Impulsionamento de Conteúdos,100000.0
250002535957,Despesas com pessoal,389330.41
250002535957,"Encargos financeiros, taxas bancárias e/ou op. cartão de crédito",13.0
250002535957,Publicidade por adesivos,15960.0
250002535957,Publicidade por jornais e revistas,2800.0
250002535957,Publicidade por materiais impressos,289928.49
250002535957,Serviços advocatícios,20000.0
250002535957,Serviços contábeis,60000.0
250002535957,Serviços prestados por terceiros,30380.0
250002535958,Atividades de militância e mobilização de rua,495500.0
250002535958,Despesa com Impulsionamento de Conteúdos,200000.0
250002535958,"Encargos financeiros, taxas bancárias e/ou op. cartão de crédito",296.4
250002535958,Eventos de promoção da candidatura,31434.85
250002535958,Locação/cessão de bens imóveis,39265.41
250002535958,Locação/cessão de bens móveis (exceto veículos),3702.9
250002535958,Pesquisas ou testes eleitorais,77000.0
250002535958,Publicidade por materiais impressos,177731.0
250002535958,Serviços advocatícios,120000.0
250002535958,Serviços contábeis,18000.0
250002535958,Serviços prestados por terceiros,464250.0
250002535959,Atividades de militância e mobilização de rua,302000.0
250002535959,Cessão ou locação de veículos,73600.0
250002535959,Combustíveis e lubrificantes,5515.1
250002535959,Correspondências e despesas postais,926.4
250002535959,Despesa com Impulsionamento de Conteúdos,300000.0
250002535959,Despesas com pessoal,65611.0
250002535959,Locação/cessão de bens imóveis,11000.0
250002535959,Publicidade por adesivos,49551.35
250002535959,Publicidade por materiais impressos,199068.77
250002535959,Serviços contábeis,75000.0
250002535959,Serviços prestados por terceiros,313000.0
250002535960,Alimentação,5000.0
250002535960,Cessão ou locação de veículos,12000.0
250002535960,Correspondências e despesas postais,7058.85
250002535960,Despesa com Impulsionamento de Conteúdos,97000.0
250002535960,Despesas com pessoal,267065.39
250002535960,"Encargos financeiros, taxas bancárias e/ou op. cartão de crédito",122.19999999999999
250002535960,Locação/cessão de bens imóveis,5000.0
250002535960,Publicidade por materiais impressos,141438.41999999998
250002535960,Serviços advocatícios,45000.0
250002535960,Serviços contábeis,3000.0
250002535961,Cessão ou locação de veículos,43998.2
250002535961,Combustíveis e lubrificantes,497.55
250002535961,Despesa com Impulsionamento de Conteúdos,52000.0
250002535961,Despesas com pessoal,907675.0
250002535961,"Encargos financeiros, taxas bancárias e/ou op. cartão de crédito",9.0
250002535961,Locação/cessão de bens imóveis,29500.0
250002535961,Publicidade por adesivos,75650.0
250002535961,Publicidade por materiais impressos,550295.0
250002535961,Serviços advocatícios,250000.0
250002535961,Serviços contábeis,200000.0
250002535961,Serviços prestados por terceiros,550000.0
250002535962,Atividades de militância e mobilização de rua,402509.23
250002535962,Criação e inclusão de páginas na internet,40.0
250002535962,Despesa com Impulsionamento de Conteúdos,100000.0
250002535962,"Encargos financeiros, taxas bancárias e/ou op. cartão de crédito",169.0
250002535962,Publicidade por adesivos,16150.05
250002535962,Publicidade por jornais e revistas,16000.0
250002535962,Publicidade por materiais impressos,362259.82
250002535962,Serviços contábeis,30000.0
250002535962,Serviços prestados por terceiros,18446.67
250002535962,Taxa de Administração de Financiamento Coletivo,602.31
250002535963,Atividades de militância e mobilização de rua,53500.0
250002535963,Cessão ou locação de veículos,46122.600000000006
250002535963,Despesas com pessoal,67000.0
250002535963,Locação/cessão de bens imóveis,20500.0
250002535963,Publicidade por adesivos,39580.0
250002535963,Publicidade por materiais impressos,198360.0
250002535963,Serviços advocatícios,30000.0
250002535963,Serviços contábeis,18000.0
250002535963,Serviços prestados por terceiros,28849.0
250002535963,Taxa de Administração de Financiamento Coletivo,401.78999999999996
250002535964,Alimentação,4051.0
250002535964,Atividades de militância e mobilização de rua,14400.0
250002535964,Despesa com Impulsionamento de Conteúdos,72000.0
250002535964,Despesas com pessoal,147370.0
250002535964,Diversas a especificar,260.88
250002535964,"Encargos financeiros, taxas bancárias e/ou op. cartão de crédito",93.4
250002535964,Eventos de promoção da candidatura,2000.0
250002535964,Locação/cessão de bens imóveis,1480.0
250002535964,Publicidade por adesivos,15200.0
250002535964,Publicidade por carros de som,1250.0
250002535964,Publicidade por materiais impressos,52380.0
250002535964,Serviços advocatícios,20000.0
250002535965,Cessão ou locação de veículos,120000.0
250002535965,Combustíveis e lubrificantes,12657.9
250002535965,Despesa com Impulsionamento de Conteúdos,150000.0
250002535965,Despesas com pessoal,838500.0
250002535965,Diversas a especificar,226223.0
250002535965,"Encargos financeiros, taxas bancárias e/ou op. cartão de crédito",94.0
250002535965,Locação/cessão de bens imóveis,1000.0
250002535965,Publicidade por materiais impressos,671630.0
250002535965,Serviços contábeis,5000.0
250002535966,Atividades de militância e mobilização de rua,1600.0
250002535966,Despesa com Impulsionamento de Conteúdos,40000.0
250002535966,"Encargos financeiros, taxas bancárias e/ou op. cartão de crédito",26.0
250002535966,"Produção de programas de rádio, televisão ou vídeo",22000.0
250002535966,Publicidade por materiais impressos,38030.0
250002535966,Serviços advocatícios,50000.0
250002535966,Serviços contábeis,40000.0
250002535967,Diversas a especificar,700.0
250002535967,"Encargos financeiros, taxas bancárias e/ou op. cartão de crédito",1.5
250002535967,Publicidade por materiais impressos,45200.0
250002535967,Serviços advocatícios,55000.0
250002535967,Serviços contábeis,3000.0
250002535968,Atividades de militância e mobilização de rua,481302.0
250002535968,Despesa com Impulsionamento de Conteúdos,27000.0
250002535968,Despesas com pessoal,187000.0
250002535968,"Encargos financeiros, taxas bancárias e/ou op. cartão de crédito",129.5
250002535968,Publicidade por adesivos,86430.5
250002535968,Publicidade por materiais impressos,370044.3
250002535968,Serviços advocatícios,30000.0
250002535968,Serviços contábeis,55000.0
250002535969,Despesa com Impulsionamento de Conteúdos,4000.0
250002535969,"Encargos financeiros, taxas bancárias e/ou op. cartão de crédito",2.0
250002535969,Pré-instalação física de comitê de campanha,1724.54
250002535969,Publicidade por adesivos,21869.760000000002
250002535969,Publicidade por materiais impressos,49639.82
250002535969,Serviços contábeis,15000.0
250002535970,Despesas com pessoal,73755.5
250002535970,Diversas a especificar,3150.0
250002535970,"Encargos financeiros, taxas bancárias e/ou op. cartão de crédito",6.7
250002535970,Publicidade por adesivos,3667.0
250002535970,Publicidade por materiais impressos,96145.0
250002535970,Serviços advocatícios,65000.0
250002535970,Serviços contábeis,10000.0
250002535970,Serviços prestados por terceiros,14589.0
250002535971,Alimentação,5000.0
250002535971,Cessão ou locação de veículos,28835.0
250002535971,Combustíveis e lubrificantes,7000.0
250002535971,Despesa com Impulsionamento de Conteúdos,20000.0
250002535971,Despesas com pessoal,156160.0
250002535971,"Encargos financeiros, taxas bancárias e/ou op. cartão de crédito",17.0
250002535971,Pré-instalação física de comitê de campanha,6000.0
250002535971,Publicidade por materiais impressos,75800.0
250002535971,Serviços advocatícios,10800.36
250002535971,Serviços contábeis,18000.6
250002535971,Serviços prestados por terceiros,18200.0
250002535972,Alimentação,12972.6
250002535972,Despesa com Impulsionamento de Conteúdos,110000.0
250002535972,Despesas com pessoal,1131219.0
250002535972,Despesas com transporte ou deslocamento,47000.0
250002535972,Diversas a especificar,123440.0
250002535972,"Encargos financeiros, taxas bancárias e/ou op. cartão de crédito",39.0
250002535972,Locação/cessão de bens imóveis,110000.0
250002535972,Publicidade por adesivos,1200.0
250002535972,Publicidade por materiais impressos,10450.0
250002535972,Serviços advocatícios,140000.0
250002535972,Serviços contábeis,8000.0
250002535973,Despesa com Impulsionamento de Conteúdos,142431.84
250002535973,Locação/cessão de bens imóveis,19653.16
250002535973,Publicidade por materiais impressos,23720.0
250002535973,Serviços prestados por terceiros,57415.0
250002535974,Atividades de militância e mobilização de rua,21500.0
250002535974,Cessão ou locação de veículos,7800.0
250002535974,Despesa com Impulsionamento de Conteúdos,25500.0
250002535974,Despesas com pessoal,11400.0
250002535974,"Encargos financeiros, taxas bancárias e/ou op. cartão de crédito",5.0
250002535974,Locação/cessão de bens imóveis,9600.0
250002535974,Publicidade por adesivos,5399.99
250002535974,Publicidade por materiais impressos,982.99
250002535974,Serviços advocatícios,15000.0
250002535974,Serviços prestados por terceiros,14750.0
250002535975,Atividades de militância e mobilização de rua,895607.13
250002535975,Cessão ou locação de veículos,17493.0
250002535975,Combustíveis e lubrificantes,897.64
250002535975,Despesa com Impulsionamento de Conteúdos,102000.0
250002535975,Despesas com pessoal,418600.0
250002535975,Despesas com transporte ou deslocamento,700.0
250002535975,"Encargos financeiros, taxas bancárias e/ou op. cartão de crédito",260.7
250002535975,Locação/cessão de bens imóveis,12084.76
250002535975,Materiais de expediente,1150.67
250002535975,Publicidade por adesivos,18640.0
250002535975,Publicidade por materiais impressos,148245.0
250002535975,Serviços advocatícios,200000.0
250002535975,Serviços contábeis,44000.0
250002535975,Serviços prestados por terceiros,120423.4
250002535976,Despesas com pessoal,10000.0
250002535976,"Encargos financeiros, taxas bancárias e/ou op. cartão de crédito",15.1
250002535976,Locação/cessão de bens imóveis,20000.0
250002535976,Publicidade por adesivos,31500.0
250002535976,Publicidade por materiais impressos,48700.0
250002535976,Serviços advocatícios,50000.0
250002535976,Serviços contábeis,25000.0
250002535976,Serviços prestados por terceiros,60000.0
250002535977,Aquisição/Doação de bens móveis ou imóveis,4395.0
250002535977,Cessão ou locação de veículos,6750.0
250002535977,Combustíveis e lubrificantes,524.29
250002535977,Despesas com pessoal,16264.53
250002535977,Materiais de expediente,75155.0
250002535977,Serviços advocatícios,100000.0
250002535977,Serviços contábeis,1621.0
250002535978,Despesa com Impulsionamento de Conteúdos,15000.0
250002535978,Despesas com pessoal,20000.0
250002535978,Diversas a especificar,2840.0
250002535978,"Encargos financeiros, taxas bancárias e/ou op. cartão de crédito",3.0
250002535978,Publicidade por materiais impressos,6550.0
250002535978,Serviços advocatícios,37000.0
250002535978,Serviços contábeis,3000.0
250002535979,Atividades de militância e mobilização de rua,58148.56
250002535979,Combustíveis e lubrificantes,909.97
250002535979,Despesa com Impulsionamento de Conteúdos,1143.88
250002535979,Despesas com pessoal,55220.8
250002535979,"Produção de jingles, vinhetas e slogans",1500.0
250002535979,"Produção de programas de rádio, televisão ou vídeo",15000.0
250002535979,Publicidade por adesivos,3025.0
250002535979,Publicidade por materiais impressos,10095.0
250002535979,Serviços advocatícios,17500.0
250002535979,Serviços prestados por terceiros,58000.0
250002535980,Cessão ou locação de veículos,6500.0
250002535980,Combustíveis e lubrificantes,421.03999999999996
250002535980,Correspondências e despesas postais,51999.9
250002535980,Despesa com Impulsionamento de Conteúdos,100000.0
250002535980,Despesas com pessoal,2900.0
250002535980,"Encargos financeiros, taxas bancárias e/ou op. cartão de crédito",16.6
250002535980,Locação/cessão de bens imóveis,15000.0
250002535980,Materiais de expediente,911.6
250002535980,Publicidade por adesivos,3237.3
250002535980,Publicidade por materiais impressos,29631.0
250002535980,Serviços advocatícios,15000.0
250002535980,Serviços contábeis,10000.0
250002535980,Serviços prestados por terceiros,376907.9
250002535981,Atividades de militância e mobilização de rua,92440.0
250002535981,Criação e inclusão de páginas na internet,51.08
250002535981,Despesa com Impulsionamento de Conteúdos,11400.0
250002535981,Despesas com pessoal,105411.9
250002535981,"Encargos financeiros, taxas bancárias e/ou op. cartão de crédito",110.7
250002535981,Encargos sociais,9063.45
250002535981,Publicidade por adesivos,28837.53
250002535981,Publicidade por materiais impressos,65410.619999999995
250002535981,Serviços advocatícios,15300.0
250002535981,Serviços prestados por terceiros,145621.65
250002535982,Atividades de militância e mobilização de rua,726447.0
250002535982,Combustíveis e lubrificantes,1330.98
250002535982,Despesa com Impulsionamento de Conteúdos,5691.51
250002535982,"Encargos financeiros, taxas bancárias e/ou op. cartão de crédito",107.5
250002535982,Materiais de expediente,9473.49
250002535982,Publicidade por adesivos,54500.0
250002535982,Publicidade por materiais impressos,288991.0
250002535982,Serviços advocatícios,150000.0
250002535982,Serviços contábeis,79000.0
250002535982,Serviços prestados por terceiros,222670.0
250002535983,Alimentação,26418.0
250002535983,Cessão ou locação de veículos,38800.0
250002535983,Combustíveis e lubrificantes,30000.0
250002535983,Despesa com Impulsionamento de Conteúdos,3000.0
250002535983,Despesas com pessoal,70041.24
250002535983,"Encargos financeiros, taxas bancárias e/ou op. cartão de crédito",3.0
250002535983,"Produção de jingles, vinhetas e slogans",10000.0
250002535983,Pré-instalação física de comitê de campanha,22000.0
250002535983,Publicidade por adesivos,33190.0
250002535983,Publicidade por carros de som,64000.0
250002535983,Publicidade por jornais e revistas,104262.75
250002535983,Publicidade por materiais impressos,121250.5
250002535983,Serviços advocatícios,10000.0
250002535983,Serviços contábeis,27361.0
250002535983,Serviços prestados por terceiros,24254.7
250002535984,Atividades de militância e mobilização de rua,147000.0
250002535984,Cessão ou locação de veículos,26901.8
250002535984,Combustíveis e lubrificantes,1238.53
250002535984,Criação e inclusão de páginas na internet,40.0
250002535984,Despesa com Impulsionamento de Conteúdos,4134.8
250002535984,Despesas com pessoal,52655.0
250002535984,"Encargos financeiros, taxas bancárias e/ou op. cartão de crédito",12.5
250002535984,Publicidade por adesivos,18470.0
250002535984,Publicidade por materiais impressos,37000.0
250002535984,Serviços advocatícios,15000.0
250002535985,Atividades de militância e mobilização de rua,7500.0
250002535985,Correspondências e despesas postais,2423.0
250002535985,Despesa com Impulsionamento de Conteúdos,5000.0
250002535985,Despesas com pessoal,30660.0
250002535985,"Encargos financeiros, taxas bancárias e/ou op. cartão de crédito",8.5
250002535985,Locação/cessão de bens imóveis,4221.0
250002535985,"Produção de jingles, vinhetas e slogans",8500.0
250002535985,Publicidade por adesivos,52360.0
250002535985,Publicidade por materiais impressos,232966.0
250002535985,Serviços advocatícios,30000.0
250002535985,Serviços contábeis,30000.0
250002535985,Serviços próprios prestados por terceiros,7500.0
250002535986,Atividades de militância e mobilização de rua,474425.64
250002535986,Cessão ou locação de veículos,80000.0
250002535986,Correspondências e despesas postais,169999.78
250002535986,Despesa com Impulsionamento de Conteúdos,143000.0
250002535986,Despesas com pessoal,16827.62
250002535986,Locação/cessão de bens imóveis,20500.0
250002535986,"Produção de jingles, vinhetas e slogans",3000.0
250002535986,Publicidade por adesivos,6360.0
250002535986,Publicidade por carros de som,313517.35
250002535986,Publicidade por jornais e revistas,2438.66
250002535986,Publicidade por materiais impressos,575922.98
250002535986,Serviços advocatícios,15000.0
250002535986,Serviços contábeis,5000.0
250002535986,Serviços prestados por terceiros,48000.0
250002535987,Alimentação,13225.17
250002535987,Atividades de militância e mobilização de rua,20000.0
250002535987,Cessão ou locação de veículos,18029.73
250002535987,Combustíveis e lubrificantes,678.5699999999999
250002535987,Correspondências e despesas postais,286.5
250002535987,Despesa com Impulsionamento de Conteúdos,11000.0
250002535987,Despesas com pessoal,12000.0
250002535987,Despesas com transporte ou deslocamento,120.0
250002535987,"Encargos financeiros, taxas bancárias e/ou op. cartão de crédito",75.5
250002535987,Locação/cessão de bens imóveis,10000.0
250002535987,Materiais de expediente,176.6
250002535987,Publicidade por adesivos,1738.8
250002535987,Publicidade por materiais impressos,42627.0
250002535987,Serviços advocatícios,30000.0
250002535987,Serviços prestados por terceiros,120300.0
250002535988,"Encargos financeiros, taxas bancárias e/ou op. cartão de crédito",52.0
250002535988,Publicidade por adesivos,38500.0
250002535988,Publicidade por materiais impressos,335200.0
250002535988,Serviços advocatícios,15000.0
250002535988,Serviços prestados por terceiros,3000.0
250002535989,Cessão ou locação de veículos,12349.0
250002535989,Despesas com pessoal,40000.0
250002535989,Diversas a especificar,7250.0
250002535989,"Encargos financeiros, taxas bancárias e/ou op. cartão de crédito",3.5
250002535989,Publicidade por materiais impressos,14000.0
250002535989,Serviços advocatícios,68000.0
250002535989,Serviços prestados por terceiros,6000.0
250002535990,Despesa com Impulsionamento de Conteúdos,10000.0
250002535990,"Encargos financeiros, taxas bancárias e/ou op. cartão de crédito",2.0
250002535990,Serviços advocatícios,25000.0
250002535990,Serviços contábeis,7000.0
250002535990,Serviços prestados por terceiros,30500.0
250002535991,Alimentação,2497.12
250002535991,Atividades de militância e mobilização de rua,66347.82
250002535991,Cessão ou locação de veículos,24000.0
250002535991,Combustíveis e lubrificantes,4374.22
250002535991,Despesa com Impulsionamento de Conteúdos,300000.0
250002535991,Despesas com Hospedagem,7193.71
250002535991,"Encargos financeiros, taxas bancárias e/ou op. cartão de crédito",12.0
250002535991,Eventos de promoção da candidatura,13500.0
250002535991,Locação/cessão de bens imóveis,53100.0
250002535991,Publicidade por materiais impressos,339786.19
250002535991,Serviços advocatícios,100000.0
250002535991,Serviços contábeis,100000.0
250002535991,Serviços prestados por terceiros,105000.0
250002535991,Taxa de Administração de Financiamento Coletivo,582.0
250002535992,Despesa com Impulsionamento de Conteúdos,10000.0
250002535992,Despesas com pessoal,17000.0
250002535992,Diversas a especificar,42712.0
250002535992,"Encargos financeiros, taxas bancárias e/ou op. cartão de crédito",2.0
250002535992,Locação/cessão de bens imóveis,42337.38
250002535992,Publicidade por materiais impressos,216740.0
250002535992,Serviços contábeis,5000.0
250002535993,Criação e inclusão de páginas na internet,12100.0
250002535993,Despesa com Impulsionamento de Conteúdos,19000.0
250002535993,Despesas com pessoal,55000.0
250002535993,Eventos de promoção da candidatura,5000.0
250002535993,"Impostos, contribuições e taxas",46.3
250002535993,Publicidade por materiais impressos,4035.25
250002535993,Serviços advocatícios,24000.0
250002535993,Serviços contábeis,16000.0
250002535994,Alimentação,16998.0
250002535994,Atividades de militância e mobilização de rua,123489.4
250002535994,Cessão ou locação de veículos,54250.0
250002535994,Combustíveis e lubrificantes,23084.03
250002535994,Despesa com Impulsionamento de Conteúdos,68000.0
250002535994,Locação/cessão de bens imóveis,36066.83
250002535994,Locação/cessão de bens móveis (exceto veículos),4800.0
250002535994,Materiais de expediente,763.22
250002535994,Publicidade por carros de som,25000.0
250002535994,Publicidade por materiais impressos,386377.0
250002535994,Serviços advocatícios,50000.0
250002535994,Serviços contábeis,50000.0
250002535994,Água,1376.7
250002535995,Atividades de militância e mobilização de rua,133742.0
250002535995,Cessão ou locação de veículos,5113.25
250002535995,Combustíveis e lubrificantes,834.34
250002535995,Correspondências e despesas postais,4529.610000000001
250002535995,Despesa com Impulsionamento de Conteúdos,459000.0
250002535995,Despesas com pessoal,116450.0
250002535995,Doações financeiras a outros candidatos/partidos,37500.0
250002535995,"Encargos financeiros, taxas bancárias e/ou op. cartão de crédito",150.9
250002535995,Locação/cessão de bens imóveis,161509.99
250002535995,Materiais de expediente,3295.4
250002535995,Publicidade por adesivos,55047.35
250002535995,Publicidade por materiais impressos,250770.47999999998
250002535995,Serviços advocatícios,90000.0
250002535995,Serviços contábeis,20000.0
250002535995,Serviços prestados por terceiros,105500.0
250002535996,Correspondências e despesas postais,157.74
250002535996,Despesa com Impulsionamento de Conteúdos,311900.0
250002535996,Despesas com pessoal,57550.0
250002535996,Diversas a especificar,28410.68
250002535996,"Encargos financeiros, taxas bancárias e/ou op. cartão de crédito",16.6
250002535996,Materiais de expediente,123.9
250002535996,"Produção de jingles, vinhetas e slogans",7000.0
250002535996,Publicidade por materiais impressos,35755.869999999995
250002535996,Serviços advocatícios,55000.0
250002535996,Serviços contábeis,5000.0
250002535997,Despesa com Impulsionamento de Conteúdos,113000.0
250002535997,Publicidade por materiais impressos,49931.5
250002535997,Serviços contábeis,10000.0
250002535998,Cessão ou locação de veículos,10000.0
250002535998,Despesa com Impulsionamento de Conteúdos,7830.0
250002535998,Despesas com pessoal,336100.0
250002535998,Diversas a especificar,46970.0
250002535998,"Encargos financeiros, taxas bancárias e/ou op. cartão de crédito",2.0
250002535998,Locação/cessão de bens imóveis,25000.0
250002535998,Publicidade por materiais impressos,116150.0
250002535998,Serviços advocatícios,74000.0
250002535998,Serviços contábeis,5000.0
250002535999,Alimentação,4635.9800000000005
250002535999,Atividades de militância e mobilização de rua,220880.0
250002535999,Cessão ou locação de veículos,49000.0
250002535999,Combustíveis e lubrificantes,2267.84
250002535999,Correspondências e despesas postais,1398.58
250002535999,Despesa com Impulsionamento de Conteúdos,76000.0
250002535999,Despesas com pessoal,133464.0
250002535999,"Encargos financeiros, taxas bancárias e/ou op. cartão de crédito",14.0
250002535999,Locação/cessão de bens móveis (exceto veículos),9430.0
250002535999,Materiais de expediente,5672.8
250002535999,Publicidade por adesivos,17499.96
250002535999,Publicidade por materiais impressos,83277.42
250002535999,Serviços advocatícios,100000.0
250002535999,Serviços contábeis,29000.0
250002536713,Despesa com Impulsionamento de Conteúdos,1000.0
250002536713,"Encargos financeiros, taxas bancárias e/ou op. cartão de crédito",2.5
250002536713,Serviços prestados por terceiros,21740.0
250002536714,Despesa com Impulsionamento de Conteúdos,10500.0
250002536714,Despesas com pessoal,97350.0
250002536714,"Encargos financeiros, taxas bancárias e/ou op. cartão de crédito",2.0
250002536714,Publicidade por adesivos,3155.0
250002536714,Publicidade por materiais impressos,53790.0
250002536714,Serviços prestados por terceiros,46156.67
250002536715,Atividades de militância e mobilização de rua,4860.0
250002536715,Publicidade por materiais impressos,4010.0
250002536716,Criação e inclusão de páginas na internet,15040.0
250002536716,Despesa com Impulsionamento de Conteúdos,11215.1
250002536716,Despesas com pessoal,357200.0
250002536716,"Encargos financeiros, taxas bancárias e/ou op. cartão de crédito",22.5
250002536716,Locação/cessão de bens imóveis,8000.0
250002536716,"Produção de programas de rádio, televisão ou vídeo",20000.0
250002536716,Publicidade por materiais impressos,8500.0
250002536716,Serviços advocatícios,35000.0
250002536716,Serviços contábeis,25000.0
250002536717,Atividades de militância e mobilização de rua,1726.0
250002536717,Despesa com Impulsionamento de Conteúdos,5000.0
250002536717,"Encargos financeiros, taxas bancárias e/ou op. cartão de crédito",5.0
250002536717,Publicidade por adesivos,560.0
250002536717,Publicidade por materiais impressos,3600.0
250002536717,Serviços prestados por terceiros,11500.0
250002536717,Taxa de Administração de Financiamento Coletivo,217.57
250002536719,Despesas com pessoal,59021.0
250002536719,Diversas a especificar,425.8
250002536719,Doações financeiras a outros candidatos/partidos,647170.0
250002536719,"Encargos financeiros, taxas bancárias e/ou op. cartão de crédito",25.5
250002536719,Eventos de promoção da candidatura,1000.0
250002536719,Locação/cessão de bens imóveis,6560.0
250002536719,Locação/cessão de bens móveis (exceto veículos),11861.970000000001
250002536719,Materiais de expediente,600.5
250002536719,Publicidade por adesivos,114860.0
250002536719,Publicidade por materiais impressos,424200.07
250002536719,Serviços advocatícios,50000.0
250002536719,Serviços contábeis,50000.0
250002536719,Serviços prestados por terceiros,75000.0
250002536720,Criação e inclusão de páginas na internet,6000.0
250002536720,Despesa com Impulsionamento de Conteúdos,5300.0
250002536720,Despesas com pessoal,54700.0
250002536720,Diversas a especificar,1850.0
250002536720,"Produção de programas de rádio, televisão ou vídeo",17790.0
250002536720,Publicidade por adesivos,22650.0
250002536720,Publicidade por materiais impressos,28200.0
250002536721,Atividades de militância e mobilização de rua,16875.0
250002536721,Combustíveis e lubrificantes,10016.26
250002536721,Despesa com Impulsionamento de Conteúdos,5600.0
250002536721,Diversas a especificar,297.13
250002536721,"Encargos financeiros, taxas bancárias e/ou op. cartão de crédito",49.7
250002536721,"Produção de jingles, vinhetas e slogans",300.0
250002536721,Publicidade por materiais impressos,32930.0
250002536721,Serviços prestados por terceiros,7500.0
250002536722,Alimentação,28424.0
250002536722,Aquisição/Doação de bens móveis ou imóveis,43185.67
250002536722,Cessão ou locação de veículos,211350.08
250002536722,Despesa com Impulsionamento de Conteúdos,75000.0
250002536722,Despesas com pessoal,193006.8
250002536722,Doações financeiras a outros candidatos/partidos,250000.0
250002536722,"Encargos financeiros, taxas bancárias e/ou op. cartão de crédito",13.0
250002536722,Locação/cessão de bens imóveis,17500.0
250002536722,Materiais de expediente,2585.67
250002536722,"Produção de jingles, vinhetas e slogans",3500.0
250002536722,Publicidade por jornais e revistas,15000.0
250002536722,Serviços advocatícios,30000.0
250002536722,Serviços contábeis,80000.0
250002536722,Serviços prestados por terceiros,524.9
250002536722,Telefone,331.6
250002536722,Água,302.32000000000005
250002536723,Criação e inclusão de páginas na internet,12000.0
250002536723,Despesa com Impulsionamento de Conteúdos,150000.0
250002536723,Despesas com pessoal,48000.0
250002536723,"Encargos financeiros, taxas bancárias e/ou op. cartão de crédito",5.0
250002536723,Eventos de promoção da candidatura,7758.0
250002536723,Serviços advocatícios,75000.0
250002536723,Serviços contábeis,5000.0
250002536723,Serviços prestados por terceiros,4500.0
250002536724,Atividades de militância e mobilização de rua,48090.0
250002536724,Despesa com Impulsionamento de Conteúdos,7500.0
250002536724,Despesas com pessoal,11500.0
250002536724,"Encargos financeiros, taxas bancárias e/ou op. cartão de crédito",0.5
250002536724,Locação/cessão de bens imóveis,6000.0
250002536724,Publicidade por adesivos,18040.4
250002536724,Publicidade por materiais impressos,22234.58
250002536724,Serviços advocatícios,1621.0
250002536724,Serviços contábeis,10000.0
250002536724,Serviços prestados por terceiros,23000.0
250002536726,Despesa com Impulsionamento de Conteúdos,10000.0
250002536726,"Encargos financeiros, taxas bancárias e/ou op. cartão de crédito",14.6
250002536726,Publicidade por materiais impressos,2360.0
250002536726,Serviços advocatícios,10000.0
250002536726,Serviços contábeis,10000.0
250002536726,Serviços prestados por terceiros,50000.0
250002536727,Despesa com Impulsionamento de Conteúdos,451500.0
250002536727,Despesas com pessoal,295000.0
250002536727,Eventos de promoção da candidatura,16000.0
250002536727,Locação/cessão de bens imóveis,26000.0
250002536727,Locação/cessão de bens móveis (exceto veículos),5170.0
250002536727,Publicidade por adesivos,10400.0
250002536727,Publicidade por materiais impressos,362572.16
250002536727,Serviços advocatícios,50000.0
250002536727,Serviços contábeis,55000.0
250002536727,Serviços prestados por terceiros,160000.0
250002536727,Taxa de Administração de Financiamento Coletivo,257.5
250002536728,Despesa com Impulsionamento de Conteúdos,11474.09
250002536728,"Encargos financeiros, taxas bancárias e/ou op. cartão de crédito",0.5
250002536728,Publicidade por adesivos,1200.0
250002536728,Serviços advocatícios,3000.0
250002536728,Serviços contábeis,20000.0
250002536728,Taxa de Administração de Financiamento Coletivo,33.71
250002536729,Despesa com Impulsionamento de Conteúdos,400.0
250002536730,Cessão ou locação de veículos,4664.3
250002536730,Combustíveis e lubrificantes,5000.0
250002536730,Despesas com pessoal,4650.0
250002536730,Diversas a especificar,27000.0
250002536730,"Encargos financeiros, taxas bancárias e/ou op. cartão de crédito",99.6
250002536730,Locação/cessão de bens imóveis,9500.0
250002536730,Publicidade por jornais e revistas,7000.0
250002536730,Publicidade por materiais impressos,7100.0
250002536730,Serviços prestados por terceiros,6000.0
250002536731,"Encargos financeiros, taxas bancárias e/ou op. cartão de crédito",0.5
250002536731,Publicidade por materiais impressos,3310.0
250002536731,Serviços prestados por terceiros,2500.0
250002536733,Atividades de militância e mobilização de rua,42000.0
250002536733,Despesa com Impulsionamento de Conteúdos,84000.0
250002536733,Despesas com pessoal,18500.0
250002536733,Doações financeiras a outros candidatos/partidos,100000.0
250002536733,"Encargos financeiros, taxas bancárias e/ou op. cartão de crédito",11.5
250002536733,Locação/cessão de bens imóveis,6300.0
250002536733,Publicidade por adesivos,720.0
250002536733,Publicidade por materiais impressos,148071.07
250002536733,Serviços advocatícios,35000.0
250002536733,Serviços contábeis,32500.0
250002536733,Serviços prestados por terceiros,100000.0
250002536734,Cessão ou locação de veículos,9000.0
250002536734,Despesas com pessoal,891005.0
250002536734,Despesas com transporte ou deslocamento,33915.0
250002536734,Doações financeiras a outros candidatos/partidos,25000.0
250002536734,"Encargos financeiros, taxas bancárias e/ou op. cartão de crédito",75.6
250002536734,Publicidade por materiais impressos,135280.0
250002536735,Alimentação,1267.32
250002536735,Combustíveis e lubrificantes,300.03
250002536735,Despesas com pessoal,27600.0
250002536735,Diversas a especificar,23.78
250002536735,"Encargos financeiros, taxas bancárias e/ou op. cartão de crédito",4.5
250002536735,Locação/cessão de bens imóveis,6000.0
250002536735,Publicidade por materiais impressos,1340.0
250002536735,Serviços advocatícios,15000.0
250002536735,Serviços contábeis,5000.0
250002536736,Cessão ou locação de veículos,115323.32
250002536736,Combustíveis e lubrificantes,10703.77
250002536736,Despesa com Impulsionamento de Conteúdos,247000.0
250002536736,Despesas com pessoal,287433.34
250002536736,"Impostos, contribuições e taxas",100.9
250002536736,Locação/cessão de bens imóveis,19850.0
250002536736,Publicidade por carros de som,75000.0
250002536736,Publicidade por materiais impressos,260848.13
250002536737,Cessão ou locação de veículos,34800.0
250002536737,Despesa com Impulsionamento de Conteúdos,115000.0
250002536737,Despesas com pessoal,842600.0
250002536737,"Encargos financeiros, taxas bancárias e/ou op. cartão de crédito",364.0
250002536737,Eventos de promoção da candidatura,500.0
250002536737,Locação/cessão de bens imóveis,3250.0
250002536737,Locação/cessão de bens móveis (exceto veículos),9900.0
250002536737,Publicidade por adesivos,17071.5
250002536737,Publicidade por jornais e revistas,5985.0
250002536737,Publicidade por materiais impressos,128840.0
250002536737,Serviços advocatícios,10000.0
250002536737,Serviços contábeis,50000.0
250002536737,Serviços prestados por terceiros,5000.0
250002536738,Despesa com Impulsionamento de Conteúdos,768000.0
250002536738,Despesas com pessoal,12500.0
250002536738,Doações financeiras a outros candidatos/partidos,100000.0
250002536738,Eventos de promoção da candidatura,3902.78
250002536738,"Impostos, contribuições e taxas",0.5
250002536738,Locação/cessão de bens imóveis,30517.92
250002536738,Publicidade por adesivos,20495.0
250002536738,Publicidade por materiais impressos,576467.94
250002536738,Serviços advocatícios,20000.0
250002536738,Serviços prestados por terceiros,50000.0
250002536739,Alimentação,1004.47
250002536739,Atividades de militância e mobilização de rua,20700.0
250002536739,"Encargos financeiros, taxas bancárias e/ou op. cartão de crédito",7.0
250002536739,Publicidade por materiais impressos,17000.0
250002536739,Serviços prestados por terceiros,241130.0
250002536740,Atividades de militância e mobilização de rua,18000.0
250002536740,Despesa com Impulsionamento de Conteúdos,7000.0
250002536740,Publicidade por adesivos,8288.0
250002536740,Publicidade por materiais impressos,4628.0
250002536740,Serviços prestados por terceiros,10000.0
250002536742,Atividades de militância e mobilização de rua,101604.0
250002536742,Despesa com Impulsionamento de Conteúdos,86000.0
250002536742,Locação/cessão de bens imóveis,3500.0
250002536742,"Produção de jingles, vinhetas e slogans",12000.0
250002536742,"Produção de programas de rádio, televisão ou vídeo",193792.0
250002536742,Publicidade por jornais e revistas,25000.0
250002536742,Publicidade por materiais impressos,165017.0
250002536742,"Segurança e prevenção, repressão e combate à violência política",20000.0
250002536742,Serviços advocatícios,25000.0
250002536742,Serviços contábeis,6000.0
250002536742,Serviços prestados por terceiros,258390.0
250002536742,Serviços próprios prestados por terceiros,16000.0
250002536742,Água,241.63
250002536743,Cessão ou locação de veículos,165000.0
250002536743,Despesa com Impulsionamento de Conteúdos,369000.0
250002536743,Despesas com pessoal,370625.81
250002536743,"Encargos financeiros, taxas bancárias e/ou op. cartão de crédito",26.0
250002536743,Locação/cessão de bens imóveis,15166.66
250002536743,"Produção de jingles, vinhetas e slogans",15000.0
250002536743,"Produção de programas de rádio, televisão ou vídeo",2100.0
250002536743,Publicidade por adesivos,48582.0
250002536743,Publicidade por materiais impressos,290013.24
250002536743,Serviços advocatícios,70000.0
250002536743,Serviços contábeis,100000.0
250002536743,Serviços prestados por terceiros,150000.0
250002536744,Atividades de militância e mobilização de rua,23770.8
250002536744,"Encargos financeiros, taxas bancárias e/ou op. cartão de crédito",11.0
250002536744,Locação/cessão de bens imóveis,1500.0
250002536744,Publicidade por materiais impressos,17510.6
250002536744,Serviços prestados por terceiros,8000.0
250002536745,Cessão ou locação de veículos,20000.0
250002536745,Despesa com Impulsionamento de Conteúdos,300000.0
250002536745,Despesas com pessoal,578850.0
250002536745,"Encargos financeiros, taxas bancárias e/ou op. cartão de crédito",20.0
250002536745,Locação/cessão de bens imóveis,18500.0
250002536745,Locação/cessão de bens móveis (exceto veículos),10736.32
250002536745,Passagem Aérea,6749.52
250002536745,Publicidade por adesivos,4680.0
250002536745,Publicidade por materiais impressos,133068.8
250002536745,Serviços advocatícios,91000.0
250002536745,Serviços contábeis,55000.0
250002536745,Serviços prestados por terceiros,461000.0
250002536745,Taxa de Administração de Financiamento Coletivo,175.68
250002536747,Alimentação,3113.37
250002536747,Atividades de militância e mobilização de rua,21432.0
250002536747,Cessão ou locação de veículos,25034.239999999998
250002536747,Despesa com Impulsionamento de Conteúdos,30459.5
250002536747,"Encargos financeiros, taxas bancárias e/ou op. cartão de crédito",13.5
250002536747,Locação/cessão de bens imóveis,13000.0
250002536747,Materiais de expediente,1365.87
250002536747,Publicidade por materiais impressos,12738.8
250002536747,Serviços prestados por terceiros,56080.25
250002536748,Correspondências e despesas postais,104915.44
250002536748,Despesa com Impulsionamento de Conteúdos,239200.01
250002536748,Despesas com pessoal,228078.0
250002536748,"Encargos financeiros, taxas bancárias e/ou op. cartão de crédito",49.0
250002536748,Eventos de promoção da candidatura,6354.0
250002536748,Materiais de expediente,1984.1
250002536748,Publicidade por adesivos,55426.880000000005
250002536748,Publicidade por jornais e revistas,24400.0
250002536748,Publicidade por materiais impressos,70349.12
250002536748,Serviços advocatícios,20000.0
250002536748,Serviços contábeis,35000.0
250002536748,Serviços prestados por terceiros,105000.0
250002536748,Serviços próprios prestados por terceiros,150000.0
250002536748,Taxa de Administração de Financiamento Coletivo,17.18
250002536749,Cessão ou locação de veículos,29800.0
250002536749,Despesa com Impulsionamento de Conteúdos,15260.0
250002536749,Despesas com Hospedagem,1000.0
250002536749,Despesas com pessoal,583650.0
250002536749,"Encargos financeiros, taxas bancárias e/ou op. cartão de crédito",51.0
250002536749,Locação/cessão de bens imóveis,5600.0
250002536749,Publicidade por adesivos,149.0
250002536749,Publicidade por jornais e revistas,2300.0
250002536749,Publicidade por materiais impressos,325488.0
250002536749,Serviços advocatícios,10000.0
250002536749,Serviços contábeis,50000.0
250002536749,Serviços prestados por terceiros,10000.0
250002536749,Taxa de Administração de Financiamento Coletivo,5.36
250002536750,Atividades de militância e mobilização de rua,3000.0
250002536750,Diversas a especificar,505.36
250002536750,"Encargos financeiros, taxas bancárias e/ou op. cartão de crédito",1.5
250002536750,Serviços prestados por terceiros,29050.0
250002536751,Cessão ou locação de veículos,30000.0
250002536751,Combustíveis e lubrificantes,2996.26
250002536751,Criação e inclusão de páginas na internet,40.0
250002536751,Despesa com Impulsionamento de Conteúdos,18800.0
250002536751,Despesas com pessoal,418800.0
250002536751,"Encargos financeiros, taxas bancárias e/ou op. cartão de crédito",368.8
250002536751,Locação/cessão de bens móveis (exceto veículos),330.0
250002536751,"Produção de jingles, vinhetas e slogans",4000.0
250002536751,Publicidade por adesivos,22650.0
250002536751,Publicidade por materiais impressos,272755.0
250002536751,Serviços advocatícios,35000.0
250002536751,Serviços contábeis,59551.23
250002536751,Serviços prestados por terceiros,385284.68
250002536752,Despesa com Impulsionamento de Conteúdos,39000.0
250002536752,Despesas com pessoal,29000.0
250002536752,Despesas com transporte ou deslocamento,141.0
250002536752,"Encargos financeiros, taxas bancárias e/ou op. cartão de crédito",2.0
250002536752,Publicidade por adesivos,899.99
250002536752,Publicidade por materiais impressos,8842.46
250002536752,Serviços advocatícios,28000.0
250002536752,Serviços contábeis,25000.0
250002536752,Serviços prestados por terceiros,16.99
250002536752,Taxa de Administração de Financiamento Coletivo,1526.59
250002536753,Atividades de militância e mobilização de rua,265450.0
250002536753,Cessão ou locação de veículos,6000.0
250002536753,Combustíveis e lubrificantes,3000.0
250002536753,Diversas a especificar,124.18
250002536753,"Encargos financeiros, taxas bancárias e/ou op. cartão de crédito",115.3
250002536753,Eventos de promoção da candidatura,29984.2
250002536753,Locação/cessão de bens imóveis,28500.0
250002536753,"Produção de jingles, vinhetas e slogans",5000.0
250002536753,Publicidade por adesivos,2480.0
250002536753,Publicidade por materiais impressos,96379.58
250002536753,Serviços advocatícios,8689.58
250002536753,Serviços contábeis,12000.0
250002536753,Serviços prestados por terceiros,212.34
250002536755,Cessão ou locação de veículos,20800.0
250002536755,Combustíveis e lubrificantes,427.94
250002536755,Despesa com Impulsionamento de Conteúdos,169000.0
250002536755,Despesas com pessoal,948030.0
250002536755,"Encargos financeiros, taxas bancárias e/ou op. cartão de crédito",77.5
250002536755,Publicidade por adesivos,148880.0
250002536755,Publicidade por materiais impressos,120224.64
250002536755,Serviços advocatícios,30000.0
250002536755,Serviços prestados por terceiros,200000.0
250002536756,Cessão ou locação de veículos,32250.0
250002536756,Combustíveis e lubrificantes,1780.7800000000002
250002536756,Despesa com Impulsionamento de Conteúdos,19412.71
250002536756,Despesas com pessoal,438300.0
250002536756,"Encargos financeiros, taxas bancárias e/ou op. cartão de crédito",34.0
250002536756,Locação/cessão de bens imóveis,14750.0
250002536756,Materiais de expediente,2951.6
250002536756,Publicidade por adesivos,8520.0
250002536756,Publicidade por materiais impressos,258986.7
250002536756,Serviços advocatícios,10000.0
250002536756,Serviços contábeis,10000.0
250002536757,Despesa com Impulsionamento de Conteúdos,225000.0
250002536757,Despesas com pessoal,12000.0
250002536757,Doações financeiras a outros candidatos/partidos,340000.0
250002536757,"Encargos financeiros, taxas bancárias e/ou op. cartão de crédito",113.3
250002536757,Publicidade por adesivos,35981.25
250002536757,Publicidade por materiais impressos,673678.8
250002536757,Serviços advocatícios,15000.0
250002536757,Serviços contábeis,35000.0
250002536757,Serviços prestados por terceiros,60000.0
250002536758,Cessão ou locação de veículos,81900.0
250002536758,Correspondências e despesas postais,3366.0
250002536758,Despesa com Impulsionamento de Conteúdos,55000.0
250002536758,Despesas com pessoal,750500.0
250002536758,Doações financeiras a outros candidatos/partidos,73900.0
250002536758,"Encargos financeiros, taxas bancárias e/ou op. cartão de crédito",10.5
250002536758,Locação/cessão de bens imóveis,31900.0
250002536758,"Produção de jingles, vinhetas e slogans",7000.0
250002536758,Publicidade por materiais impressos,162244.0
250002536758,Serviços advocatícios,31000.0
250002536758,Serviços contábeis,3000.0
250002536760,Atividades de militância e mobilização de rua,8000.0
250002536760,Despesa com Impulsionamento de Conteúdos,16000.0
250002536760,Despesas com pessoal,32000.0
250002536760,Pesquisas ou testes eleitorais,30000.0
250002536760,Publicidade por adesivos,6920.0
250002536760,Serviços advocatícios,14500.0
250002536760,Serviços contábeis,14500.0
250002536760,Serviços prestados por terceiros,98160.0
250002536760,Taxa de Administração de Financiamento Coletivo,66.46
250002536761,Cessão ou locação de veículos,6000.0
250002536761,Combustíveis e lubrificantes,1474.82
250002536761,Criação e inclusão de páginas na internet,112.98
250002536761,Despesa com Impulsionamento de Conteúdos,5000.0
250002536761,Despesas com pessoal,126350.0
250002536761,"Encargos financeiros, taxas bancárias e/ou op. cartão de crédito",43.8
250002536761,Locação/cessão de bens imóveis,38829.82
250002536761,Publicidade por adesivos,46450.0
250002536761,Publicidade por materiais impressos,64947.0
250002536761,Serviços advocatícios,10000.0
250002536761,Serviços contábeis,14965.66
250002536761,Taxa de Administração de Financiamento Coletivo,430.85
250002536762,Cessão ou locação de veículos,11272.2
250002536762,Combustíveis e lubrificantes,400.07
250002536762,Despesa com Impulsionamento de Conteúdos,440000.0
250002536762,Despesas com pessoal,84000.0
250002536762,"Encargos financeiros, taxas bancárias e/ou op. cartão de crédito",26.1
250002536762,Locação/cessão de bens imóveis,20000.0
250002536762,Publicidade por adesivos,18676.0
250002536762,Publicidade por materiais impressos,548425.0
250002536762,Serviços advocatícios,20000.0
250002536762,Serviços contábeis,40000.0
250002536762,Serviços prestados por terceiros,303680.0
250002536762,Taxa de Administração de Financiamento Coletivo,1338.09
250002536763,Despesa com Impulsionamento de Conteúdos,100000.0
250002536763,Locação/cessão de bens imóveis,14200.0
250002536763,Publicidade por adesivos,6000.0
250002536763,Publicidade por materiais impressos,51456.4
250002536763,Serviços advocatícios,10000.0
250002536763,Serviços contábeis,25000.0
250002536763,Serviços prestados por terceiros,10000.0
250002536763,Taxa de Administração de Financiamento Coletivo,128.27
250002536764,Criação e inclusão de páginas na internet,135.88
250002536764,"Encargos financeiros, taxas bancárias e/ou op. cartão de crédito",8.0
250002536764,Publicidade por adesivos,1490.0
250002536764,Publicidade por materiais impressos,110685.36
250002536764,Serviços advocatícios,15000.0
250002536764,Serviços contábeis,35000.0
250002536764,Serviços prestados por terceiros,17000.0
250002536766,Despesa com Impulsionamento de Conteúdos,10000.0
250002536766,Despesas com pessoal,18448.0
250002536766,"Encargos financeiros, taxas bancárias e/ou op. cartão de crédito",3.0
250002536766,Locação/cessão de bens imóveis,5000.0
250002536766,Locação/cessão de bens móveis (exceto veículos),600.0
250002536766,"Produção de jingles, vinhetas e slogans",6000.0
250002536766,Publicidade por carros de som,1610.0
250002536766,Publicidade por materiais impressos,82797.64
250002536766,Serviços advocatícios,6000.0
250002536766,Serviços contábeis,15080.0
250002536766,Serviços prestados por terceiros,146620.0
250002536766,Taxa de Administração de Financiamento Coletivo,47.47
250002536766,Telefone,130.0
250002537940,Alimentação,15200.0
250002537940,Cessão ou locação de veículos,98200.0
250002537940,Combustíveis e lubrificantes,10862.39
250002537940,Despesa com Impulsionamento de Conteúdos,45000.0
250002537940,Despesas com pessoal,266658.87
250002537940,Diversas a especificar,4965.2
250002537940,"Encargos financeiros, taxas bancárias e/ou op. cartão de crédito",8.5
250002537940,Eventos de promoção da candidatura,3500.0
250002537940,Locação/cessão de bens imóveis,12800.0
250002537940,Materiais de expediente,294.5
250002537940,"Produção de jingles, vinhetas e slogans",4000.0
250002537940,Publicidade por adesivos,10090.0
250002537940,Publicidade por carros de som,21200.0
250002537940,Publicidade por materiais impressos,153672.8
250002537940,Serviços advocatícios,50000.0
250002537940,Serviços contábeis,27000.0
250002537940,Serviços prestados por terceiros,33000.0
250002537941,Cessão ou locação de veículos,7000.0
250002537941,Despesas com pessoal,13000.0
250002537942,Despesa com Impulsionamento de Conteúdos,75000.0
250002537942,Despesas com pessoal,1320500.0
250002537942,"Encargos financeiros, taxas bancárias e/ou op. cartão de crédito",51.5
250002537942,Eventos de promoção da candidatura,2500.0
250002537942,Publicidade por adesivos,39312.0
250002537942,Publicidade por materiais impressos,186171.75
250002537942,Serviços prestados por terceiros,7000.0
250002537943,Cessão ou locação de veículos,156000.0
250002537943,Combustíveis e lubrificantes,27000.0
250002537943,Despesa com Impulsionamento de Conteúdos,5000.0
250002537943,Despesas com pessoal,1068590.54
250002537943,"Encargos financeiros, taxas bancárias e/ou op. cartão de crédito",61.7
250002537943,Locação/cessão de bens imóveis,43120.0
250002537943,"Produção de jingles, vinhetas e slogans",5000.0
250002537943,Publicidade por adesivos,62347.0
250002537943,Publicidade por materiais impressos,313520.0
250002537943,Serviços advocatícios,20000.0
250002537943,Serviços prestados por terceiros,384000.0
250002537944,Despesas com pessoal,3500.0
250002537945,Cessão ou locação de veículos,3360.0
250002537945,Despesa com Impulsionamento de Conteúdos,25000.0
250002537945,Despesas com pessoal,18000.0
250002537945,"Encargos financeiros, taxas bancárias e/ou op. cartão de crédito",1.5
250002537945,Eventos de promoção da candidatura,1720.0
250002537945,Publicidade por materiais impressos,12860.0
250002537945,Taxa de Administração de Financiamento Coletivo,62.589999999999996
250002537946,Despesa com Impulsionamento de Conteúdos,33000.0
250002537946,Despesas com pessoal,24775.0
250002537946,"Encargos financeiros, taxas bancárias e/ou op. cartão de crédito",0.5
250002537946,Publicidade por jornais e revistas,370.0
250002537946,Publicidade por materiais impressos,4500.0
250002537947,Despesas com pessoal,159500.0
250002537947,"Encargos financeiros, taxas bancárias e/ou op. cartão de crédito",4.5
250002537947,Locação/cessão de bens imóveis,33000.0
250002537948,Despesa com Impulsionamento de Conteúdos,1000.0
250002537949,Alimentação,152.0
250002537949,Combustíveis e lubrificantes,245.78
250002537949,"Encargos financeiros, taxas bancárias e/ou op. cartão de crédito",1.0
250002537949,Locação/cessão de bens imóveis,2600.0
250002537949,Publicidade por materiais impressos,190.0
250002537950,Despesas com pessoal,42000.0
250002537950,"Encargos financeiros, taxas bancárias e/ou op. cartão de crédito",13.6
250002537950,Serviços prestados por terceiros,4000.0
250002537951,Atividades de militância e mobilização de rua,36240.0
250002537951,Despesa com Impulsionamento de Conteúdos,4000.0
250002537951,Despesas com pessoal,20849.82
250002537951,"Encargos financeiros, taxas bancárias e/ou op. cartão de crédito",96.4
250002537951,Publicidade por materiais impressos,36660.0
250002537951,Serviços prestados por terceiros,3280.0
250002537952,Despesas com pessoal,10000.0
250002537952,"Encargos financeiros, taxas bancárias e/ou op. cartão de crédito",1.5
250002537952,Locação/cessão de bens imóveis,7500.0
250002537952,"Produção de programas de rádio, televisão ou vídeo",2500.0
250002537952,Publicidade por adesivos,7000.0
250002537952,Publicidade por materiais impressos,52100.0
250002537952,Serviços prestados por terceiros,5500.0
250002537953,Atividades de militância e mobilização de rua,858828.94
250002537953,Cessão ou locação de veículos,487633.33
250002537953,Despesa com Impulsionamento de Conteúdos,45000.0
250002537953,Despesas com pessoal,203544.43
250002537953,"Encargos financeiros, taxas bancárias e/ou op. cartão de crédito",1.0
250002537953,Eventos de promoção da candidatura,4250.0
250002537953,Locação/cessão de bens imóveis,36750.0
250002537953,Materiais de expediente,6569.5
250002537953,Publicidade por adesivos,60650.0
250002537953,Publicidade por carros de som,50000.0
250002537953,Publicidade por materiais impressos,295326.5
250002537954,Despesas com pessoal,26000.0
250002537954,"Encargos financeiros, taxas bancárias e/ou op. cartão de crédito",2.5
250002537955,Atividades de militância e mobilização de rua,303937.61
250002537955,Despesa com Impulsionamento de Conteúdos,242000.0
250002537955,Diversas a especificar,1250.0
250002537955,Doações financeiras a outros candidatos/partidos,50000.0
250002537955,"Encargos financeiros, taxas bancárias e/ou op. cartão de crédito",49.6
250002537955,Locação/cessão de bens imóveis,35000.0
250002537955,"Produção de jingles, vinhetas e slogans",3500.0
250002537955,Publicidade por materiais impressos,74690.77
250002537955,Serviços advocatícios,40000.0
250002537955,Serviços contábeis,10000.0
250002537955,Serviços prestados por terceiros,106213.6
250002537956,Despesas com pessoal,64500.0
250002537956,Publicidade por materiais impressos,111630.0
250002537956,Serviços prestados por terceiros,108500.0
250002537957,Atividades de militância e mobilização de rua,4255.0
250002537957,Cessão ou locação de veículos,1950.0
250002537957,Despesas com pessoal,12120.0
250002537957,"Encargos financeiros, taxas bancárias e/ou op. cartão de crédito",4.5
250002537958,Criação e inclusão de páginas na internet,122.94999999999999
250002537958,Despesa com Impulsionamento de Conteúdos,3000.0
250002537958,Publicidade por materiais impressos,6627.97
250002537960,Atividades de militância e mobilização de rua,22694.0
250002537960,Serviços prestados por terceiros,10000.0
250002537961,Despesas com pessoal,15000.0
250002537961,"Encargos financeiros, taxas bancárias e/ou op. cartão de crédito",2.0
250002537962,Despesa com Impulsionamento de Conteúdos,33000.0
250002537962,Despesas com pessoal,49600.0
250002537962,"Encargos financeiros, taxas bancárias e/ou op. cartão de crédito",7.5
250002537962,Publicidade por materiais impressos,8172.99
250002537962,Serviços advocatícios,21000.0
250002537962,Serviços contábeis,13000.0
250002537964,Atividades de militância e mobilização de rua,97408.65
250002537964,Cessão ou locação de veículos,1000.0
250002537964,Combustíveis e lubrificantes,2133.8
250002537964,Despesa com Impulsionamento de Conteúdos,83200.0
250002537964,Despesas com pessoal,79190.0
250002537964,Despesas com transporte ou deslocamento,8437.5
250002537964,Diversas a especificar,51725.0
250002537964,"Encargos financeiros, taxas bancárias e/ou op. cartão de crédito",128.29999999999998
250002537964,"Impostos, contribuições e taxas",1.5
250002537964,Locação/cessão de bens imóveis,15000.0
250002537964,"Produção de jingles, vinhetas e slogans",1200.0
250002537964,"Produção de programas de rádio, televisão ou vídeo",2659.09
250002537964,Publicidade por adesivos,8800.0
250002537964,Publicidade por materiais impressos,37950.0
250002537964,Serviços advocatícios,30000.0
250002537964,Serviços contábeis,30000.0
250002537964,Serviços prestados por terceiros,231200.0
250002537965,Despesa com Impulsionamento de Conteúdos,50000.0
250002537965,Publicidade por materiais impressos,44319.83
250002537965,Serviços advocatícios,80000.0
250002537966,Despesa com Impulsionamento de Conteúdos,17000.0
250002537966,"Encargos financeiros, taxas bancárias e/ou op. cartão de crédito",37.7
250002537966,Eventos de promoção da candidatura,3200.0
250002537966,Publicidade por jornais e revistas,6600.0
250002537966,Publicidade por materiais impressos,27439.0
250002537966,Serviços advocatícios,5000.0
250002537966,Serviços contábeis,4600.0
250002537967,Atividades de militância e mobilização de rua,172500.0
250002537967,Despesa com Impulsionamento de Conteúdos,20000.0
250002537967,Despesas com pessoal,144000.0
250002537967,"Encargos financeiros, taxas bancárias e/ou op. cartão de crédito",53.0
250002537967,Locação/cessão de bens imóveis,30000.0
250002537967,Locação/cessão de bens móveis (exceto veículos),1458.0
250002537967,Publicidade por adesivos,33500.0
250002537967,Publicidade por materiais impressos,68900.0
250002537967,Serviços advocatícios,35000.0
250002537967,Serviços contábeis,35000.0
250002537967,Serviços prestados por terceiros,28400.0
250002537968,Cessão ou locação de veículos,19277.77
250002537968,Despesa com Impulsionamento de Conteúdos,6000.0
250002537968,Despesas com pessoal,1138560.0
250002537968,Locação/cessão de bens imóveis,52400.0
250002537968,Serviços prestados por terceiros,30000.0
250002537969,Alimentação,12292.67
250002537969,Cessão ou locação de veículos,79472.0
250002537969,Combustíveis e lubrificantes,2636.17
250002537969,Despesa com Impulsionamento de Conteúdos,5000.0
250002537969,Despesas com Hospedagem,4508.15
250002537969,Despesas com pessoal,481933.0
250002537969,"Encargos financeiros, taxas bancárias e/ou op. cartão de crédito",10.0
250002537969,Locação/cessão de bens imóveis,45764.68
250002537969,Locação/cessão de bens móveis (exceto veículos),11866.470000000001
250002537969,Materiais de expediente,8319.5
250002537969,Publicidade por adesivos,80000.0
250002537969,Publicidade por jornais e revistas,1700.0
250002537969,Publicidade por materiais impressos,78750.0
250002537969,Serviços prestados por terceiros,2479.19
250002537970,Cessão ou locação de veículos,28600.0
250002537970,Despesa com Impulsionamento de Conteúdos,559500.0
250002537970,Despesas com pessoal,452692.0
250002537970,"Encargos financeiros, taxas bancárias e/ou op. cartão de crédito",101.6
250002537970,Locação/cessão de bens imóveis,65500.0
250002537970,Locação/cessão de bens móveis (exceto veículos),680.0
250002537970,Materiais de expediente,9979.35
250002537970,"Produção de jingles, vinhetas e slogans",2500.0
250002537970,Publicidade por carros de som,5000.0
250002537970,Publicidade por materiais impressos,197077.8
250002537971,Despesas com pessoal,999684.0
250002537971,"Encargos financeiros, taxas bancárias e/ou op. cartão de crédito",55.0
250002537971,Publicidade por materiais impressos,276712.5
250002537971,Serviços advocatícios,50000.0
250002537971,Serviços contábeis,35000.0
250002537971,Serviços prestados por terceiros,175000.0
250002537972,Cessão ou locação de veículos,32534.0
250002537972,Despesa com Impulsionamento de Conteúdos,100000.0
250002537972,Despesas com pessoal,408000.0
250002537972,"Encargos financeiros, taxas bancárias e/ou op. cartão de crédito",5.5
250002537972,Locação/cessão de bens imóveis,10900.0
250002537972,Materiais de expediente,2490.0
250002537972,Publicidade por materiais impressos,5500.0
250002537972,Serviços prestados por terceiros,80000.0
250002537973,Cessão ou locação de veículos,14554.0
250002537973,Combustíveis e lubrificantes,5359.77
250002537973,Criação e inclusão de páginas na internet,65.99
250002537973,Despesa com Impulsionamento de Conteúdos,31000.0
250002537973,Despesas com pessoal,1196578.0
250002537973,Despesas com transporte ou deslocamento,1138.54
250002537973,"Encargos financeiros, taxas bancárias e/ou op. cartão de crédito",50.8
250002537973,Locação/cessão de bens imóveis,21500.0
250002537973,Locação/cessão de bens móveis (exceto veículos),5507.21
250002537973,Materiais de expediente,3509.8
250002537973,Publicidade por adesivos,3550.0
250002537973,Publicidade por materiais impressos,322965.0
250002537973,Serviços prestados por terceiros,222350.0
250002537974,Cessão ou locação de veículos,5000.0
250002537974,Despesa com Impulsionamento de Conteúdos,6000.0
250002537974,Despesas com pessoal,7400.0
250002537974,"Encargos financeiros, taxas bancárias e/ou op. cartão de crédito",16.6
250002537974,Materiais de expediente,996.0
250002537974,Publicidade por adesivos,776.0
250002537974,Serviços prestados por terceiros,20000.0
250002537975,Cessão ou locação de veículos,6000.0
250002537975,Despesa com Impulsionamento de Conteúdos,10000.0
250002537975,Despesas com pessoal,217940.0
250002537975,"Encargos financeiros, taxas bancárias e/ou op. cartão de crédito",24.1
250002537975,Locação/cessão de bens imóveis,4000.0
250002537975,Materiais de expediente,2250.0
250002537975,Publicidade por materiais impressos,160950.0
250002537975,Serviços prestados por terceiros,49000.0
250002537976,Cessão ou locação de veículos,74780.95999999999
250002537976,Combustíveis e lubrificantes,30000.0
250002537976,Correspondências e despesas postais,3235.5
250002537976,Despesa com Impulsionamento de Conteúdos,8200.0
250002537976,Despesas com pessoal,1015691.0
250002537976,"Encargos financeiros, taxas bancárias e/ou op. cartão de crédito",3.5
250002537976,Eventos de promoção da candidatura,5000.0
250002537976,Locação/cessão de bens imóveis,48500.0
250002537976,Locação/cessão de bens móveis (exceto veículos),6000.0
250002537976,Materiais de expediente,648.5
250002537976,"Produção de jingles, vinhetas e slogans",2400.0
250002537976,Publicidade por adesivos,5100.0
250002537976,Publicidade por jornais e revistas,900.0
250002537976,Publicidade por materiais impressos,294360.0
250002537976,Serviços prestados por terceiros,232000.0
250002537977,Atividades de militância e mobilização de rua,79735.0
250002537977,Despesa com Impulsionamento de Conteúdos,10000.0
250002537977,Despesas com pessoal,11200.0
250002537977,"Encargos financeiros, taxas bancárias e/ou op. cartão de crédito",37.6
250002537977,Eventos de promoção da candidatura,1400.0
250002537977,Publicidade por materiais impressos,98284.0
250002537977,Serviços advocatícios,15000.0
250002537978,Correspondências e despesas postais,980.04
250002537978,Despesa com Impulsionamento de Conteúdos,1000.0
250002537978,Despesas com pessoal,45000.0
250002537978,"Encargos financeiros, taxas bancárias e/ou op. cartão de crédito",2.0
250002537978,Publicidade por materiais impressos,11317.0
250002537978,Serviços prestados por terceiros,100000.0
250002537979,Alimentação,3987.86
250002537979,Atividades de militância e mobilização de rua,948429.0
250002537979,Cessão ou locação de veículos,54629.1
250002537979,Combustíveis e lubrificantes,11711.97
250002537979,Despesa com Impulsionamento de Conteúdos,257500.0
250002537979,Despesas com pessoal,386800.0
250002537979,"Encargos financeiros, taxas bancárias e/ou op. cartão de crédito",114.7
250002537979,Eventos de promoção da candidatura,120000.0
250002537979,Locação/cessão de bens imóveis,47180.0
250002537979,Locação/cessão de bens móveis (exceto veículos),1000.0
250002537979,Materiais de expediente,13752.0
250002537979,Pesquisas ou testes eleitorais,27500.0
250002537979,Pré-instalação física de comitê de campanha,5000.0
250002537979,Publicidade por jornais e revistas,17500.0
250002537979,Publicidade por materiais impressos,431677.13
250002537979,Serviços advocatícios,50000.0
250002537979,Serviços contábeis,50000.0
250002537979,Taxa de Administração de Financiamento Coletivo,1.99
250002537980,Combustíveis e lubrificantes,11503.03
250002537980,Despesa com Impulsionamento de Conteúdos,13000.0
250002537980,Despesas com pessoal,7344.0
250002537980,Despesas com transporte ou deslocamento,12000.0
250002537980,"Encargos financeiros, taxas bancárias e/ou op. cartão de crédito",1.0
250002537980,Publicidade por materiais impressos,21620.0
250002537981,Despesa com Impulsionamento de Conteúdos,17500.0
250002537981,"Encargos financeiros, taxas bancárias e/ou op. cartão de crédito",2.7
250002537981,Locação/cessão de bens imóveis,10771.82
250002537981,Materiais de expediente,2658.1
250002537981,Publicidade por adesivos,41400.0
250002537981,Publicidade por materiais impressos,143222.0
250002537981,Taxa de Administração de Financiamento Coletivo,426.57
250002537982,Cessão ou locação de veículos,15000.0
250002537982,Combustíveis e lubrificantes,1240.25
250002537982,Despesas com pessoal,40000.0
250002537982,"Encargos financeiros, taxas bancárias e/ou op. cartão de crédito",29.7
250002537982,Publicidade por materiais impressos,60000.0
250002537982,Serviços prestados por terceiros,32000.0
250002537983,Despesa com Impulsionamento de Conteúdos,5000.0
250002537983,Despesas com pessoal,328100.0
250002537983,"Encargos financeiros, taxas bancárias e/ou op. cartão de crédito",34.0
250002537983,Materiais de expediente,4100.0
250002537983,Publicidade por materiais impressos,3000.0
250002537983,Serviços prestados por terceiros,13000.0
250002537984,Despesa com Impulsionamento de Conteúdos,78340.0
250002537984,"Encargos financeiros, taxas bancárias e/ou op. cartão de crédito",58.4
250002537984,Locação/cessão de bens imóveis,63500.0
250002537984,Locação/cessão de bens móveis (exceto veículos),3690.0
250002537984,Publicidade por materiais impressos,522330.0
250002537985,Cessão ou locação de veículos,8000.0
250002537985,Correspondências e despesas postais,836.5
250002537985,Despesa com Impulsionamento de Conteúdos,54000.0
250002537985,Despesas com pessoal,20000.0
250002537985,"Encargos financeiros, taxas bancárias e/ou op. cartão de crédito",0.5
250002537985,"Produção de programas de rádio, televisão ou vídeo",15000.0
250002537985,Publicidade por materiais impressos,26580.0
250002537986,Cessão ou locação de veículos,99064.0
250002537986,Despesa com Impulsionamento de Conteúdos,50000.0
250002537986,Despesas com pessoal,185000.0
250002537986,Despesas com transporte ou deslocamento,4050.0
250002537986,Materiais de expediente,3364.8
250002537986,Publicidade por materiais impressos,3000.0
250002537986,Serviços prestados por terceiros,475700.0
250002537987,Despesas com pessoal,13000.0
250002537987,Serviços prestados por terceiros,137000.0
250002537988,Atividades de militância e mobilização de rua,17800.0
250002537988,Despesas com pessoal,17800.0
250002537988,"Encargos financeiros, taxas bancárias e/ou op. cartão de crédito",26.0
250002537988,Locação/cessão de bens imóveis,10000.0
250002537988,Publicidade por materiais impressos,5780.0
250002537988,Serviços prestados por terceiros,5000.0
250002537989,Despesa com Impulsionamento de Conteúdos,9000.0
250002537989,Despesas com pessoal,22500.0
250002537989,Publicidade por materiais impressos,60000.0
250002537989,Serviços prestados por terceiros,30000.0
250002537989,Serviços próprios prestados por terceiros,19000.0
250002539385,Cessão ou locação de veículos,5000.0
250002539385,Combustíveis e lubrificantes,2361.14
250002539385,Despesa com Impulsionamento de Conteúdos,121700.0
250002539385,Despesas com pessoal,295500.0
250002539385,Doações financeiras a outros candidatos/partidos,340000.0
250002539385,"Encargos financeiros, taxas bancárias e/ou op. cartão de crédito",2.0
250002539385,Locação/cessão de bens imóveis,11300.0
250002539385,Materiais de expediente,425.2
250002539385,"Produção de programas de rádio, televisão ou vídeo",40000.0
250002539385,Serviços advocatícios,50000.0
250002539385,Serviços contábeis,30000.0
250002539385,Serviços prestados por terceiros,65500.0
250002539385,Taxa de Administração de Financiamento Coletivo,63.36
250002539387,Atividades de militância e mobilização de rua,32000.0
250002539387,Despesa com Impulsionamento de Conteúdos,19000.0
250002539387,Despesas com pessoal,7000.0
250002539387,Diversas a especificar,4725.0
250002539387,Publicidade por adesivos,3100.0
250002539387,Publicidade por materiais impressos,16750.0
250002539388,Cessão ou locação de veículos,11120.0
250002539388,"Produção de programas de rádio, televisão ou vídeo",2500.0
250002539388,Publicidade por adesivos,14000.0
250002539389,Atividades de militância e mobilização de rua,900.0
250002539389,Despesas com pessoal,76032.0
250002539389,"Produção de programas de rádio, televisão ou vídeo",1750.0
250002539389,Publicidade por materiais impressos,10090.0
250002539390,Despesa com Impulsionamento de Conteúdos,5000.0
250002539390,Materiais de expediente,173.71
250002539390,Serviços prestados por terceiros,19416.68
250002539391,Atividades de militância e mobilização de rua,13200.0
250002539391,Despesas com pessoal,25400.0
250002539391,Materiais de expediente,618.12
250002539391,Publicidade por materiais impressos,19817.94
250002539391,Serviços prestados por terceiros,50000.0
250002539391,Taxa de Administração de Financiamento Coletivo,44.24
250002539392,Despesas com pessoal,6500.0
250002539393,Atividades de militância e mobilização de rua,25000.0
250002539393,Despesa com Impulsionamento de Conteúdos,630.0
250002539393,Despesas com pessoal,39300.0
250002539393,Doações financeiras a outros candidatos/partidos,2500.0
250002539393,"Produção de jingles, vinhetas e slogans",200.0
250002539393,Publicidade por materiais impressos,13403.96
250002539393,Taxa de Administração de Financiamento Coletivo,91.21
250002539394,Despesa com Impulsionamento de Conteúdos,9500.0
250002539394,"Produção de jingles, vinhetas e slogans",5000.0
250002539394,Serviços prestados por terceiros,18000.0
250002539396,Despesa com Impulsionamento de Conteúdos,1000.0
250002539396,"Produção de programas de rádio, televisão ou vídeo",33000.0
250002539396,Publicidade por materiais impressos,10100.0
250002539397,Alimentação,312.78000000000003
250002539397,Despesa com Impulsionamento de Conteúdos,2000.0
250002539397,Despesas com transporte ou deslocamento,850.0
250002539397,"Encargos financeiros, taxas bancárias e/ou op. cartão de crédito",43.8
250002539397,Locação/cessão de bens imóveis,25000.0
250002539397,Locação/cessão de bens móveis (exceto veículos),220.0
250002539397,Materiais de expediente,76.35
250002539397,"Produção de programas de rádio, televisão ou vídeo",35000.0
250002539397,Publicidade por materiais impressos,8500.0
250002539397,Serviços advocatícios,30000.0
250002539397,Serviços contábeis,15000.0
250002539397,Serviços prestados por terceiros,158400.0
250002539397,Taxa de Administração de Financiamento Coletivo,1336.1999999999998
250002539398,Despesas com pessoal,1400.0
250002539398,Materiais de expediente,4590.0
250002539398,"Produção de jingles, vinhetas e slogans",3120.0
250002539398,Publicidade por materiais impressos,5891.99
250002539398,Água,705.6
250002539399,Cessão ou locação de veículos,356290.0
250002539399,Combustíveis e lubrificantes,20969.31
250002539399,Despesa com Impulsionamento de Conteúdos,130000.0
250002539399,Despesas com pessoal,1049707.0
250002539399,Diversas a especificar,319250.0
250002539399,"Encargos financeiros, taxas bancárias e/ou op. cartão de crédito",129.0
250002539399,Eventos de promoção da candidatura,40572.0
250002539399,Locação/cessão de bens imóveis,14200.0
250002539399,Locação/cessão de bens móveis (exceto veículos),579.0
250002539399,Materiais de expediente,1724.75
250002539399,Publicidade por adesivos,129209.0
250002539399,Publicidade por materiais impressos,236978.5
250002539399,Serviços advocatícios,20000.0
250002539399,Serviços contábeis,15000.0
250002539399,Serviços prestados por terceiros,133540.0
250002539399,Água,1404.0
250002539400,Combustíveis e lubrificantes,527.0
250002539400,Publicidade por materiais impressos,15000.0
250002539401,Despesas com pessoal,6000.0
250002539401,Publicidade por materiais impressos,2217.96
250002539401,Serviços prestados por terceiros,3000.0
250002539402,Criação e inclusão de páginas na internet,8500.0
250002539402,Despesa com Impulsionamento de Conteúdos,3500.0
250002539402,"Encargos financeiros, taxas bancárias e/ou op. cartão de crédito",2.0
250002539402,Publicidade por materiais impressos,5350.0
250002539402,Serviços próprios prestados por terceiros,14000.0
250002539403,Atividades de militância e mobilização de rua,57363.0
250002539403,Cessão ou locação de veículos,6100.2
250002539403,Combustíveis e lubrificantes,189.39
250002539403,Despesa com Impulsionamento de Conteúdos,2000.0
250002539403,"Encargos financeiros, taxas bancárias e/ou op. cartão de crédito",8.0
250002539403,"Impostos, contribuições e taxas",22.4
250002539403,Locação/cessão de bens imóveis,3600.0
250002539403,Publicidade por materiais impressos,38250.0
250002539403,Serviços advocatícios,30000.0
250002539403,Serviços contábeis,5000.0
250002539404,Despesas com pessoal,20000.0
250002539404,"Encargos financeiros, taxas bancárias e/ou op. cartão de crédito",1.0
250002539404,Publicidade por materiais impressos,16384.0
250002539405,Atividades de militância e mobilização de rua,21395.29
250002539405,Cessão ou locação de veículos,6000.0
250002539405,Despesa com Impulsionamento de Conteúdos,500.0
250002539405,Despesas com pessoal,49511.880000000005
250002539405,Publicidade por materiais impressos,18825.0
250002539406,Atividades de militância e mobilização de rua,6000.0
250002539406,Despesa com Impulsionamento de Conteúdos,1800.0
250002539406,Despesas com pessoal,44900.0
250002539406,Publicidade por materiais impressos,15568.0
250002539407,Despesa com Impulsionamento de Conteúdos,20000.0
250002539407,Serviços advocatícios,15000.0
250002539407,Serviços contábeis,25000.0
250002539407,Serviços prestados por terceiros,150000.0
250002539408,Alimentação,2000.0
250002539408,Atividades de militância e mobilização de rua,6132.95
250002539408,Cessão ou locação de veículos,4000.0
250002539408,Despesa com Impulsionamento de Conteúdos,13000.0
250002539408,Despesas com pessoal,25933.33
250002539408,Locação/cessão de bens móveis (exceto veículos),750.0
250002539408,"Produção de jingles, vinhetas e slogans",350.0
250002539408,"Produção de programas de rádio, televisão ou vídeo",4450.0
250002539408,Publicidade por materiais impressos,10030.0
250002539408,Serviços prestados por terceiros,5000.0
250002539409,Atividades de militância e mobilização de rua,12600.0
250002539409,Despesa com Impulsionamento de Conteúdos,24970.23
250002539409,Despesas com pessoal,16000.0
250002539409,Publicidade por materiais impressos,4881.91
250002539409,Serviços prestados por terceiros,3631.91
250002539409,Taxa de Administração de Financiamento Coletivo,3.72
250002539410,Cessão ou locação de veículos,56000.0
250002539410,Despesa com Impulsionamento de Conteúdos,6700.0
250002539410,Despesas com pessoal,82133.32
250002539410,"Encargos financeiros, taxas bancárias e/ou op. cartão de crédito",71.4
250002539410,Publicidade por materiais impressos,33565.0
250002539411,Despesas com pessoal,8000.0
250002539411,Locação/cessão de bens imóveis,21000.0
250002539412,Despesas com pessoal,19000.0
250002539412,Serviços prestados por terceiros,3500.0
250002539413,Atividades de militância e mobilização de rua,12960.0
250002539413,Cessão ou locação de veículos,3000.0
250002539413,Despesas com pessoal,6000.0
250002539413,Locação/cessão de bens móveis (exceto veículos),2000.0
250002539413,"Produção de jingles, vinhetas e slogans",350.0
250002539413,Publicidade por materiais impressos,1350.0
250002539413,Serviços advocatícios,5000.0
250002539414,Atividades de militância e mobilização de rua,100000.0
250002539414,Combustíveis e lubrificantes,9000.0
250002539414,Despesa com Impulsionamento de Conteúdos,5600.0
250002539414,"Encargos financeiros, taxas bancárias e/ou op. cartão de crédito",3.2
250002539414,Publicidade por materiais impressos,62600.0
250002539414,Serviços advocatícios,30000.0
250002539414,Serviços contábeis,15000.0
250002539415,Eventos de promoção da candidatura,10490.0
250002539416,Criação e inclusão de páginas na internet,219.88
250002539416,Despesa com Impulsionamento de Conteúdos,17600.0
250002539416,Despesas com pessoal,11000.0
250002539416,Locação/cessão de bens imóveis,5500.0
250002539416,Publicidade por adesivos,1817.76
250002539416,Publicidade por materiais impressos,1860.96
250002539416,Serviços prestados por terceiros,18000.0
250002539416,Taxa de Administração de Financiamento Coletivo,119.87
250002539416,Telefone,12.35
250002539418,Atividades de militância e mobilização de rua,1000.0
250002539418,Despesa com Impulsionamento de Conteúdos,2000.0
250002539418,Despesas com pessoal,27500.0
250002539418,"Encargos financeiros, taxas bancárias e/ou op. cartão de crédito",3.5
250002539418,Materiais de expediente,920.42
250002539419,Atividades de militância e mobilização de rua,4800.0
250002539419,Despesa com Impulsionamento de Conteúdos,2000.0
250002539419,Despesas com pessoal,6000.0
250002539419,"Encargos financeiros, taxas bancárias e/ou op. cartão de crédito",5.5
250002539419,Publicidade por materiais impressos,13240.0
250002539419,Serviços prestados por terceiros,3500.0
250002539419,Serviços próprios prestados por terceiros,2000.0
250002539420,Cessão ou locação de veículos,2000.0
250002539420,Despesa com Impulsionamento de Conteúdos,2000.0
250002539420,Despesas com pessoal,8600.0
250002539420,Publicidade por adesivos,160.0
250002539420,Publicidade por materiais impressos,14180.3
250002539420,Serviços prestados por terceiros,25326.0
250002539421,Despesas com pessoal,13500.0
250002539422,Despesa com Impulsionamento de Conteúdos,1000.0
250002539424,Publicidade por materiais impressos,3850.0
250002539425,Despesas com pessoal,6750.0
250002539425,Publicidade por materiais impressos,1206.79
250002539426,Alimentação,407.34000000000003
250002539426,Despesa com Impulsionamento de Conteúdos,15000.0
250002539426,Despesas com pessoal,15050.0
250002539426,"Produção de programas de rádio, televisão ou vídeo",7800.0
250002539426,Publicidade por materiais impressos,9950.0
250002539427,"Produção de programas de rádio, televisão ou vídeo",60000.0
250002539427,Publicidade por materiais impressos,2070.0
250002539427,Serviços prestados por terceiros,70000.0
250002539430,Diversas a especificar,16273.5
250002539431,Despesa com Impulsionamento de Conteúdos,4500.0
250002539431,"Produção de jingles, vinhetas e slogans",5000.0
250002539431,Publicidade por materiais impressos,1270.0
250002539434,Publicidade por materiais impressos,20000.0
250002539435,Cessão ou locação de veículos,36500.0
250002539435,Combustíveis e lubrificantes,9313.55
250002539435,Correspondências e despesas postais,3691.25
250002539435,Despesa com Impulsionamento de Conteúdos,40000.0
250002539435,Despesas com pessoal,865074.4
250002539435,Despesas com transporte ou deslocamento,21400.0
250002539435,Doações financeiras a outros candidatos/partidos,34500.0
250002539435,"Encargos financeiros, taxas bancárias e/ou op. cartão de crédito",128.52
250002539435,Materiais de expediente,5466.46
250002539435,"Produção de jingles, vinhetas e slogans",5000.0
250002539435,Publicidade por materiais impressos,241656.2
250002539435,Serviços advocatícios,35000.0
250002539435,Serviços contábeis,50000.0
250002539435,Serviços prestados por terceiros,532820.16
250002539435,Serviços próprios prestados por terceiros,60250.0
250002539435,Taxa de Administração de Financiamento Coletivo,1427.58
250002539436,Atividades de militância e mobilização de rua,30000.0
250002539436,Despesa com Impulsionamento de Conteúdos,10000.0
250002539436,Despesas com pessoal,9000.0
250002539436,Serviços prestados por terceiros,116000.0
250002539437,Atividades de militância e mobilização de rua,541996.04
250002539437,Cessão ou locação de veículos,7600.0
250002539437,Combustíveis e lubrificantes,113.96
250002539437,Correspondências e despesas postais,158.78
250002539437,Despesa com Impulsionamento de Conteúdos,275000.0
250002539437,Despesas com pessoal,47440.0
250002539437,Doações financeiras a outros candidatos/partidos,87088.0
250002539437,"Encargos financeiros, taxas bancárias e/ou op. cartão de crédito",75.09
250002539437,Locação/cessão de bens imóveis,43408.8
250002539437,Locação/cessão de bens móveis (exceto veículos),17231.260000000002
250002539437,Materiais de expediente,3567.5
250002539437,"Produção de programas de rádio, televisão ou vídeo",45000.0
250002539437,Publicidade por jornais e revistas,4000.0
250002539437,Publicidade por materiais impressos,250108.94
250002539437,Serviços advocatícios,75000.0
250002539437,Serviços prestados por terceiros,7500.0
250002539438,Atividades de militância e mobilização de rua,2400.0
250002539438,Combustíveis e lubrificantes,1500.0
250002539438,Despesas com pessoal,10500.0
250002539438,Despesas com transporte ou deslocamento,4500.0
250002539439,Alimentação,384.69
250002539439,Materiais de expediente,93.95
250002539439,Pré-instalação física de comitê de campanha,500.0
250002539439,Publicidade por materiais impressos,25000.0
250002539440,"Produção de programas de rádio, televisão ou vídeo",1500.0
250002539440,Publicidade por materiais impressos,4957.98
250002539443,Serviços contábeis,5000.0
250002539443,Serviços prestados por terceiros,25000.0
250002539444,Atividades de militância e mobilização de rua,560.0
250002539444,Despesa com Impulsionamento de Conteúdos,500.0
250002539444,Diversas a especificar,349.0
250002539444,"Encargos financeiros, taxas bancárias e/ou op. cartão de crédito",6.0
250002539444,Eventos de promoção da candidatura,2327.8
250002539444,Locação/cessão de bens imóveis,7500.0
250002539444,"Produção de programas de rádio, televisão ou vídeo",6000.0
250002539444,Publicidade por adesivos,9460.0
250002539444,Publicidade por materiais impressos,2224.0
250002539444,Serviços contábeis,6000.0
250002539444,Serviços próprios prestados por terceiros,20600.0
250002539445,Alimentação,1047.75
250002539445,Cessão ou locação de veículos,103000.0
250002539445,Combustíveis e lubrificantes,16696.4
250002539445,Despesa com Impulsionamento de Conteúdos,26000.0
250002539445,Despesas com pessoal,268000.0
250002539445,"Encargos financeiros, taxas bancárias e/ou op. cartão de crédito",29.5
250002539445,Locação/cessão de bens móveis (exceto veículos),20830.0
250002539445,Materiais de expediente,2074.94
250002539445,Publicidade por adesivos,9750.0
250002539445,Publicidade por jornais e revistas,27300.0
250002539445,Publicidade por materiais impressos,16812.0
250002539445,Serviços contábeis,25000.0
250002539445,Serviços prestados por terceiros,18220.0
250002539446,Despesas com pessoal,153625.0
250002539446,Serviços prestados por terceiros,349.0
250002539447,Despesa com Impulsionamento de Conteúdos,1000.0
250002539447,Despesas com pessoal,18000.0
250002539447,Publicidade por adesivos,4410.0
250002539447,Publicidade por materiais impressos,10050.0
250002539447,Serviços prestados por terceiros,2121.0
250002539448,Criação e inclusão de páginas na internet,40.0
250002539448,Diversas a especificar,1000.0
250002539448,"Produção de jingles, vinhetas e slogans",800.0
250002539448,Publicidade por adesivos,1095.0
250002539448,Publicidade por materiais impressos,1247.5
250002539448,Serviços advocatícios,1621.0
250002539448,Serviços contábeis,6000.0
250002539450,"Encargos financeiros, taxas bancárias e/ou op. cartão de crédito",1.5
250002539450,Eventos de promoção da candidatura,11800.0
250002539450,Publicidade por adesivos,1820.0
250002539450,Serviços prestados por terceiros,200.0
250002539451,Alimentação,39.2
250002539451,Despesa com Impulsionamento de Conteúdos,10000.0
250002539451,Despesas com pessoal,30000.0
250002539451,"Produção de programas de rádio, televisão ou vídeo",33500.0
250002539451,Serviços prestados por terceiros,46450.0
250002539451,Serviços próprios prestados por terceiros,7000.0
250002539452,Publicidade por materiais impressos,12699.0
250002539452,Serviços advocatícios,5000.0
250002539452,Serviços contábeis,5000.0
250002539453,Despesa com Impulsionamento de Conteúdos,43000.0
250002539453,Despesas com transporte ou deslocamento,23000.0
250002539453,"Impostos, contribuições e taxas",1.0
250002539453,"Produção de jingles, vinhetas e slogans",400.0
250002539453,Publicidade por adesivos,21328.9
250002539453,Publicidade por carros de som,4500.0
250002539453,Publicidade por materiais impressos,66770.0
250002539453,Serviços advocatícios,5000.0
250002539453,Serviços contábeis,5000.0
250002539453,Serviços prestados por terceiros,24000.0
250002539454,Atividades de militância e mobilização de rua,40050.0
250002539454,Cessão ou locação de veículos,20000.0
250002539454,Despesa com Impulsionamento de Conteúdos,3000.0
250002539454,Despesas com pessoal,1500.0
250002539454,Locação/cessão de bens imóveis,7000.0
250002539454,Publicidade por adesivos,4995.0
250002539454,Publicidade por materiais impressos,23228.0
250002539455,Publicidade por materiais impressos,4499.99
250002539589,Despesa com Impulsionamento de Conteúdos,5000.0
250002539589,"Encargos financeiros, taxas bancárias e/ou op. cartão de crédito",1.5
250002539589,Publicidade por materiais impressos,1179.96
250002539589,Serviços advocatícios,6000.0
250002539589,Serviços contábeis,1500.0
250002539589,Serviços prestados por terceiros,22500.0
250002539590,Alimentação,163.55
250002539590,Atividades de militância e mobilização de rua,13800.0
250002539590,Combustíveis e lubrificantes,60.0
250002539590,"Encargos financeiros, taxas bancárias e/ou op. cartão de crédito",1.0
250002539590,Publicidade por materiais impressos,1180.0
250002539591,Combustíveis e lubrificantes,726.24
250002539591,"Encargos financeiros, taxas bancárias e/ou op. cartão de crédito",0.5
250002539591,Publicidade por materiais impressos,340.0
250002539591,Taxa de Administração de Financiamento Coletivo,63.03
250002539592,Atividades de militância e mobilização de rua,167500.0
250002539592,Despesa com Impulsionamento de Conteúdos,177500.0
250002539592,Despesas com pessoal,167660.0
250002539592,"Encargos financeiros, taxas bancárias e/ou op. cartão de crédito",48.1
250002539592,Locação/cessão de bens imóveis,20433.33
250002539592,Locação/cessão de bens móveis (exceto veículos),16000.0
250002539592,Publicidade por adesivos,27150.0
250002539592,Publicidade por materiais impressos,71370.02
250002539592,Serviços advocatícios,50000.0
250002539592,Serviços contábeis,20000.0
250002539592,Serviços prestados por terceiros,319050.0
250002539592,Taxa de Administração de Financiamento Coletivo,1738.36
250002539593,Atividades de militância e mobilização de rua,525237.08
250002539593,Combustíveis e lubrificantes,3570.08
250002539593,Criação e inclusão de páginas na internet,12000.0
250002539593,Despesa com Impulsionamento de Conteúdos,89000.0
250002539593,Despesas com Hospedagem,4403.32
250002539593,Despesas com transporte ou deslocamento,2300.0
250002539593,"Encargos financeiros, taxas bancárias e/ou op. cartão de crédito",80.7
250002539593,Locação/cessão de bens imóveis,42620.0
250002539593,Materiais de expediente,223.2
250002539593,Publicidade por adesivos,118758.0
250002539593,Publicidade por materiais impressos,324575.6
250002539593,Serviços advocatícios,30000.0
250002539593,Serviços contábeis,20000.0
250002539593,Serviços prestados por terceiros,250000.0
250002539594,Serviços contábeis,0.0
250002539594,Serviços prestados por terceiros,0.0
250002539595,Publicidade por materiais impressos,7980.0
250002539596,Publicidade por materiais impressos,12300.0
250002539597,Atividades de militância e mobilização de rua,16400.0
250002539597,Despesa com Impulsionamento de Conteúdos,174.0
250002539597,"Encargos financeiros, taxas bancárias e/ou op. cartão de crédito",1.0
250002539597,Publicidade por materiais impressos,444.0
250002539598,Atividades de militância e mobilização de rua,4260.0
250002539598,Cessão ou locação de veículos,11200.0
250002539598,"Encargos financeiros, taxas bancárias e/ou op. cartão de crédito",2.5
250002539598,Publicidade por materiais impressos,7259.0
250002539599,Despesa com Impulsionamento de Conteúdos,10000.0
250002539599,Despesas com pessoal,30732.0
250002539599,Diversas a especificar,75000.0
250002539599,"Encargos financeiros, taxas bancárias e/ou op. cartão de crédito",5.5
250002539599,Publicidade por adesivos,5685.0
250002539599,Publicidade por materiais impressos,22948.0
250002539599,Serviços advocatícios,10000.0
250002539600,Atividades de militância e mobilização de rua,2000.0
250002539600,Cessão ou locação de veículos,5000.0
250002539600,"Encargos financeiros, taxas bancárias e/ou op. cartão de crédito",2.0
250002539600,Serviços prestados por terceiros,1700.0
250002539601,Despesas com pessoal,23000.0
250002539601,"Encargos financeiros, taxas bancárias e/ou op. cartão de crédito",3.0
250002539601,"Produção de programas de rádio, televisão ou vídeo",9000.0
250002539601,Publicidade por jornais e revistas,5500.0
250002539601,Publicidade por materiais impressos,1430.0
250002539601,Serviços próprios prestados por terceiros,5000.0
250002539602,Atividades de militância e mobilização de rua,11200.0
250002539602,Despesas com pessoal,1400.0
250002539602,"Produção de jingles, vinhetas e slogans",3000.0
250002539602,"Produção de programas de rádio, televisão ou vídeo",5000.0
250002539602,Serviços advocatícios,1740.0
250002539602,Serviços contábeis,3480.0
250002539604,Atividades de militância e mobilização de rua,498167.79
250002539604,Despesa com Impulsionamento de Conteúdos,68000.0
250002539604,Doações financeiras a outros candidatos/partidos,6600.0
250002539604,"Encargos financeiros, taxas bancárias e/ou op. cartão de crédito",314.1
250002539604,Locação/cessão de bens imóveis,45760.0
250002539604,Locação/cessão de bens móveis (exceto veículos),1125.0
250002539604,"Produção de jingles, vinhetas e slogans",17600.0
250002539604,Publicidade por adesivos,153432.8
250002539604,Publicidade por materiais impressos,392720.2
250002539604,Serviços contábeis,45000.0
250002539604,Serviços prestados por terceiros,335000.0
250002539604,Serviços próprios prestados por terceiros,27000.0
250002539604,Taxa de Administração de Financiamento Coletivo,4498.31
250002539605,Atividades de militância e mobilização de rua,6130.0
250002539605,Despesa com Impulsionamento de Conteúdos,10000.0
250002539605,"Encargos financeiros, taxas bancárias e/ou op. cartão de crédito",2.0
250002539605,Publicidade por materiais impressos,6170.0
250002539605,"Segurança e prevenção, repressão e combate à violência política",4000.0
250002539605,Serviços prestados por terceiros,7800.0
250002539607,Atividades de militância e mobilização de rua,934975.0
250002539607,Despesa com Impulsionamento de Conteúdos,367000.0
250002539607,Diversas a especificar,26900.0
250002539607,"Encargos financeiros, taxas bancárias e/ou op. cartão de crédito",199.44
250002539607,Eventos de promoção da candidatura,37895.0
250002539607,Locação/cessão de bens imóveis,48500.0
250002539607,"Produção de jingles, vinhetas e slogans",9150.0
250002539607,Publicidade por materiais impressos,157621.0
250002539607,Serviços advocatícios,40000.0
250002539607,Serviços contábeis,15000.0
250002539607,Serviços prestados por terceiros,57730.0
250002539607,Taxa de Administração de Financiamento Coletivo,490.04
250002539611,Alimentação,149.6
250002539611,Combustíveis e lubrificantes,197.7
250002539611,Despesa com Impulsionamento de Conteúdos,1800.0
250002539611,"Encargos financeiros, taxas bancárias e/ou op. cartão de crédito",0.5
250002539611,Serviços prestados por terceiros,2300.0
250002539612,Atividades de militância e mobilização de rua,50825.0
250002539612,Despesa com Impulsionamento de Conteúdos,68000.0
250002539612,Despesa com geradores de energia,3800.0
250002539612,Despesas com Hospedagem,4067.91
250002539612,Despesas com pessoal,216800.0
250002539612,Diversas a especificar,53.41
250002539612,"Encargos financeiros, taxas bancárias e/ou op. cartão de crédito",26.0
250002539612,Locação/cessão de bens imóveis,186930.0
250002539612,Locação/cessão de bens móveis (exceto veículos),64230.0
250002539612,Materiais de expediente,910.0
250002539612,Passagem Aérea,4587.35
250002539612,"Produção de jingles, vinhetas e slogans",10000.0
250002539612,Publicidade por adesivos,126443.0
250002539612,Publicidade por materiais impressos,332760.31
250002539612,"Segurança e prevenção, repressão e combate à violência política",4350.0
250002539612,Serviços advocatícios,180000.0
250002539612,Serviços contábeis,30000.0
250002539612,Serviços prestados por terceiros,334315.38
250002539612,Taxa de Administração de Financiamento Coletivo,2411.6200000000003
250002539613,Despesa com Impulsionamento de Conteúdos,21700.0
250002539613,Publicidade por materiais impressos,1605.0
250002539613,Serviços contábeis,5946.15
250002539613,Serviços prestados por terceiros,24000.0
250002539613,Taxa de Administração de Financiamento Coletivo,47.28
250002539614,Despesa com Impulsionamento de Conteúdos,1630.0
250002539615,"Encargos financeiros, taxas bancárias e/ou op. cartão de crédito",34.6
250002539615,Serviços prestados por terceiros,15000.0
250002539616,Atividades de militância e mobilização de rua,109400.0
250002539616,Despesa com Impulsionamento de Conteúdos,10000.0
250002539616,Despesas com pessoal,5000.0
250002539616,"Encargos financeiros, taxas bancárias e/ou op. cartão de crédito",15.0
250002539616,"Produção de jingles, vinhetas e slogans",2500.0
250002539616,Publicidade por materiais impressos,62288.3
250002539616,Serviços advocatícios,21000.0
250002539616,Taxa de Administração de Financiamento Coletivo,484.92
250002539618,Atividades de militância e mobilização de rua,19800.0
250002539618,Criação e inclusão de páginas na internet,264.0
250002539618,Despesa com Impulsionamento de Conteúdos,15000.0
250002539618,Despesas com pessoal,10000.0
250002539618,"Encargos financeiros, taxas bancárias e/ou op. cartão de crédito",107.7
250002539618,Publicidade por materiais impressos,12016.67
250002539618,Serviços advocatícios,6800.0
250002539618,Serviços contábeis,7420.0
250002539619,Publicidade por adesivos,260.0
250002539619,Publicidade por materiais impressos,9485.0
250002539620,Alimentação,840.0
250002539620,Atividades de militância e mobilização de rua,275435.5
250002539620,Correspondências e despesas postais,722.31
250002539620,Criação e inclusão de páginas na internet,6500.0
250002539620,Despesa com Impulsionamento de Conteúdos,111000.0
250002539620,Despesas com pessoal,79200.0
250002539620,"Encargos financeiros, taxas bancárias e/ou op. cartão de crédito",169.79999999999998
250002539620,Locação/cessão de bens imóveis,44000.0
250002539620,"Produção de jingles, vinhetas e slogans",30000.0
250002539620,"Produção de programas de rádio, televisão ou vídeo",222000.0
250002539620,Publicidade por adesivos,13119.97
250002539620,Publicidade por carros de som,5040.0
250002539620,Publicidade por materiais impressos,407853.56
250002539620,Serviços advocatícios,50000.0
250002539620,Serviços prestados por terceiros,19524.0
250002539620,Taxa de Administração de Financiamento Coletivo,861.24
250002539621,Atividades de militância e mobilização de rua,27840.0
250002539621,Cessão ou locação de veículos,2300.0
250002539621,Despesa com Impulsionamento de Conteúdos,5093.62
250002539621,Despesas com pessoal,35240.0
250002539621,Doações financeiras a outros candidatos/partidos,60000.0
250002539621,"Encargos financeiros, taxas bancárias e/ou op. cartão de crédito",12.5
250002539621,Publicidade por adesivos,5000.0
250002539621,Publicidade por materiais impressos,3450.0
250002539621,Serviços advocatícios,21236.0
250002539621,Serviços contábeis,1000.0
250002539621,Serviços prestados por terceiros,19370.0
250002539621,Taxa de Administração de Financiamento Coletivo,6.38
250002539622,Cessão ou locação de veículos,26899.0
250002539622,Combustíveis e lubrificantes,1472.09
250002539622,Correspondências e despesas postais,293019.14
250002539622,Criação e inclusão de páginas na internet,32500.0
250002539622,Despesa com Impulsionamento de Conteúdos,135500.0
250002539622,Despesas com pessoal,122925.0
250002539622,Diversas a especificar,299.0
250002539622,"Encargos financeiros, taxas bancárias e/ou op. cartão de crédito",91.39999999999999
250002539622,Eventos de promoção da candidatura,35891.3
250002539622,Locação/cessão de bens móveis (exceto veículos),2499.0
250002539622,Materiais de expediente,59.9
250002539622,Publicidade por materiais impressos,283900.12
250002539622,Serviços advocatícios,38500.0
250002539622,Serviços contábeis,3000.0
250002539622,Serviços prestados por terceiros,49235.29
250002539623,Atividades de militância e mobilização de rua,18000.0
250002539623,Cessão ou locação de veículos,6000.0
250002539623,Combustíveis e lubrificantes,344.16999999999996
250002539623,Criação e inclusão de páginas na internet,7000.0
250002539623,"Encargos financeiros, taxas bancárias e/ou op. cartão de crédito",8.0
250002539623,Serviços contábeis,1800.0
250002539624,Despesa com Impulsionamento de Conteúdos,67000.0
250002539624,Despesas com pessoal,954380.5
250002539624,"Encargos financeiros, taxas bancárias e/ou op. cartão de crédito",5138.9
250002539624,Eventos de promoção da candidatura,3300.0
250002539624,Locação/cessão de bens imóveis,79830.56
250002539624,Locação/cessão de bens móveis (exceto veículos),49436.92
250002539624,"Produção de jingles, vinhetas e slogans",20000.0
250002539624,Publicidade por adesivos,11242.0
250002539624,Publicidade por carros de som,29000.0
250002539624,Publicidade por materiais impressos,78045.0
250002539624,Serviços advocatícios,120000.0
250002539624,Serviços contábeis,65000.0
250002539624,Serviços prestados por terceiros,62000.0
250002539624,Taxa de Administração de Financiamento Coletivo,219.74
250002539624,Telefone,23.27
250002539626,Atividades de militância e mobilização de rua,3900.0
250002539626,Despesa com Impulsionamento de Conteúdos,6000.0
250002539626,Locação/cessão de bens móveis (exceto veículos),3200.0
250002539626,Publicidade por adesivos,13195.0
250002539626,Publicidade por materiais impressos,7250.0
250002539626,Taxa de Administração de Financiamento Coletivo,217.32999999999998
250002539627,Despesa com Impulsionamento de Conteúdos,551.85
250002539627,Publicidade por materiais impressos,2248.12
250002539628,Atividades de militância e mobilização de rua,16000.0
250002539628,"Encargos financeiros, taxas bancárias e/ou op. cartão de crédito",5.0
250002539628,Serviços advocatícios,4000.0
250002539628,Serviços prestados por terceiros,14000.0
250002539629,Atividades de militância e mobilização de rua,157050.0
250002539629,Cessão ou locação de veículos,9600.0
250002539629,Combustíveis e lubrificantes,4770.26
250002539629,Despesa com Impulsionamento de Conteúdos,91500.0
250002539629,"Encargos financeiros, taxas bancárias e/ou op. cartão de crédito",17.5
250002539629,Publicidade por adesivos,4680.0
250002539629,Publicidade por materiais impressos,124464.0
250002539629,Serviços advocatícios,20000.0
250002539629,Serviços contábeis,4000.0
250002539629,Serviços prestados por terceiros,3850.0
250002539630,Publicidade por materiais impressos,1000.0
250002539631,"Encargos financeiros, taxas bancárias e/ou op. cartão de crédito",2.0
250002539631,Publicidade por materiais impressos,2888.0
250002539631,Serviços prestados por terceiros,3000.0
250002539632,Alimentação,714.46
250002539632,Atividades de militância e mobilização de rua,130500.0
250002539632,Despesa com Impulsionamento de Conteúdos,72000.0
250002539632,Despesas com pessoal,186500.0
250002539632,Doações financeiras a outros candidatos/partidos,50000.0
250002539632,"Encargos financeiros, taxas bancárias e/ou op. cartão de crédito",36.7
250002539632,"Produção de programas de rádio, televisão ou vídeo",26000.0
250002539632,Publicidade por adesivos,2500.0
250002539632,Publicidade por materiais impressos,45290.0
250002539632,Serviços advocatícios,35000.0
250002539632,Serviços contábeis,20000.0
250002539632,Serviços prestados por terceiros,295500.0
250002539713,Alimentação,26410.0
250002539713,Cessão ou locação de veículos,274742.86
250002539713,Combustíveis e lubrificantes,15791.98
250002539713,Despesa com Impulsionamento de Conteúdos,60000.0
250002539713,Despesas com pessoal,508934.64
250002539713,Diversas a especificar,180054.98
250002539713,"Encargos financeiros, taxas bancárias e/ou op. cartão de crédito",1765.5800000000002
250002539713,Locação/cessão de bens imóveis,59159.34
250002539713,Locação/cessão de bens móveis (exceto veículos),7839.98
250002539713,"Produção de jingles, vinhetas e slogans",20000.0
250002539713,Publicidade por adesivos,650.0
250002539713,Publicidade por jornais e revistas,9800.0
250002539713,Publicidade por materiais impressos,722572.4
250002539713,Serviços advocatícios,195000.0
250002539713,Serviços contábeis,20000.0
250002539713,Água,4151.6
250002540690,Despesa com Impulsionamento de Conteúdos,12000.0
250002540690,Despesas com pessoal,65251.0
250002540690,"Encargos financeiros, taxas bancárias e/ou op. cartão de crédito",35.9
250002540690,Locação/cessão de bens imóveis,6000.0
250002540690,Publicidade por materiais impressos,19875.0
250002540690,Serviços advocatícios,15000.0
250002540690,Serviços contábeis,1000.0
250002540691,Despesa com Impulsionamento de Conteúdos,258.98
250002540691,Despesas com pessoal,69400.0
250002540691,"Encargos financeiros, taxas bancárias e/ou op. cartão de crédito",297.0
250002540691,"Produção de programas de rádio, televisão ou vídeo",6000.0
250002540691,Publicidade por jornais e revistas,38017.0
250002540691,Publicidade por materiais impressos,63985.8
250002540691,Serviços advocatícios,75000.0
250002540691,Serviços prestados por terceiros,191973.0
250002540691,Serviços próprios prestados por terceiros,9000.0
250002540692,Alimentação,2879.87
250002540692,Atividades de militância e mobilização de rua,8000.0
250002540692,Cessão ou locação de veículos,3800.0
250002540692,Despesa com Impulsionamento de Conteúdos,25500.0
250002540692,Despesas com pessoal,10000.0
250002540692,"Encargos financeiros, taxas bancárias e/ou op. cartão de crédito",17.1
250002540692,Materiais de expediente,9980.0
250002540692,"Produção de jingles, vinhetas e slogans",5000.0
250002540692,Publicidade por materiais impressos,39000.0
250002541094,Despesa com Impulsionamento de Conteúdos,27000.0
250002541094,"Encargos financeiros, taxas bancárias e/ou op. cartão de crédito",7.5
250002541094,Locação/cessão de bens imóveis,7000.0
250002541094,Publicidade por materiais impressos,29133.0
250002541094,Serviços advocatícios,25000.0
250002541094,Serviços contábeis,8000.0
250002541094,Serviços prestados por terceiros,67850.0
250002541095,Correspondências e despesas postais,67.4
250002541095,Publicidade por materiais impressos,1100.0
250002541096,Atividades de militância e mobilização de rua,6600.0
250002541096,Cessão ou locação de veículos,12139.77
250002541096,Combustíveis e lubrificantes,798.16
250002541096,Despesa com Impulsionamento de Conteúdos,106000.0
250002541096,Despesas com pessoal,65500.0
250002541096,Locação/cessão de bens imóveis,22000.0
250002541096,"Produção de jingles, vinhetas e slogans",5000.0
250002541096,Publicidade por materiais impressos,182499.0
250002541096,Serviços advocatícios,90000.0
250002541096,Serviços contábeis,30000.0
250002541096,Serviços prestados por terceiros,233343.0
250002541096,Serviços próprios prestados por terceiros,100000.0
250002541097,Atividades de militância e mobilização de rua,40333.33
250002541097,Cessão ou locação de veículos,24000.0
250002541097,Combustíveis e lubrificantes,650.0
250002541097,Despesa com Impulsionamento de Conteúdos,9325.39
250002541097,Despesas com pessoal,4000.0
250002541097,Locação/cessão de bens imóveis,3000.0
250002541097,Publicidade por materiais impressos,102343.2
250002541097,Serviços advocatícios,12500.0
250002541097,Serviços contábeis,7500.0
250002541097,Serviços prestados por terceiros,84000.0
250002541098,Despesa com Impulsionamento de Conteúdos,20000.0
250002541098,Despesas com pessoal,29000.0
250002541098,"Produção de programas de rádio, televisão ou vídeo",176300.0
250002541098,Publicidade por adesivos,6000.0
250002541098,Publicidade por materiais impressos,2390.0
250002541098,Serviços advocatícios,20000.0
250002541098,Serviços contábeis,20000.0
250002541099,Alimentação,518.77
250002541099,Atividades de militância e mobilização de rua,24000.0
250002541099,Combustíveis e lubrificantes,878.48
250002541099,Despesa com Impulsionamento de Conteúdos,78000.0
250002541099,"Encargos financeiros, taxas bancárias e/ou op. cartão de crédito",23.1
250002541099,Publicidade por materiais impressos,12013.0
250002541099,Serviços advocatícios,60000.0
250002541099,Serviços contábeis,5000.0
250002541099,Serviços prestados por terceiros,67750.0
250002541100,Atividades de militância e mobilização de rua,29400.0
250002541100,Cessão ou locação de veículos,9200.0
250002541100,Combustíveis e lubrificantes,1000.0
250002541100,Correspondências e despesas postais,316.5
250002541100,Despesa com Impulsionamento de Conteúdos,20000.0
250002541100,Despesas com pessoal,6000.0
250002541100,Publicidade por carros de som,20000.0
250002541100,Publicidade por materiais impressos,148870.0
250002541100,Serviços advocatícios,3000.0
250002541100,Serviços contábeis,7000.0
250002541100,Serviços prestados por terceiros,54000.0
250002541101,Atividades de militância e mobilização de rua,94425.0
250002541101,Despesa com Impulsionamento de Conteúdos,25000.0
250002541101,Despesas com pessoal,3500.0
250002541101,Publicidade por adesivos,60800.0
250002541101,Publicidade por materiais impressos,215515.0
250002541101,Serviços advocatícios,20000.0
250002541101,Serviços contábeis,10000.0
250002541101,Serviços prestados por terceiros,16000.0
250002541102,Alimentação,39901.22
250002541102,Cessão ou locação de veículos,372767.38
250002541102,Combustíveis e lubrificantes,25430.690000000002
250002541102,Despesa com Impulsionamento de Conteúdos,85300.0
250002541102,Despesas com pessoal,1252167.45
250002541102,Diversas a especificar,209671.6
250002541102,"Encargos financeiros, taxas bancárias e/ou op. cartão de crédito",32.5
250002541102,Locação/cessão de bens imóveis,44200.0
250002541102,Locação/cessão de bens móveis (exceto veículos),44065.9
250002541102,"Produção de jingles, vinhetas e slogans",3000.0
250002541102,Publicidade por adesivos,5020.0
250002541102,Publicidade por materiais impressos,95004.36
250002541102,Serviços advocatícios,50000.0
250002541102,Serviços contábeis,5000.0
250002541103,Despesa com Impulsionamento de Conteúdos,18940.0
250002541103,Publicidade por adesivos,850.0
250002541103,Publicidade por materiais impressos,2871.0
250002541103,Serviços contábeis,1500.0
250002541104,Alimentação,526.13
250002541104,"Encargos financeiros, taxas bancárias e/ou op. cartão de crédito",3.0
250002541104,Serviços advocatícios,12700.0
250002541104,Serviços contábeis,16000.0
250002541104,Serviços prestados por terceiros,25438.0
250002541105,Alimentação,1346.21
250002541105,Cessão ou locação de veículos,16600.0
250002541105,Combustíveis e lubrificantes,769.95
250002541105,Despesas com pessoal,104000.0
250002541105,"Encargos financeiros, taxas bancárias e/ou op. cartão de crédito",22.1
250002541105,Locação/cessão de bens imóveis,25000.0
250002541105,Publicidade por materiais impressos,10430.0
250002541105,Serviços advocatícios,10000.0
250002541105,Serviços contábeis,5000.0
250002541105,Serviços prestados por terceiros,65000.0
250002541105,Água,27.0
250002541106,Despesa com Impulsionamento de Conteúdos,14710.0
250002541106,Despesas com pessoal,363227.0
250002541106,Despesas com transporte ou deslocamento,14500.0
250002541106,Diversas a especificar,750.0
250002541106,"Encargos financeiros, taxas bancárias e/ou op. cartão de crédito",57.2
250002541106,Eventos de promoção da candidatura,9115.0
250002541106,"Impostos, contribuições e taxas",2.0
250002541106,Locação/cessão de bens imóveis,850.0
250002541106,"Produção de programas de rádio, televisão ou vídeo",70459.0
250002541106,Publicidade por materiais impressos,174566.2
250002541106,Serviços advocatícios,5000.0
250002541107,Despesa com Impulsionamento de Conteúdos,74000.0
250002541107,"Encargos financeiros, taxas bancárias e/ou op. cartão de crédito",0.5
250002541107,"Produção de programas de rádio, televisão ou vídeo",14252.0
250002541107,Publicidade por materiais impressos,14625.0
250002541107,Serviços advocatícios,55000.0
250002541107,Serviços contábeis,55000.0
250002541107,Serviços prestados por terceiros,269570.0
250002541109,Alimentação,3804.0
250002541109,Atividades de militância e mobilização de rua,291207.9
250002541109,Cessão ou locação de veículos,62365.3
250002541109,Combustíveis e lubrificantes,2140.84
250002541109,Despesa com Impulsionamento de Conteúdos,150000.0
250002541109,Despesas com pessoal,35000.0
250002541109,Diversas a especificar,125903.4
250002541109,"Encargos financeiros, taxas bancárias e/ou op. cartão de crédito",13.0
250002541109,Locação/cessão de bens imóveis,14000.0
250002541109,Publicidade por adesivos,242970.0
250002541109,Publicidade por jornais e revistas,14976.0
250002541109,Publicidade por materiais impressos,543538.0
250002541109,Serviços advocatícios,20000.0
250002541109,Serviços contábeis,15000.0
250002541109,Serviços prestados por terceiros,14500.0
250002541110,Combustíveis e lubrificantes,539.64
250002541110,Despesa com Impulsionamento de Conteúdos,1100.0
250002541110,Despesas com pessoal,24200.0
250002541110,Materiais de expediente,45650.0
250002541110,"Produção de programas de rádio, televisão ou vídeo",18600.0
250002541110,Publicidade por materiais impressos,3500.0
250002541110,Serviços advocatícios,5000.0
250002541111,Atividades de militância e mobilização de rua,43280.0
250002541111,Despesa com Impulsionamento de Conteúdos,337904.98
250002541111,Despesas com pessoal,13250.0
250002541111,"Encargos financeiros, taxas bancárias e/ou op. cartão de crédito",82.5
250002541111,Locação/cessão de bens imóveis,5000.0
250002541111,Publicidade por adesivos,1437.5
250002541111,Publicidade por jornais e revistas,5400.0
250002541111,Publicidade por materiais impressos,170993.0
250002541111,Serviços advocatícios,20000.0
250002541111,Serviços contábeis,10000.0
250002541111,Serviços prestados por terceiros,3600.0
250002541112,Despesa com Impulsionamento de Conteúdos,50000.0
250002541112,Despesas com pessoal,76000.0
250002541112,Publicidade por adesivos,7654.24
250002541112,Publicidade por materiais impressos,18481.5
250002541112,Serviços contábeis,16000.0
250002541113,Atividades de militância e mobilização de rua,40480.0
250002541113,Combustíveis e lubrificantes,2492.64
250002541113,Despesa com Impulsionamento de Conteúdos,4250.0
250002541113,Serviços advocatícios,4000.0
250002541113,Serviços contábeis,16093.22
250002541113,Serviços prestados por terceiros,4000.0
250002541114,Alimentação,4350.0
250002541114,Atividades de militância e mobilização de rua,197715.22999999998
250002541114,Cessão ou locação de veículos,109875.1
250002541114,Combustíveis e lubrificantes,2940.0
250002541114,Criação e inclusão de páginas na internet,10000.0
250002541114,Despesa com Impulsionamento de Conteúdos,106200.0
250002541114,Despesas com pessoal,148621.42
250002541114,Despesas com transporte ou deslocamento,6600.0
250002541114,Eventos de promoção da candidatura,37206.0
250002541114,Locação/cessão de bens imóveis,226257.5
250002541114,Publicidade por adesivos,50141.6
250002541114,Publicidade por jornais e revistas,2100.0
250002541114,Publicidade por materiais impressos,95394.0
250002541114,"Segurança e prevenção, repressão e combate à violência política",8700.0
250002541114,Serviços advocatícios,5000.0
250002541114,Serviços contábeis,24000.0
250002541114,Serviços prestados por terceiros,8350.0
250002541114,Água,252.25
250002541115,Criação e inclusão de páginas na internet,40.0
250002541115,Despesa com Impulsionamento de Conteúdos,5000.0
250002541115,"Encargos financeiros, taxas bancárias e/ou op. cartão de crédito",2.0
250002541115,Publicidade por materiais impressos,87600.0
250002541115,Serviços advocatícios,10000.0
250002541115,Serviços prestados por terceiros,10000.0
250002541116,Despesa com Impulsionamento de Conteúdos,3000.0
250002541116,"Encargos financeiros, taxas bancárias e/ou op. cartão de crédito",0.5
250002541116,Serviços advocatícios,18000.0
250002541116,Serviços contábeis,2000.0
250002541117,"Encargos financeiros, taxas bancárias e/ou op. cartão de crédito",1.5
250002541117,Serviços advocatícios,10000.0
250002541118,Alimentação,358.0
250002541118,Despesa com Impulsionamento de Conteúdos,17780.0
250002541118,Despesas com pessoal,148699.4
250002541118,"Encargos financeiros, taxas bancárias e/ou op. cartão de crédito",26.0
250002541118,Locação/cessão de bens imóveis,41106.94
250002541118,Publicidade por materiais impressos,40944.4
250002541118,Serviços advocatícios,27000.0
250002541118,Serviços contábeis,13000.0
250002541118,Serviços prestados por terceiros,250000.0
250002541119,Combustíveis e lubrificantes,32880.79
250002541119,Despesa com Impulsionamento de Conteúdos,123000.0
250002541119,Despesas com pessoal,756485.3200000001
250002541119,"Encargos financeiros, taxas bancárias e/ou op. cartão de crédito",258.03000000000003
250002541119,Publicidade por carros de som,40000.0
250002541119,Publicidade por materiais impressos,58307.5
250002541119,Serviços contábeis,10000.0
250002541120,Atividades de militância e mobilização de rua,26883.34
250002541120,Cessão ou locação de veículos,72000.0
250002541120,Despesa com Impulsionamento de Conteúdos,135000.0
250002541120,"Encargos financeiros, taxas bancárias e/ou op. cartão de crédito",26.0
250002541120,Eventos de promoção da candidatura,80000.0
250002541120,Locação/cessão de bens imóveis,225090.66999999998
250002541120,Publicidade por adesivos,132133.82
250002541120,Publicidade por materiais impressos,126838.4
250002541120,Serviços advocatícios,60000.0
250002541120,Serviços contábeis,30000.0
250002541120,Serviços prestados por terceiros,355196.67
250002541121,Atividades de militância e mobilização de rua,23400.08
250002541121,Cessão ou locação de veículos,2000.0
250002541121,Combustíveis e lubrificantes,3900.0
250002541121,Diversas a especificar,1305.0
250002541121,"Encargos financeiros, taxas bancárias e/ou op. cartão de crédito",10.5
250002541121,Locação/cessão de bens imóveis,25000.0
250002541121,Publicidade por adesivos,890.0
250002541121,Publicidade por materiais impressos,29620.0
250002541121,Serviços advocatícios,10000.0
250002541121,Serviços prestados por terceiros,14900.0
250002541122,Atividades de militância e mobilização de rua,17000.0
250002541122,Despesa com Impulsionamento de Conteúdos,28600.0
250002541122,Despesas com pessoal,6500.0
250002541122,Pré-instalação física de comitê de campanha,15985.2
250002541122,Publicidade por adesivos,15674.4
250002541122,Publicidade por jornais e revistas,4000.0
250002541122,Publicidade por materiais impressos,30250.0
250002541122,Serviços advocatícios,10000.0
250002541122,Serviços prestados por terceiros,312000.0
250002541123,Atividades de militância e mobilização de rua,8500.0
250002541123,Despesa com Impulsionamento de Conteúdos,20066.05
250002541123,Diversas a especificar,40000.0
250002541123,"Encargos financeiros, taxas bancárias e/ou op. cartão de crédito",15.6
250002541123,"Produção de jingles, vinhetas e slogans",37500.0
250002541123,"Produção de programas de rádio, televisão ou vídeo",10000.0
250002541123,Publicidade por materiais impressos,18900.0
250002541123,Serviços advocatícios,12000.0
250002541123,Serviços contábeis,3000.0
250002541124,Alimentação,1176.0
250002541124,Despesa com Impulsionamento de Conteúdos,66000.0
250002541124,"Encargos financeiros, taxas bancárias e/ou op. cartão de crédito",1.0
250002541124,Publicidade por materiais impressos,19490.0
250002541124,Serviços contábeis,20000.0
250002541125,Alimentação,8680.0
250002541125,Cessão ou locação de veículos,60000.0
250002541125,Despesa com Impulsionamento de Conteúdos,344070.0
250002541125,Despesas com pessoal,303484.0
250002541125,Locação/cessão de bens imóveis,50000.0
250002541125,Locação/cessão de bens móveis (exceto veículos),15000.0
250002541125,Materiais de expediente,251.0
250002541125,"Produção de jingles, vinhetas e slogans",6000.0
250002541125,Publicidade por adesivos,11620.5
250002541125,Publicidade por materiais impressos,191661.0
250002541125,Serviços advocatícios,50000.0
250002541125,Serviços contábeis,20000.0
250002541125,Serviços prestados por terceiros,100000.0
250002541126,Atividades de militância e mobilização de rua,89601.22
250002541126,Criação e inclusão de páginas na internet,128.4
250002541126,Despesa com Impulsionamento de Conteúdos,24000.0
250002541126,Despesas com pessoal,1000.0
250002541126,"Encargos financeiros, taxas bancárias e/ou op. cartão de crédito",7.0
250002541126,Locação/cessão de bens imóveis,18000.0
250002541126,Publicidade por adesivos,945.0
250002541126,Publicidade por materiais impressos,136660.0
250002541126,Serviços advocatícios,20000.0
250002541126,Serviços prestados por terceiros,5000.0
250002541127,Cessão ou locação de veículos,10363.8
250002541127,Combustíveis e lubrificantes,436.24
250002541127,Despesa com Impulsionamento de Conteúdos,100000.0
250002541127,Despesas com pessoal,268300.0
250002541127,"Encargos financeiros, taxas bancárias e/ou op. cartão de crédito",74.3
250002541127,Materiais de expediente,4590.0
250002541127,"Produção de jingles, vinhetas e slogans",1000.0
250002541127,"Produção de programas de rádio, televisão ou vídeo",8000.0
250002541127,Publicidade por adesivos,90604.69
250002541127,Publicidade por materiais impressos,316449.74
250002541127,Serviços advocatícios,35000.0
250002541127,Serviços contábeis,10000.0
250002541127,Serviços prestados por terceiros,92250.0
250002541128,Atividades de militância e mobilização de rua,65750.0
250002541128,"Encargos financeiros, taxas bancárias e/ou op. cartão de crédito",26.4
250002541128,Publicidade por materiais impressos,10150.0
250002541128,Serviços advocatícios,30000.0
250002541128,Serviços contábeis,2000.0
250002541129,Atividades de militância e mobilização de rua,26500.0
250002541129,"Encargos financeiros, taxas bancárias e/ou op. cartão de crédito",1.5
250002541129,Serviços advocatícios,10000.0
250002541129,Serviços prestados por terceiros,5000.0
250002541130,Alimentação,19281.0
250002541130,Cessão ou locação de veículos,39233.33
250002541130,Combustíveis e lubrificantes,3056.54
250002541130,Despesa com Impulsionamento de Conteúdos,4000.0
250002541130,Despesas com pessoal,154428.46
250002541130,"Encargos financeiros, taxas bancárias e/ou op. cartão de crédito",18.0
250002541130,Locação/cessão de bens imóveis,30000.0
250002541130,Publicidade por adesivos,1600.0
250002541130,Publicidade por jornais e revistas,15000.0
250002541130,Publicidade por materiais impressos,284650.0
250002541130,Serviços advocatícios,32500.0
250002541130,Serviços contábeis,60000.0
250002541130,Serviços prestados por terceiros,11400.0
250002541131,Despesa com Impulsionamento de Conteúdos,21000.0
250002541131,"Encargos financeiros, taxas bancárias e/ou op. cartão de crédito",2.0
250002541131,Serviços advocatícios,10000.0
250002541131,Serviços prestados por terceiros,9594.0
250002541132,Atividades de militância e mobilização de rua,15670.82
250002541132,Despesa com Impulsionamento de Conteúdos,30000.0
250002541132,Despesas com Hospedagem,3600.48
250002541132,Diversas a especificar,100890.8
250002541132,"Encargos financeiros, taxas bancárias e/ou op. cartão de crédito",22.5
250002541132,Publicidade por materiais impressos,14325.0
250002541132,Serviços advocatícios,60000.0
250002541132,Serviços contábeis,5000.0
250002541133,Despesa com Impulsionamento de Conteúdos,6600.0
250002541133,Diversas a especificar,103600.0
250002541133,"Encargos financeiros, taxas bancárias e/ou op. cartão de crédito",54.4
250002541133,Eventos de promoção da candidatura,15000.0
250002541133,Publicidade por adesivos,1055.62
250002541133,Publicidade por materiais impressos,4800.0
250002541133,Serviços advocatícios,50000.0
250002541134,Atividades de militância e mobilização de rua,10000.0
250002541134,Despesa com Impulsionamento de Conteúdos,2000.0
250002541134,Despesas com transporte ou deslocamento,30000.0
250002541134,Diversas a especificar,43400.0
250002541134,"Encargos financeiros, taxas bancárias e/ou op. cartão de crédito",28.7
250002541134,Serviços advocatícios,50000.0
250002541134,Serviços próprios prestados por terceiros,6600.0
250002541135,Criação e inclusão de páginas na internet,685.26
250002541135,Despesa com Impulsionamento de Conteúdos,1000.0
250002541135,Diversas a especificar,9000.0
250002541135,"Encargos financeiros, taxas bancárias e/ou op. cartão de crédito",5.0
250002541135,"Produção de programas de rádio, televisão ou vídeo",35830.0
250002541135,Serviços advocatícios,25000.0
250002541135,Serviços contábeis,12000.0
250002541135,Serviços prestados por terceiros,4000.0
250002541135,Serviços próprios prestados por terceiros,13500.0
250002541136,Alimentação,4541.5
250002541136,Atividades de militância e mobilização de rua,224759.8
250002541136,Combustíveis e lubrificantes,3666.2
250002541136,Despesa com Impulsionamento de Conteúdos,2500.0
250002541136,Despesas com pessoal,12846.15
250002541136,Eventos de promoção da candidatura,11900.0
250002541136,Locação/cessão de bens imóveis,5000.0
250002541136,Materiais de expediente,195.45999999999998
250002541136,Publicidade por adesivos,42850.0
250002541136,Publicidade por materiais impressos,129620.0
250002541136,Serviços advocatícios,20000.0
250002541136,Serviços contábeis,25000.0
250002541136,Serviços prestados por terceiros,32400.0
250002541137,Atividades de militância e mobilização de rua,20600.0
250002541137,Despesas com pessoal,18400.0
250002541137,"Encargos financeiros, taxas bancárias e/ou op. cartão de crédito",4.5
250002541137,Publicidade por adesivos,2000.0
250002541137,Serviços advocatícios,6000.0
250002541138,Materiais de expediente,0.0
250002541138,Serviços advocatícios,0.0
250002541139,Atividades de militância e mobilização de rua,45500.0
250002541139,Despesas com pessoal,30600.0
250002541139,"Encargos financeiros, taxas bancárias e/ou op. cartão de crédito",2.5
250002541139,Locação/cessão de bens imóveis,5000.0
250002541139,Serviços advocatícios,17500.0
250002541139,Serviços contábeis,7500.0
250002541139,Serviços próprios prestados por terceiros,50000.0
250002541140,Alimentação,270.38
250002541140,Despesa com Impulsionamento de Conteúdos,20000.0
250002541140,Despesas com pessoal,113400.0
250002541140,"Encargos financeiros, taxas bancárias e/ou op. cartão de crédito",7.5
250002541140,Publicidade por materiais impressos,7128.620000000001
250002541140,Serviços advocatícios,30000.0
250002541140,Serviços contábeis,16000.0
250002541140,Serviços prestados por terceiros,1500.0
250002541141,Alimentação,4200.0
250002541141,Atividades de militância e mobilização de rua,116262.0
250002541141,Cessão ou locação de veículos,19400.0
250002541141,Despesa com Impulsionamento de Conteúdos,68000.0
250002541141,Despesas com pessoal,33850.0
250002541141,"Encargos financeiros, taxas bancárias e/ou op. cartão de crédito",133.9
250002541141,Locação/cessão de bens imóveis,60700.0
250002541141,Locação/cessão de bens móveis (exceto veículos),16162.0
250002541141,Publicidade por adesivos,35858.0
250002541141,Publicidade por jornais e revistas,5250.0
250002541141,Publicidade por materiais impressos,831425.97
250002541141,Serviços advocatícios,60000.0
250002541141,Serviços contábeis,60000.0
250002541141,Serviços prestados por terceiros,218463.9
250002541141,Taxa de Administração de Financiamento Coletivo,9047.69
250002541142,Atividades de militância e mobilização de rua,30850.0
250002541142,Cessão ou locação de veículos,17340.0
250002541142,Criação e inclusão de páginas na internet,10400.0
250002541142,Despesa com Impulsionamento de Conteúdos,20000.0
250002541142,"Encargos financeiros, taxas bancárias e/ou op. cartão de crédito",9.0
250002541142,Locação/cessão de bens imóveis,10000.0
250002541142,"Produção de jingles, vinhetas e slogans",6278.2
250002541142,"Produção de programas de rádio, televisão ou vídeo",11000.0
250002541142,Publicidade por materiais impressos,36201.13
250002541142,Serviços advocatícios,15000.0
250002541142,Serviços contábeis,6300.0
250002541142,Serviços prestados por terceiros,8740.0
250002541143,Atividades de militância e mobilização de rua,94500.0
250002541143,Cessão ou locação de veículos,46250.0
250002541143,Combustíveis e lubrificantes,1057.46
250002541143,Criação e inclusão de páginas na internet,8.75
250002541143,Despesa com Impulsionamento de Conteúdos,80000.0
250002541143,"Encargos financeiros, taxas bancárias e/ou op. cartão de crédito",35.1
250002541143,Locação/cessão de bens imóveis,19000.0
250002541143,Publicidade por adesivos,20851.0
250002541143,Publicidade por materiais impressos,101071.16
250002541143,Serviços advocatícios,30000.0
250002541143,Serviços contábeis,20000.0
250002541143,Serviços prestados por terceiros,120000.0
250002541143,Serviços próprios prestados por terceiros,87500.0
250002541144,Atividades de militância e mobilização de rua,45000.0
250002541144,Criação e inclusão de páginas na internet,40.0
250002541144,Despesa com Impulsionamento de Conteúdos,10039.9
250002541144,Despesas com pessoal,2115.0
250002541144,"Encargos financeiros, taxas bancárias e/ou op. cartão de crédito",18.1
250002541144,Locação/cessão de bens imóveis,20000.0
250002541144,Locação/cessão de bens móveis (exceto veículos),4031.2
250002541144,Materiais de expediente,1712.84
250002541144,Publicidade por adesivos,3056.0
250002541144,Publicidade por materiais impressos,40875.0
250002541144,Serviços advocatícios,20000.0
250002541144,Serviços contábeis,10000.0
250002541144,Serviços prestados por terceiros,45118.0
250002541144,Serviços próprios prestados por terceiros,1165.0
250002541145,Alimentação,4190.73
250002541145,Atividades de militância e mobilização de rua,551684.0
250002541145,Despesa com Impulsionamento de Conteúdos,141000.0
250002541145,Despesas com pessoal,15000.0
250002541145,Diversas a especificar,22185.0
250002541145,"Encargos financeiros, taxas bancárias e/ou op. cartão de crédito",144.3
250002541145,"Impostos, contribuições e taxas",0.5
250002541145,Locação/cessão de bens imóveis,22000.0
250002541145,Locação/cessão de bens móveis (exceto veículos),39600.0
250002541145,"Produção de programas de rádio, televisão ou vídeo",130150.0
250002541145,Publicidade por adesivos,75990.2
250002541145,Publicidade por carros de som,55000.0
250002541145,Publicidade por jornais e revistas,25150.0
250002541145,Publicidade por materiais impressos,452820.0
250002541145,Serviços advocatícios,250000.0
250002541145,Serviços contábeis,170000.0
250002541145,Serviços prestados por terceiros,86615.0
250002541145,Serviços próprios prestados por terceiros,16000.0
250002541146,Cessão ou locação de veículos,18000.0
250002541146,Despesa com Impulsionamento de Conteúdos,150000.0
250002541146,Despesas com pessoal,774006.69
250002541146,Diversas a especificar,313365.0
250002541146,"Encargos financeiros, taxas bancárias e/ou op. cartão de crédito",139.6
250002541146,Locação/cessão de bens imóveis,42126.67
250002541146,Publicidade por adesivos,86171.7
250002541146,Publicidade por jornais e revistas,125186.92
250002541146,Publicidade por materiais impressos,252628.37
250002541146,Serviços advocatícios,70000.0
250002541146,Serviços contábeis,35000.0
250002541146,Serviços prestados por terceiros,301650.0
250002541147,Atividades de militância e mobilização de rua,178700.0
250002541147,Despesa com Impulsionamento de Conteúdos,50000.0
250002541147,"Encargos financeiros, taxas bancárias e/ou op. cartão de crédito",18.5
250002541147,Eventos de promoção da candidatura,10850.0
250002541147,"Produção de jingles, vinhetas e slogans",50000.0
250002541147,Publicidade por adesivos,2330.0
250002541147,Publicidade por carros de som,10000.0
250002541147,Publicidade por materiais impressos,326320.0
250002541147,Serviços advocatícios,50000.0
250002541147,Serviços contábeis,8000.0
250002541147,Serviços prestados por terceiros,199990.5
250002541148,Despesa com Impulsionamento de Conteúdos,25000.0
250002541148,Diversas a especificar,1030.0
250002541148,"Encargos financeiros, taxas bancárias e/ou op. cartão de crédito",5.0
250002541148,Eventos de promoção da candidatura,50937.73
250002541148,Locação/cessão de bens imóveis,3900.0
250002541148,Publicidade por jornais e revistas,41000.0
250002541148,Publicidade por materiais impressos,142508.0
250002541148,Serviços contábeis,6150.0
250002541148,Serviços prestados por terceiros,3240.0
250002541149,Alimentação,3036.0
250002541149,Atividades de militância e mobilização de rua,1200253.0
250002541149,Cessão ou locação de veículos,40000.0
250002541149,Combustíveis e lubrificantes,15000.0
250002541149,Despesas com pessoal,8430.0
250002541149,Locação/cessão de bens imóveis,35000.0
250002541149,Locação/cessão de bens móveis (exceto veículos),11000.0
250002541149,Materiais de expediente,13174.92
250002541149,Publicidade por adesivos,56720.0
250002541149,Publicidade por jornais e revistas,1520.0
250002541149,Publicidade por materiais impressos,198119.0
250002541149,Serviços advocatícios,30000.0
250002541149,Serviços contábeis,6000.0
250002541149,Serviços prestados por terceiros,67200.0
250002541150,Alimentação,1725.0
250002541150,Cessão ou locação de veículos,25670.0
250002541150,Combustíveis e lubrificantes,3488.37
250002541150,Despesa com Impulsionamento de Conteúdos,20000.0
250002541150,Despesas com pessoal,224089.02
250002541150,Diversas a especificar,6371.9
250002541150,"Encargos financeiros, taxas bancárias e/ou op. cartão de crédito",1.5
250002541150,Locação/cessão de bens imóveis,12000.0
250002541150,Materiais de expediente,295.3
250002541150,"Produção de jingles, vinhetas e slogans",2000.0
250002541150,Publicidade por adesivos,23150.0
250002541150,Publicidade por materiais impressos,414291.65
250002541150,Serviços advocatícios,35000.0
250002541150,Serviços contábeis,27000.0
250002541150,Serviços prestados por terceiros,13500.0
250002541151,Alimentação,300.0
250002541151,Cessão ou locação de veículos,22263.75
250002541151,Despesa com Impulsionamento de Conteúdos,10000.0
250002541151,Despesas com pessoal,109600.0
250002541151,"Encargos financeiros, taxas bancárias e/ou op. cartão de crédito",147.2
250002541151,Locação/cessão de bens imóveis,58796.25
250002541151,Publicidade por materiais impressos,76000.0
250002541151,Serviços prestados por terceiros,1260300.0
250002541152,Atividades de militância e mobilização de rua,157600.0
250002541152,Cessão ou locação de veículos,42000.0
250002541152,Despesa com Impulsionamento de Conteúdos,45000.0
250002541152,Despesas com pessoal,26002.0
250002541152,Diversas a especificar,311540.0
250002541152,"Encargos financeiros, taxas bancárias e/ou op. cartão de crédito",3.5
250002541152,Locação/cessão de bens imóveis,18066.67
250002541152,Publicidade por adesivos,53688.0
250002541152,Publicidade por materiais impressos,153180.0
250002541152,"Segurança e prevenção, repressão e combate à violência política",5500.0
250002541152,Serviços prestados por terceiros,53000.0
250002541153,Despesas com pessoal,27900.0
250002541153,Diversas a especificar,140000.0
250002541153,"Encargos financeiros, taxas bancárias e/ou op. cartão de crédito",30.2
250002541153,"Impostos, contribuições e taxas",0.5
250002541153,Publicidade por adesivos,1245.0
250002541153,Publicidade por materiais impressos,6004.25
250002541153,Serviços advocatícios,45000.0
250002541153,Serviços contábeis,3000.0
250002541154,Despesa com Impulsionamento de Conteúdos,22000.0
250002541154,Despesas com Hospedagem,740.0
250002541154,Despesas com pessoal,79460.0
250002541154,"Encargos financeiros, taxas bancárias e/ou op. cartão de crédito",10.5
250002541154,Locação/cessão de bens imóveis,9000.0
250002541154,"Produção de programas de rádio, televisão ou vídeo",28700.0
250002541154,Publicidade por materiais impressos,14541.02
250002541154,Serviços advocatícios,20000.0
250002541154,Serviços contábeis,10000.0
250002541154,Serviços prestados por terceiros,15000.0
250002541155,Despesas com pessoal,199900.0
250002541155,"Encargos financeiros, taxas bancárias e/ou op. cartão de crédito",3.0
250002541156,Alimentação,8337.79
250002541156,Cessão ou locação de veículos,83820.0
250002541156,Combustíveis e lubrificantes,8458.34
250002541156,Despesa com Impulsionamento de Conteúdos,70000.0
250002541156,Despesas com pessoal,161239.2
250002541156,Diversas a especificar,70304.64
250002541156,"Encargos financeiros, taxas bancárias e/ou op. cartão de crédito",281.52000000000004
250002541156,Locação/cessão de bens imóveis,20000.0
250002541156,"Produção de jingles, vinhetas e slogans",650.0
250002541156,Publicidade por jornais e revistas,7400.0
250002541156,Publicidade por materiais impressos,557343.1799999999
250002541156,Serviços advocatícios,95000.0
250002541156,Serviços contábeis,20000.0
250002541156,Água,3230.0
250002541157,Atividades de militância e mobilização de rua,66000.0
250002541157,Despesas com pessoal,14800.0
250002541157,"Encargos financeiros, taxas bancárias e/ou op. cartão de crédito",1.5
250002541157,Publicidade por materiais impressos,1000.0
250002541157,Serviços advocatícios,10000.0
250002541158,Despesa com Impulsionamento de Conteúdos,100000.0
250002541158,"Encargos financeiros, taxas bancárias e/ou op. cartão de crédito",1.0
250002541158,Serviços advocatícios,50000.0
250002541158,Serviços contábeis,10000.0
250002541158,Serviços prestados por terceiros,155000.0
250002541159,Atividades de militância e mobilização de rua,53650.0
250002541159,Criação e inclusão de páginas na internet,38000.0
250002541159,Despesa com Impulsionamento de Conteúdos,5000.0
250002541159,"Encargos financeiros, taxas bancárias e/ou op. cartão de crédito",15.0
250002541159,Locação/cessão de bens imóveis,4000.0
250002541159,Publicidade por materiais impressos,7670.0
250002541159,Serviços advocatícios,3000.0
250002541159,Serviços contábeis,7500.0
250002541160,Atividades de militância e mobilização de rua,80000.0
250002541160,Diversas a especificar,10000.0
250002541160,"Encargos financeiros, taxas bancárias e/ou op. cartão de crédito",14.1
250002541160,Serviços advocatícios,7500.0
250002541160,Serviços contábeis,1000.0
250002541161,Despesa com Impulsionamento de Conteúdos,10000.0
250002541161,Despesas com pessoal,8700.0
250002541161,"Encargos financeiros, taxas bancárias e/ou op. cartão de crédito",3.5
250002541161,Locação/cessão de bens imóveis,5000.0
250002541161,"Produção de jingles, vinhetas e slogans",1000.0
250002541161,Publicidade por adesivos,2720.0
250002541161,Publicidade por materiais impressos,12250.0
250002541161,Serviços advocatícios,5000.0
250002541161,Serviços contábeis,20000.0
250002541161,Serviços prestados por terceiros,11129.91
250002541162,Atividades de militância e mobilização de rua,57400.0
250002541162,Despesa com Impulsionamento de Conteúdos,24000.0
250002541162,Despesas com pessoal,16000.0
250002541162,Locação/cessão de bens imóveis,3000.0
250002541162,"Produção de programas de rádio, televisão ou vídeo",15360.0
250002541162,Publicidade por adesivos,10280.0
250002541162,Publicidade por materiais impressos,71800.0
250002541162,Serviços advocatícios,30000.0
250002544285,"Encargos financeiros, taxas bancárias e/ou op. cartão de crédito",1.0
250002544285,Publicidade por adesivos,660.0
250002544285,Publicidade por materiais impressos,1520.0
250002544286,Despesa com Impulsionamento de Conteúdos,1000.0
250002544286,"Produção de programas de rádio, televisão ou vídeo",26000.0
250002544286,Publicidade por adesivos,72720.0
250002544286,Publicidade por materiais impressos,50400.0
250002544286,Serviços advocatícios,5000.0
250002544286,Serviços contábeis,4000.0
250002544286,Serviços prestados por terceiros,3500.0
250002544287,Despesa com Impulsionamento de Conteúdos,1000.0
250002544287,"Encargos financeiros, taxas bancárias e/ou op. cartão de crédito",3.0
250002544287,Publicidade por adesivos,740.0
250002544287,Publicidade por materiais impressos,2096.0
250002544287,Serviços advocatícios,6000.0
250002544287,Serviços contábeis,4000.0
250002544287,Serviços prestados por terceiros,35000.0
250002544288,"Encargos financeiros, taxas bancárias e/ou op. cartão de crédito",0.5
250002544288,Publicidade por materiais impressos,4570.93
250002544288,Taxa de Administração de Financiamento Coletivo,49.05
250002544289,Publicidade por materiais impressos,5327.29
250002544320,Cessão ou locação de veículos,5000.0
250002544320,Despesa com Impulsionamento de Conteúdos,1000.0
250002544320,Publicidade por materiais impressos,97660.0
250002544320,Serviços advocatícios,40000.0
250002544320,Serviços contábeis,5000.0
250002544321,Atividades de militância e mobilização de rua,19550.0
250002544321,Cessão ou locação de veículos,8000.0
250002544321,Despesa com Impulsionamento de Conteúdos,10000.0
250002544321,Despesas com pessoal,22500.0
250002544321,"Encargos financeiros, taxas bancárias e/ou op. cartão de crédito",19.5
250002544321,"Produção de jingles, vinhetas e slogans",2000.0
250002544321,Publicidade por carros de som,25000.0
250002544321,Publicidade por materiais impressos,54700.0
250002544321,Serviços advocatícios,20000.0
250002544322,Atividades de militância e mobilização de rua,9000.0
250002544322,Cessão ou locação de veículos,4000.0
250002544322,Serviços prestados por terceiros,4000.0
250002544323,Criação e inclusão de páginas na internet,51.08
250002544323,Despesa com Impulsionamento de Conteúdos,7700.0
250002544323,Despesas com pessoal,19452.0
250002544323,Publicidade por materiais impressos,15760.0
250002544323,Serviços prestados por terceiros,30000.0
250002544324,Atividades de militância e mobilização de rua,7900.0
250002544324,Despesa com Impulsionamento de Conteúdos,125.0
250002544324,Despesas com pessoal,14937.0
250002544324,Serviços prestados por terceiros,14200.0
250002544325,Atividades de militância e mobilização de rua,1500.0
250002544325,Combustíveis e lubrificantes,366.0
250002544325,Despesas com pessoal,25172.0
250002544325,Publicidade por materiais impressos,840.0
250002544326,Despesa com Impulsionamento de Conteúdos,200000.0
250002544326,Despesas com pessoal,71345.0
250002544326,Locação/cessão de bens imóveis,15000.0
250002544326,Publicidade por jornais e revistas,10889.0
250002544326,Publicidade por materiais impressos,100000.0
250002544326,Serviços prestados por terceiros,128194.5
250002544327,Atividades de militância e mobilização de rua,1534599.06
250002544327,Cessão ou locação de veículos,81300.0
250002544327,Combustíveis e lubrificantes,15070.25
250002544327,Despesas com pessoal,186100.0
250002544327,Locação/cessão de bens imóveis,9000.0
250002544327,Publicidade por adesivos,85625.0
250002544327,Publicidade por jornais e revistas,6300.0
250002544327,Publicidade por materiais impressos,441663.41000000003
250002544327,Serviços advocatícios,55000.0
250002544327,Serviços contábeis,45000.0
250002544328,Atividades de militância e mobilização de rua,7000.0
250002544328,Cessão ou locação de veículos,22200.0
250002544328,Combustíveis e lubrificantes,685.0
250002544328,Despesa com Impulsionamento de Conteúdos,5000.0
250002544328,"Encargos financeiros, taxas bancárias e/ou op. cartão de crédito",70.2
250002544328,Publicidade por materiais impressos,600.0
250002544329,Atividades de militância e mobilização de rua,23550.0
250002544329,Despesas com pessoal,27500.0
250002544329,Materiais de expediente,343.1
250002544329,Publicidade por materiais impressos,3970.0
250002544330,Atividades de militância e mobilização de rua,290400.0
250002544330,Cessão ou locação de veículos,7210.5
250002544330,Despesa com Impulsionamento de Conteúdos,330000.0
250002544330,Despesas com pessoal,20000.0
250002544330,Diversas a especificar,21509.99
250002544330,"Impostos, contribuições e taxas",39.5
250002544330,Materiais de expediente,625.1999999999999
250002544330,Pré-instalação física de comitê de campanha,1070.0
250002544330,Publicidade por materiais impressos,1500.0
250002544330,Serviços advocatícios,50000.0
250002544330,Serviços contábeis,20000.0
250002544330,Serviços prestados por terceiros,346200.0
250002544331,Despesa com Impulsionamento de Conteúdos,2000.0
250002544331,Despesas com pessoal,30800.0
250002544331,"Encargos financeiros, taxas bancárias e/ou op. cartão de crédito",0.5
250002544331,Serviços prestados por terceiros,20000.0
250002544332,Despesas com pessoal,389840.0
250002544332,Diversas a especificar,101679.12
250002544332,"Encargos financeiros, taxas bancárias e/ou op. cartão de crédito",31.0
250002544332,Locação/cessão de bens imóveis,10000.0
250002544332,Publicidade por adesivos,50121.0
250002544332,Publicidade por materiais impressos,219520.0
250002544332,Serviços advocatícios,65000.0
250002544332,Serviços contábeis,5000.0
250002544334,Atividades de militância e mobilização de rua,37750.0
250002544334,Despesa com Impulsionamento de Conteúdos,5000.0
250002544334,Publicidade por jornais e revistas,3900.0
250002544334,Publicidade por materiais impressos,66450.0
250002544334,Serviços prestados por terceiros,105579.0
250002544335,Atividades de militância e mobilização de rua,25000.0
250002544335,Combustíveis e lubrificantes,295.81
250002544335,"Encargos financeiros, taxas bancárias e/ou op. cartão de crédito",1.0
250002544335,Publicidade por adesivos,1564.0
250002544335,Publicidade por materiais impressos,19840.0
250002544336,Diversas a especificar,250.0
250002544336,Publicidade por materiais impressos,54854.0
250002544337,Despesa com Impulsionamento de Conteúdos,50000.0
250002544337,Despesas com pessoal,155500.0
250002544337,"Encargos financeiros, taxas bancárias e/ou op. cartão de crédito",68.5
250002544337,Serviços prestados por terceiros,2016000.0
250002544338,Cessão ou locação de veículos,17700.0
250002544338,Correspondências e despesas postais,32767.58
250002544338,Despesa com Impulsionamento de Conteúdos,2000.0
250002544338,Despesas com pessoal,227040.0
250002544338,"Encargos financeiros, taxas bancárias e/ou op. cartão de crédito",67.9
250002544338,Materiais de expediente,8952.5
250002544338,Publicidade por materiais impressos,79710.0
250002544338,Serviços prestados por terceiros,44000.0
250002544339,Atividades de militância e mobilização de rua,108400.0
250002544339,Cessão ou locação de veículos,3000.0
250002544339,Despesa com Impulsionamento de Conteúdos,3000.0
250002544339,"Encargos financeiros, taxas bancárias e/ou op. cartão de crédito",29.0
250002544339,Locação/cessão de bens móveis (exceto veículos),6000.0
250002544339,Publicidade por adesivos,1125.0
250002544339,Publicidade por materiais impressos,11500.0
250002544339,Serviços prestados por terceiros,29000.0
250002544340,Despesa com Impulsionamento de Conteúdos,390000.0
250002544340,Despesas com pessoal,219900.0
250002544340,"Encargos financeiros, taxas bancárias e/ou op. cartão de crédito",53.7
250002544340,Eventos de promoção da candidatura,42467.2
250002544340,Locação/cessão de bens imóveis,18250.0
250002544340,Locação/cessão de bens móveis (exceto veículos),76850.0
250002544340,Materiais de expediente,1117.45
250002544340,"Produção de jingles, vinhetas e slogans",25000.0
250002544340,Serviços advocatícios,30000.0
250002544340,Serviços contábeis,25000.0
250002544340,Serviços prestados por terceiros,60000.0
250002544341,Atividades de militância e mobilização de rua,207921.68
250002544341,Cessão ou locação de veículos,6443.79
250002544341,Despesa com Impulsionamento de Conteúdos,852000.0
250002544341,Diversas a especificar,1510.3
250002544341,"Encargos financeiros, taxas bancárias e/ou op. cartão de crédito",897.5600000000001
250002544341,Locação/cessão de bens imóveis,59600.0
250002544341,Locação/cessão de bens móveis (exceto veículos),10513.96
250002544341,Publicidade por materiais impressos,61385.0
250002544341,Serviços advocatícios,40000.0
250002544341,Serviços contábeis,20000.0
250002544342,Despesa com Impulsionamento de Conteúdos,10000.0
250002544342,Despesas com pessoal,42000.0
250002544342,"Encargos financeiros, taxas bancárias e/ou op. cartão de crédito",1.0
250002544342,Locação/cessão de bens imóveis,10500.0
250002544342,Publicidade por materiais impressos,4900.0
250002544342,Serviços prestados por terceiros,57000.0
250002544343,Atividades de militância e mobilização de rua,86000.0
250002544343,Publicidade por materiais impressos,84108.0
250002544344,Cessão ou locação de veículos,8800.0
250002544344,Despesas com pessoal,104200.0
250002544345,Atividades de militância e mobilização de rua,5600.0
250002544345,Despesas com pessoal,17847.0
250002544345,"Encargos financeiros, taxas bancárias e/ou op. cartão de crédito",1.5
250002544345,Publicidade por materiais impressos,2716.0
250002544346,Alimentação,4860.0
250002544346,Cessão ou locação de veículos,18000.0
250002544346,Despesa com Impulsionamento de Conteúdos,310000.0
250002544346,Despesas com pessoal,740465.64
250002544346,Despesas com transporte ou deslocamento,33000.0
250002544346,"Encargos financeiros, taxas bancárias e/ou op. cartão de crédito",1139.8
250002544346,Locação/cessão de bens imóveis,16028.22
250002544346,Materiais de expediente,10365.95
250002544346,Publicidade por adesivos,1820.0
250002544346,Publicidade por jornais e revistas,30000.0
250002544346,Publicidade por materiais impressos,18690.0
250002544346,Serviços advocatícios,40000.0
250002544346,Serviços contábeis,35000.0
250002544346,Serviços prestados por terceiros,68047.0
250002544347,Atividades de militância e mobilização de rua,25950.0
250002544347,Despesas com pessoal,25000.0
250002544348,Atividades de militância e mobilização de rua,3000.0
250002544348,Despesas com pessoal,28500.0
250002544348,"Encargos financeiros, taxas bancárias e/ou op. cartão de crédito",2.5
250002544349,Atividades de militância e mobilização de rua,1000.0
250002544349,Cessão ou locação de veículos,4000.0
250002544349,Despesa com Impulsionamento de Conteúdos,5850.0
250002544349,Despesas com pessoal,65800.0
250002544349,"Encargos financeiros, taxas bancárias e/ou op. cartão de crédito",5.5
250002544349,Publicidade por jornais e revistas,4200.0
250002544349,Publicidade por materiais impressos,4012.0
250002544349,Serviços prestados por terceiros,22025.8
250002544350,Despesa com Impulsionamento de Conteúdos,15000.0
250002544350,Despesas com pessoal,29264.58
250002544350,"Encargos financeiros, taxas bancárias e/ou op. cartão de crédito",3.0
250002544350,Materiais de expediente,7450.0
250002544350,Publicidade por adesivos,2000.0
250002544350,Publicidade por materiais impressos,3817.0
250002544350,Serviços prestados por terceiros,32500.0
250002544351,Despesa com Impulsionamento de Conteúdos,21276.47
250002544351,"Impostos, contribuições e taxas",55.0
250002544351,Locação/cessão de bens imóveis,3500.0
250002544351,"Produção de jingles, vinhetas e slogans",5900.0
250002544351,Publicidade por adesivos,3100.0
250002544351,Publicidade por materiais impressos,4865.0
250002544351,Serviços contábeis,15000.0
250002544351,Serviços prestados por terceiros,77800.0
250002544351,Serviços próprios prestados por terceiros,10000.0
250002544352,Despesas com pessoal,18000.0
250002544352,"Encargos financeiros, taxas bancárias e/ou op. cartão de crédito",35.6
250002544352,Publicidade por adesivos,890.0
250002544352,Publicidade por materiais impressos,1185.0
250002544352,Serviços próprios prestados por terceiros,55500.0
250002544353,Cessão ou locação de veículos,4280.0
250002544353,Criação e inclusão de páginas na internet,189.6
250002544353,Despesa com Impulsionamento de Conteúdos,2500.0
250002544353,Despesas com pessoal,14000.0
250002544354,Despesa com Impulsionamento de Conteúdos,35000.0
250002544354,Despesas com pessoal,12000.0
250002544354,"Encargos financeiros, taxas bancárias e/ou op. cartão de crédito",81.1
250002544354,Publicidade por adesivos,1008.0
250002544354,Publicidade por materiais impressos,13792.0
250002544354,Serviços contábeis,6000.0
250002544354,Água,2181.0
250002544355,Alimentação,9419.5
250002544355,Atividades de militância e mobilização de rua,596291.5
250002544355,Cessão ou locação de veículos,45600.0
250002544355,Combustíveis e lubrificantes,2285.63
250002544355,Comícios,31200.0
250002544355,Correspondências e despesas postais,96988.78
250002544355,Despesa com Impulsionamento de Conteúdos,6761.27
250002544355,Despesas com Hospedagem,74.99000000000001
250002544355,"Encargos financeiros, taxas bancárias e/ou op. cartão de crédito",39.0
250002544355,Locação/cessão de bens imóveis,20300.0
250002544355,"Produção de jingles, vinhetas e slogans",200.0
250002544355,Publicidade por materiais impressos,316687.1
250002544355,Serviços advocatícios,110000.0
250002544356,Cessão ou locação de veículos,83000.0
250002544356,Despesa com Impulsionamento de Conteúdos,38000.0
250002544356,"Encargos financeiros, taxas bancárias e/ou op. cartão de crédito",10.5
250002544356,Publicidade por adesivos,128673.0
250002544356,Publicidade por materiais impressos,369440.81
250002544356,Serviços contábeis,35000.0
250002544356,Serviços prestados por terceiros,514475.0
250002544357,Combustíveis e lubrificantes,3189.46
250002544357,Correspondências e despesas postais,7466.9
250002544357,Despesa com Impulsionamento de Conteúdos,110000.0
250002544357,Despesas com pessoal,299790.0
250002544357,Diversas a especificar,20000.0
250002544357,"Encargos financeiros, taxas bancárias e/ou op. cartão de crédito",30.1
250002544357,Locação/cessão de bens imóveis,9050.0
250002544357,Materiais de expediente,285.2
250002544357,Publicidade por materiais impressos,16251.5
250002544357,Serviços advocatícios,50000.0
250002544357,Serviços contábeis,5000.0
250002544358,Alimentação,1060.0
250002544358,Atividades de militância e mobilização de rua,85223.22
250002544358,Despesas com pessoal,22000.0
250002544358,"Encargos financeiros, taxas bancárias e/ou op. cartão de crédito",5.0
250002544358,Eventos de promoção da candidatura,300.0
250002544358,Locação/cessão de bens imóveis,11400.0
250002544358,Materiais de expediente,2509.08
250002544358,Publicidade por adesivos,2883.0
250002544358,Publicidade por materiais impressos,19863.0
250002544358,Serviços advocatícios,13000.0
250002544358,Serviços contábeis,7000.0
250002544358,Serviços prestados por terceiros,4000.0
250002544359,Despesas com pessoal,26000.0
250002544360,Atividades de militância e mobilização de rua,158400.0
250002544360,Combustíveis e lubrificantes,2470.2999999999997
250002544360,Doações financeiras a outros candidatos/partidos,440000.0
250002544360,"Encargos financeiros, taxas bancárias e/ou op. cartão de crédito",20.799999999999997
250002544360,Locação/cessão de bens imóveis,35000.0
250002544360,Publicidade por materiais impressos,281988.0
250002544360,Serviços advocatícios,30000.0
250002544360,Serviços contábeis,5000.0
250002544360,Serviços prestados por terceiros,45457.5
250002544361,Despesa com Impulsionamento de Conteúdos,60.0
250002544361,Despesas com pessoal,88300.0
250002544361,"Encargos financeiros, taxas bancárias e/ou op. cartão de crédito",27.1
250002544361,Locação/cessão de bens imóveis,5000.0
250002544361,Publicidade por materiais impressos,29816.0
250002544362,Cessão ou locação de veículos,7200.0
250002544362,Despesa com Impulsionamento de Conteúdos,40000.0
250002544362,Despesas com pessoal,68500.0
250002544362,"Encargos financeiros, taxas bancárias e/ou op. cartão de crédito",12.0
250002544362,Locação/cessão de bens imóveis,22000.0
250002544362,Publicidade por materiais impressos,87860.0
250002544362,Serviços advocatícios,30000.0
250002544362,Serviços contábeis,7500.0
250002544363,Atividades de militância e mobilização de rua,76500.0
250002544363,Criação e inclusão de páginas na internet,38.0
250002544363,Despesas com pessoal,59000.0
250002544363,Locação/cessão de bens imóveis,1700.0
250002544363,Publicidade por materiais impressos,24600.0
250002544363,Serviços prestados por terceiros,15000.0
250002544364,Atividades de militância e mobilização de rua,25105.0
250002544364,Cessão ou locação de veículos,5400.0
250002544364,Despesa com Impulsionamento de Conteúdos,15000.0
250002544364,Despesas com pessoal,12500.0
250002544364,"Encargos financeiros, taxas bancárias e/ou op. cartão de crédito",27.7
250002544364,Locação/cessão de bens imóveis,4000.0
250002544364,Publicidade por adesivos,5170.0
250002544364,Publicidade por materiais impressos,2760.0
250002544364,Serviços prestados por terceiros,38500.0
250002544365,Atividades de militância e mobilização de rua,4000.0
250002544365,Correspondências e despesas postais,345.78
250002544365,Despesa com Impulsionamento de Conteúdos,7000.0
250002544365,Despesas com pessoal,3500.0
250002544365,"Encargos financeiros, taxas bancárias e/ou op. cartão de crédito",4.5
250002544365,Locação/cessão de bens móveis (exceto veículos),1200.0
250002544365,Publicidade por materiais impressos,6020.0
250002544365,Serviços prestados por terceiros,8500.0
250002544367,Alimentação,886.09
250002544367,Combustíveis e lubrificantes,2189.18
250002544367,Despesa com Impulsionamento de Conteúdos,20000.0
250002544367,Despesas com pessoal,50300.0
250002544367,"Encargos financeiros, taxas bancárias e/ou op. cartão de crédito",3.0
250002544367,Locação/cessão de bens imóveis,13000.0
250002544367,Locação/cessão de bens móveis (exceto veículos),2656.0
250002544367,Materiais de expediente,740.78
250002544367,Publicidade por materiais impressos,1200.0
250002544367,Serviços prestados por terceiros,21500.0
250002544368,Cessão ou locação de veículos,15000.0
250002544368,Despesa com Impulsionamento de Conteúdos,1500.0
250002544368,Despesas com pessoal,9650.0
250002544368,"Encargos financeiros, taxas bancárias e/ou op. cartão de crédito",3.5
250002544368,Publicidade por adesivos,1090.0
250002544368,Publicidade por jornais e revistas,8064.46
250002544368,Publicidade por materiais impressos,62122.59
250002544369,Cessão ou locação de veículos,23000.0
250002544369,Despesas com pessoal,24500.0
250002544369,"Encargos financeiros, taxas bancárias e/ou op. cartão de crédito",2.5
250002544369,Publicidade por materiais impressos,23200.0
250002544369,Serviços advocatícios,5000.0
250002544369,Serviços contábeis,10000.0
250002544369,Serviços prestados por terceiros,51498.0
250002544370,Atividades de militância e mobilização de rua,18500.0
250002544370,Despesas com pessoal,16000.0
250002544370,"Encargos financeiros, taxas bancárias e/ou op. cartão de crédito",4.0
250002544372,Atividades de militância e mobilização de rua,5250.0
250002544372,Despesa com Impulsionamento de Conteúdos,5700.0
250002544372,Despesas com pessoal,40290.0
250002544372,"Encargos financeiros, taxas bancárias e/ou op. cartão de crédito",2.5
250002544372,Publicidade por materiais impressos,4422.75
250002544372,Taxa de Administração de Financiamento Coletivo,30.25
250002544372,Água,189.0
250002544833,Despesa com Impulsionamento de Conteúdos,1459.68
250002544833,Despesas com pessoal,27000.0
250002544833,"Encargos financeiros, taxas bancárias e/ou op. cartão de crédito",6.5
250002544833,Publicidade por materiais impressos,999.99
250002544833,Serviços prestados por terceiros,4000.0
250002544834,Atividades de militância e mobilização de rua,547015.0
250002544834,Combustíveis e lubrificantes,1000.0
250002544834,Correspondências e despesas postais,356566.22
250002544834,Despesa com Impulsionamento de Conteúdos,92000.0
250002544834,Despesas com pessoal,47500.0
250002544834,"Encargos financeiros, taxas bancárias e/ou op. cartão de crédito",781.9
250002544834,Locação/cessão de bens imóveis,7110.95
250002544834,Materiais de expediente,1273.3
250002544834,Publicidade por adesivos,22500.0
250002544834,Publicidade por materiais impressos,300133.83
250002544834,Serviços advocatícios,100000.0
250002544834,Serviços contábeis,20000.0
250002544834,Serviços prestados por terceiros,40340.0
250002544835,Alimentação,1444.8
250002544835,Atividades de militância e mobilização de rua,44000.0
250002544835,Combustíveis e lubrificantes,8000.0
250002544835,Despesa com Impulsionamento de Conteúdos,10000.0
250002544835,Locação/cessão de bens imóveis,5500.0
250002544835,Publicidade por adesivos,1200.0
250002544835,Publicidade por materiais impressos,100231.6
250002544836,Atividades de militância e mobilização de rua,4600.0
250002544836,Despesa com Impulsionamento de Conteúdos,40000.0
250002544836,Despesas com pessoal,31000.0
250002544836,"Produção de jingles, vinhetas e slogans",3000.0
250002544836,Publicidade por adesivos,5750.0
250002544836,Publicidade por materiais impressos,122700.0
250002544836,Serviços prestados por terceiros,30000.0
250002544837,Cessão ou locação de veículos,16615.0
250002544837,Combustíveis e lubrificantes,490.36
250002544837,Correspondências e despesas postais,707.7
250002544837,Criação e inclusão de páginas na internet,129.9
250002544837,Despesa com Impulsionamento de Conteúdos,65000.0
250002544837,Despesas com Hospedagem,12.9
250002544837,Despesas com pessoal,8430.0
250002544837,"Encargos financeiros, taxas bancárias e/ou op. cartão de crédito",6.5
250002544837,Publicidade por materiais impressos,12328.2
250002544837,Serviços prestados por terceiros,69590.0
250002546610,Despesa com Impulsionamento de Conteúdos,1200.0
250002546610,Diversas a especificar,1321.6
250002546610,"Encargos financeiros, taxas bancárias e/ou op. cartão de crédito",0.5
250002546610,Publicidade por materiais impressos,263.99
250002546611,"Encargos financeiros, taxas bancárias e/ou op. cartão de crédito",1.0
250002546611,"Produção de programas de rádio, televisão ou vídeo",3600.0
250002546613,"Encargos financeiros, taxas bancárias e/ou op. cartão de crédito",0.5
250002546613,Serviços prestados por terceiros,6988.0
250002546615,Correspondências e despesas postais,232.98
250002546615,Criação e inclusão de páginas na internet,203.8
250002546615,"Encargos financeiros, taxas bancárias e/ou op. cartão de crédito",1.0
250002546615,Materiais de expediente,39.5
250002546615,Publicidade por materiais impressos,615.0
250002546615,Serviços prestados por terceiros,385.0
250002546615,Taxa de Administração de Financiamento Coletivo,8.29
250002546616,"Encargos financeiros, taxas bancárias e/ou op. cartão de crédito",1.0
250002546616,Publicidade por adesivos,850.0
250002546616,Publicidade por materiais impressos,1000.0
250002546617,Combustíveis e lubrificantes,340.05
250002546617,Despesas com pessoal,6250.0
250002546617,"Encargos financeiros, taxas bancárias e/ou op. cartão de crédito",2.5
250002546617,Materiais de expediente,396.2
250002546618,Criação e inclusão de páginas na internet,57.989999999999995
250002546619,Correspondências e despesas postais,5791.2
250002546619,Despesa com Impulsionamento de Conteúdos,5000.0
250002546619,Despesas com Hospedagem,1677.3600000000001
250002546619,"Encargos financeiros, taxas bancárias e/ou op. cartão de crédito",4.0
250002546619,Publicidade por adesivos,429.99
250002546619,Publicidade por materiais impressos,24182.879999999997
250002546619,Taxa de Administração de Financiamento Coletivo,907.8100000000001
250002546620,Atividades de militância e mobilização de rua,3400.0
250002546620,Cessão ou locação de veículos,780.0
250002546620,"Encargos financeiros, taxas bancárias e/ou op. cartão de crédito",5.0
250002546620,Materiais de expediente,450.0
250002546620,Taxa de Administração de Financiamento Coletivo,2.15
250002546622,"Encargos financeiros, taxas bancárias e/ou op. cartão de crédito",0.5
250002546622,Publicidade por materiais impressos,4943.99
250002546622,Taxa de Administração de Financiamento Coletivo,0.74
250002546623,"Encargos financeiros, taxas bancárias e/ou op. cartão de crédito",1.0
250002546623,Eventos de promoção da candidatura,2000.0
250002546623,Serviços próprios prestados por terceiros,600.0
250002546624,Atividades de militância e mobilização de rua,200.0
250002546624,"Encargos financeiros, taxas bancárias e/ou op. cartão de crédito",1.5
250002546624,Publicidade por materiais impressos,3420.0
250002546624,Taxa de Administração de Financiamento Coletivo,10.17
250002546627,Publicidade por materiais impressos,2437.92
250002546628,"Encargos financeiros, taxas bancárias e/ou op. cartão de crédito",0.5
250002546628,Publicidade por adesivos,285.06
250002546628,Publicidade por materiais impressos,436.42
250002546628,Serviços prestados por terceiros,1500.0
250002546629,"Encargos financeiros, taxas bancárias e/ou op. cartão de crédito",0.5
250002546630,Correspondências e despesas postais,34.5
250002546630,"Encargos financeiros, taxas bancárias e/ou op. cartão de crédito",1.0
250002546630,Materiais de expediente,12.0
250002546630,Publicidade por adesivos,144.0
250002546630,Publicidade por materiais impressos,2794.9300000000003
250002546630,Taxa de Administração de Financiamento Coletivo,11.17
250002546631,Correspondências e despesas postais,2305.46
250002546631,Despesa com Impulsionamento de Conteúdos,6000.0
250002546631,Despesas com pessoal,9500.0
250002546631,"Encargos financeiros, taxas bancárias e/ou op. cartão de crédito",5.0
250002546631,"Produção de jingles, vinhetas e slogans",2500.0
250002546631,Publicidade por adesivos,45770.0
250002546631,Publicidade por materiais impressos,36930.0
250002546631,Serviços advocatícios,25000.0
250002546631,Serviços contábeis,25000.0
250002546631,Taxa de Administração de Financiamento Coletivo,1351.23
250002546632,"Encargos financeiros, taxas bancárias e/ou op. cartão de crédito",1.0
250002546632,Publicidade por materiais impressos,1191.99
250002546633,Publicidade por materiais impressos,2211.8
250002546634,"Encargos financeiros, taxas bancárias e/ou op. cartão de crédito",1.0
250002546634,Publicidade por adesivos,1105.0
250002546634,Publicidade por materiais impressos,1415.0
250002546635,Atividades de militância e mobilização de rua,400.0
250002546635,Correspondências e despesas postais,15.35
250002546635,"Encargos financeiros, taxas bancárias e/ou op. cartão de crédito",2.0
250002546635,Publicidade por adesivos,69.9
250002546635,Publicidade por materiais impressos,480.0
250002546635,Serviços prestados por terceiros,6000.0
250002546636,"Encargos financeiros, taxas bancárias e/ou op. cartão de crédito",3.0
250002546636,Publicidade por materiais impressos,2029.0
250002546636,Taxa de Administração de Financiamento Coletivo,15.17
250002546637,"Encargos financeiros, taxas bancárias e/ou op. cartão de crédito",1.0
250002546637,Publicidade por materiais impressos,2630.99
250002546637,Taxa de Administração de Financiamento Coletivo,1.78
250002546638,Alimentação,38.6
250002546638,Combustíveis e lubrificantes,1680.0
250002546638,Correspondências e despesas postais,40.0
250002546638,Despesa com Impulsionamento de Conteúdos,150.0
250002546638,Despesas com pessoal,1000.0
250002546638,Despesas com transporte ou deslocamento,120.94999999999999
250002546638,"Encargos financeiros, taxas bancárias e/ou op. cartão de crédito",4.5
250002546638,"Produção de jingles, vinhetas e slogans",2150.0
250002546638,Publicidade por materiais impressos,2052.5
250002546638,Serviços prestados por terceiros,82.0
250002546638,Taxa de Administração de Financiamento Coletivo,16.66
250002546638,Água,9.0
250002546639,"Encargos financeiros, taxas bancárias e/ou op. cartão de crédito",2.0
250002546639,Taxa de Administração de Financiamento Coletivo,3.33
250002546642,Correspondências e despesas postais,1943.01
250002546642,Despesa com Impulsionamento de Conteúdos,18500.0
250002546642,Despesas com pessoal,7850.0
250002546642,"Encargos financeiros, taxas bancárias e/ou op. cartão de crédito",10.0
250002546642,Eventos de promoção da candidatura,11015.0
250002546642,Locação/cessão de bens imóveis,1820.0
250002546642,Materiais de expediente,7684.210000000001
250002546642,Publicidade por adesivos,17494.95
250002546642,Publicidade por materiais impressos,25073.46
250002546642,Serviços advocatícios,50000.0
250002546642,Serviços contábeis,35000.0
250002546642,Taxa de Administração de Financiamento Coletivo,3569.9
250002546643,Despesa com Impulsionamento de Conteúdos,400.0
250002546643,"Encargos financeiros, taxas bancárias e/ou op. cartão de crédito",2.5
250002546643,Publicidade por materiais impressos,2517.53
250002546643,Serviços próprios prestados por terceiros,1750.0
250002546643,Taxa de Administração de Financiamento Coletivo,28.45
250002546644,Publicidade por materiais impressos,1837.9
250002546645,Despesa com Impulsionamento de Conteúdos,2634.0
250002546645,"Encargos financeiros, taxas bancárias e/ou op. cartão de crédito",4.0
250002546645,Publicidade por adesivos,4250.0
250002546645,Publicidade por materiais impressos,563.2
250002546645,Serviços prestados por terceiros,500.0
250002546645,Taxa de Administração de Financiamento Coletivo,249.64000000000001
250002546646,"Encargos financeiros, taxas bancárias e/ou op. cartão de crédito",0.5
250002546646,"Produção de programas de rádio, televisão ou vídeo",800.0
250002546647,Alimentação,306.2
250002546647,Combustíveis e lubrificantes,556.22
250002546647,Despesa com Impulsionamento de Conteúdos,2500.0
250002546647,Diversas a especificar,4338.5
250002546647,"Encargos financeiros, taxas bancárias e/ou op. cartão de crédito",1.0
250002546647,Publicidade por materiais impressos,1332.98
250002546647,Taxa de Administração de Financiamento Coletivo,86.12
250002546648,Diversas a especificar,685.98
250002546648,"Encargos financeiros, taxas bancárias e/ou op. cartão de crédito",0.5
250002546648,Serviços prestados por terceiros,2078.6
250002546648,Taxa de Administração de Financiamento Coletivo,10.73
250002546649,"Encargos financeiros, taxas bancárias e/ou op. cartão de crédito",0.5
250002546649,"Produção de jingles, vinhetas e slogans",60.0
250002546649,Taxa de Administração de Financiamento Coletivo,37.46
250002546651,Despesa com Impulsionamento de Conteúdos,5000.0
250002546651,Taxa de Administração de Financiamento Coletivo,160.25
250002546653,Correspondências e despesas postais,1339.05
250002546653,Despesa com Impulsionamento de Conteúdos,100.0
250002546653,"Encargos financeiros, taxas bancárias e/ou op. cartão de crédito",13.0
250002546653,"Produção de jingles, vinhetas e slogans",199.0
250002546653,"Produção de programas de rádio, televisão ou vídeo",360.0
250002546653,Publicidade por materiais impressos,1146.98
250002546655,Publicidade por materiais impressos,1238.98
250002546656,Despesa com Impulsionamento de Conteúdos,300.0
250002546656,Diversas a especificar,45.74
250002546656,"Encargos financeiros, taxas bancárias e/ou op. cartão de crédito",1.5
250002546656,Materiais de expediente,134.0
250002546656,Publicidade por materiais impressos,3191.8900000000003
250002546656,Taxa de Administração de Financiamento Coletivo,94.19
250002546657,"Encargos financeiros, taxas bancárias e/ou op. cartão de crédito",1.0
250002546657,Publicidade por materiais impressos,2880.0
250002546658,"Encargos financeiros, taxas bancárias e/ou op. cartão de crédito",2.0
250002546658,Publicidade por materiais impressos,59.8
250002546658,Serviços prestados por terceiros,2832.0
250002546658,Taxa de Administração de Financiamento Coletivo,40.86
250002547831,Atividades de militância e mobilização de rua,3200.0
250002547832,Atividades de militância e mobilização de rua,1600.0
250002547833,Atividades de militância e mobilização de rua,3200.0
250002547834,Atividades de militância e mobilização de rua,6400.0
250002547835,Atividades de militância e mobilização de rua,3200.0
250002547851,Publicidade por materiais impressos,1160.0
250002547852,Despesa com Impulsionamento de Conteúdos,599.0
250002547852,"Encargos financeiros, taxas bancárias e/ou op. cartão de crédito",1.0
250002547852,Publicidade por materiais impressos,1790.0
250002547852,Serviços contábeis,2500.0
250002547853,Publicidade por jornais e revistas,1160.0
250002547854,Publicidade por materiais impressos,1160.0
250002547855,Publicidade por jornais e revistas,1160.0
250002547856,Publicidade por materiais impressos,1160.0
250002548339,Despesas com pessoal,82548.67
250002548339,Diversas a especificar,23857.6
250002548339,Publicidade por materiais impressos,23550.3
250002548340,Cessão ou locação de veículos,4000.0
250002548340,Despesas com pessoal,27800.0
250002548340,"Encargos financeiros, taxas bancárias e/ou op. cartão de crédito",18.1
250002548340,Locação/cessão de bens imóveis,4500.0
250002548340,Locação/cessão de bens móveis (exceto veículos),7550.0
250002548340,Materiais de expediente,237.45
250002548340,Publicidade por materiais impressos,6390.0
250002548340,Serviços advocatícios,5000.0
250002548340,Serviços contábeis,15000.0
250002548340,Serviços prestados por terceiros,10000.0
250002548341,"Encargos financeiros, taxas bancárias e/ou op. cartão de crédito",4.0
250002548341,Serviços advocatícios,20000.0
250002548341,Serviços contábeis,20000.0
250002548461,Alimentação,1017.92
250002548461,Atividades de militância e mobilização de rua,3000.0
250002548461,Combustíveis e lubrificantes,285.36
250002548461,"Encargos financeiros, taxas bancárias e/ou op. cartão de crédito",1.0
250002548461,"Impostos, contribuições e taxas",1.5
250002548461,Publicidade por adesivos,2000.0
250002548461,Publicidade por materiais impressos,750.0
250002548461,Serviços advocatícios,2250.0
250002548461,Serviços contábeis,750.0
250002548462,Publicidade por materiais impressos,16900.0
250002548462,Serviços advocatícios,2250.0
250002548462,Serviços contábeis,750.0
250002548463,Atividades de militância e mobilização de rua,15710.0
250002548463,Publicidade por adesivos,1490.0
250002548463,Serviços advocatícios,2800.0
250002548464,Alimentação,188.57
250002548464,Atividades de militância e mobilização de rua,36400.0
250002548464,Despesa com Impulsionamento de Conteúdos,20000.0
250002548464,"Encargos financeiros, taxas bancárias e/ou op. cartão de crédito",13.7
250002548464,Locação/cessão de bens imóveis,8096.889999999999
250002548464,Pré-instalação física de comitê de campanha,450.0
250002548464,Publicidade por materiais impressos,34266.0
250002548464,Serviços advocatícios,4500.0
250002548464,Serviços contábeis,3500.0
250002548464,Serviços prestados por terceiros,93960.0
250002548465,Despesa com Impulsionamento de Conteúdos,4500.0
250002548465,Despesas com Hospedagem,1040.0
250002548465,Diversas a especificar,330.0
250002548465,"Encargos financeiros, taxas bancárias e/ou op. cartão de crédito",4.5
250002548465,Publicidade por materiais impressos,540.84
250002548465,Serviços advocatícios,9000.0
250002548465,Serviços contábeis,1500.0
250002548465,Serviços prestados por terceiros,37000.0
250002548465,Taxa de Administração de Financiamento Coletivo,170.37
250002548466,Cessão ou locação de veículos,10000.0
250002548466,Combustíveis e lubrificantes,895.86
250002548466,Diversas a especificar,28000.0
250002548466,Eventos de promoção da candidatura,10500.0
250002548466,Serviços advocatícios,4000.0
250002548466,Serviços contábeis,1000.0
250002548467,Despesa com Impulsionamento de Conteúdos,100.0
250002548467,"Produção de jingles, vinhetas e slogans",80.0
250002548467,Publicidade por materiais impressos,12900.0
250002548467,Serviços advocatícios,2800.0
250002548468,Atividades de militância e mobilização de rua,24500.0
250002548468,"Encargos financeiros, taxas bancárias e/ou op. cartão de crédito",5.5
250002548468,"Produção de jingles, vinhetas e slogans",4000.0
250002548468,"Produção de programas de rádio, televisão ou vídeo",27000.0
250002548468,Publicidade por adesivos,52687.5
250002548468,Publicidade por materiais impressos,34995.5
250002548468,Serviços advocatícios,15000.0
250002548468,Serviços contábeis,25000.0
250002548468,Serviços prestados por terceiros,50000.0
250002548469,Publicidade por adesivos,12000.0
250002548469,Serviços prestados por terceiros,7500.0
250002548470,Despesa com Impulsionamento de Conteúdos,1000.0
250002548470,"Encargos financeiros, taxas bancárias e/ou op. cartão de crédito",0.5
250002548470,"Produção de programas de rádio, televisão ou vídeo",5000.0
250002548470,Publicidade por materiais impressos,20000.0
250002548470,Serviços advocatícios,1000.0
250002548470,Serviços contábeis,4000.0
250002548471,Atividades de militância e mobilização de rua,50847.0
250002548471,"Impostos, contribuições e taxas",38.4
250002548471,Materiais de expediente,779.5
250002548471,Publicidade por adesivos,5200.0
250002548471,Publicidade por materiais impressos,19447.0
250002548471,Serviços advocatícios,4000.0
250002548471,Serviços contábeis,8000.0
250002548472,Atividades de militância e mobilização de rua,19500.0
250002548472,"Encargos financeiros, taxas bancárias e/ou op. cartão de crédito",1.0
250002548472,Serviços advocatícios,3000.0
250002548473,Despesa com Impulsionamento de Conteúdos,28000.0
250002548473,Despesas com pessoal,15000.0
250002548473,"Encargos financeiros, taxas bancárias e/ou op. cartão de crédito",4.5
250002548473,Publicidade por adesivos,1250.0
250002548473,Publicidade por jornais e revistas,17500.0
250002548473,Publicidade por materiais impressos,200643.5
250002548473,Serviços advocatícios,70000.0
250002548473,Serviços contábeis,62000.0
250002548473,Serviços prestados por terceiros,183500.0
250002548478,Atividades de militância e mobilização de rua,16000.0
250002548478,Serviços prestados por terceiros,4000.0
250002548479,Despesas com pessoal,174107.81
250002548479,Locação/cessão de bens imóveis,3080.6
250002548479,Publicidade por materiais impressos,105612.98999999999
250002548479,Serviços contábeis,15000.0
250002548481,Atividades de militância e mobilização de rua,5000.0
250002548481,Despesas com pessoal,5000.0
250002548481,"Encargos financeiros, taxas bancárias e/ou op. cartão de crédito",2.0
250002548481,Publicidade por adesivos,585.3
250002548481,Publicidade por materiais impressos,1245.0
250002548481,Serviços advocatícios,13500.0
250002548481,Serviços contábeis,1500.0
250002548482,Despesas com pessoal,6450.0
250002548482,"Impostos, contribuições e taxas",1.5
250002548482,Publicidade por materiais impressos,6757.41
250002548482,Serviços advocatícios,6000.0
250002548483,Alimentação,172.1
250002548483,Atividades de militância e mobilização de rua,3470.0
250002548483,Cessão ou locação de veículos,3980.0
250002548483,Combustíveis e lubrificantes,317.88
250002548483,"Encargos financeiros, taxas bancárias e/ou op. cartão de crédito",2.5
250002548483,Serviços advocatícios,2250.0
250002548483,Serviços contábeis,750.0
250002548484,Combustíveis e lubrificantes,648.76
250002548484,Diversas a especificar,28000.0
250002548484,Eventos de promoção da candidatura,10500.0
250002548485,"Encargos financeiros, taxas bancárias e/ou op. cartão de crédito",1.0
250002548485,Publicidade por materiais impressos,14000.0
250002548485,Serviços prestados por terceiros,1000.0
250002548486,Despesa com Impulsionamento de Conteúdos,10000.0
250002548486,"Encargos financeiros, taxas bancárias e/ou op. cartão de crédito",0.5
250002548486,Publicidade por materiais impressos,273250.0
250002548486,Serviços contábeis,12000.0
250002548487,"Impostos, contribuições e taxas",1.5
250002548487,Publicidade por materiais impressos,9375.0
250002548487,Serviços contábeis,3000.0
250002548488,Despesas com pessoal,18000.0
250002548488,Publicidade por materiais impressos,2270.0
250002548488,Serviços contábeis,4000.0
250002548489,Serviços advocatícios,2000.0
250002548489,Serviços contábeis,2000.0
250002548490,Atividades de militância e mobilização de rua,13600.0
250002548490,Combustíveis e lubrificantes,3621.52
250002548490,"Encargos financeiros, taxas bancárias e/ou op. cartão de crédito",10.0
250002548490,Locação/cessão de bens imóveis,3000.0
250002548490,Publicidade por materiais impressos,4825.0
250002548490,Serviços advocatícios,13000.0
250002548490,Serviços contábeis,2000.0
250002548490,Taxa de Administração de Financiamento Coletivo,3.96
250002548491,Combustíveis e lubrificantes,365.25
250002548491,Despesa com Impulsionamento de Conteúdos,5000.0
250002548491,Despesas com pessoal,63900.0
250002548491,"Encargos financeiros, taxas bancárias e/ou op. cartão de crédito",9.5
250002548491,Locação/cessão de bens imóveis,10000.0
250002548491,Publicidade por materiais impressos,24099.3
250002548491,Serviços advocatícios,30000.0
250002548491,Serviços contábeis,8000.0
250002548492,Despesa com Impulsionamento de Conteúdos,3000.0
250002548492,Diversas a especificar,2500.0
250002548492,"Encargos financeiros, taxas bancárias e/ou op. cartão de crédito",1.0
250002548492,Serviços advocatícios,2250.0
250002548492,Serviços contábeis,750.0
250002548493,Atividades de militância e mobilização de rua,2500.0
250002548493,Combustíveis e lubrificantes,289.57
250002548493,Despesas com pessoal,1000.0
250002548493,"Encargos financeiros, taxas bancárias e/ou op. cartão de crédito",5.5
250002548493,Serviços prestados por terceiros,3000.0
250002548494,"Encargos financeiros, taxas bancárias e/ou op. cartão de crédito",1.0
250002548494,Publicidade por materiais impressos,13000.0
250002548494,Serviços prestados por terceiros,5000.0
250002548495,Serviços advocatícios,2250.0
250002548495,Serviços contábeis,750.0
250002548496,Despesa com Impulsionamento de Conteúdos,500.0
250002548496,Despesas com pessoal,15000.0
250002548496,Publicidade por materiais impressos,9584.0
250002548496,Serviços advocatícios,10000.0
250002548496,Serviços contábeis,10000.0
250002548496,Serviços prestados por terceiros,6250.0
250002548497,Cessão ou locação de veículos,2450.0
250002548497,Combustíveis e lubrificantes,629.3299999999999
250002548497,Criação e inclusão de páginas na internet,500.0
250002548497,Despesa com Impulsionamento de Conteúdos,6735.36
250002548497,Despesas com pessoal,437.5
250002548497,"Encargos financeiros, taxas bancárias e/ou op. cartão de crédito",2.5
250002548497,"Produção de programas de rádio, televisão ou vídeo",3750.0
250002548497,Publicidade por materiais impressos,1800.0
250002548497,Serviços advocatícios,500.0
250002548497,Serviços contábeis,500.0
250002548498,Atividades de militância e mobilização de rua,60000.0
250002548498,Locação/cessão de bens imóveis,30000.0
250002548498,Locação/cessão de bens móveis (exceto veículos),3720.0
250002548498,Publicidade por adesivos,44822.0
250002548498,Publicidade por carros de som,114999.4
250002548498,Publicidade por materiais impressos,333181.37
250002548498,Serviços advocatícios,30000.0
250002548498,Serviços contábeis,30000.0
250002548498,Serviços prestados por terceiros,51060.0
250002548499,"Impostos, contribuições e taxas",1.5
250002548499,Publicidade por materiais impressos,3850.0
250002548499,Serviços prestados por terceiros,700.0
250002548500,Alimentação,370.6
250002548500,Combustíveis e lubrificantes,157.61
250002548500,Diversas a especificar,1853.9
250002548500,Publicidade por materiais impressos,2765.5
250002548500,Serviços advocatícios,8000.0
250002548500,Serviços contábeis,2000.0
250002548501,Combustíveis e lubrificantes,619.72
250002548501,"Encargos financeiros, taxas bancárias e/ou op. cartão de crédito",1.0
250002548501,Publicidade por materiais impressos,6682.0
250002548501,Serviços contábeis,300.0
250002548502,Atividades de militância e mobilização de rua,9600.0
250002548502,"Encargos financeiros, taxas bancárias e/ou op. cartão de crédito",3.5
250002548502,Serviços advocatícios,2250.0
250002548502,Serviços contábeis,750.0
250002548503,"Encargos financeiros, taxas bancárias e/ou op. cartão de crédito",1.0
250002548503,Publicidade por carros de som,17000.0
250002548503,Serviços advocatícios,1850.0
250002548503,Serviços contábeis,1150.0
250002548505,"Encargos financeiros, taxas bancárias e/ou op. cartão de crédito",1.0
250002548505,Publicidade por materiais impressos,2366.48
250002548505,Serviços advocatícios,2250.0
250002548505,Serviços contábeis,750.0
250002548505,Taxa de Administração de Financiamento Coletivo,5.27
250002548506,Despesa com Impulsionamento de Conteúdos,10750.0
250002548506,"Produção de programas de rádio, televisão ou vídeo",2000.0
250002548506,Publicidade por materiais impressos,577.0
250002548507,Combustíveis e lubrificantes,480.63
250002548507,Despesas com pessoal,7000.0
250002548507,Diversas a especificar,1255.96
250002548507,"Encargos financeiros, taxas bancárias e/ou op. cartão de crédito",4.5
250002548507,Publicidade por adesivos,363.0
250002548507,Publicidade por materiais impressos,279.0
250002548507,Taxa de Administração de Financiamento Coletivo,370.58
250002548508,Atividades de militância e mobilização de rua,20300.0
250002548508,Diversas a especificar,20000.0
250002548508,"Encargos financeiros, taxas bancárias e/ou op. cartão de crédito",1.5
250002548508,"Impostos, contribuições e taxas",6.0
250002548508,Serviços advocatícios,12500.0
250002548508,Serviços contábeis,3000.0
250002548508,Serviços prestados por terceiros,74843.12
250002548508,Taxa de Administração de Financiamento Coletivo,69.14
250002548509,Publicidade por materiais impressos,19985.0
250002548511,Atividades de militância e mobilização de rua,622.85
250002548512,Atividades de militância e mobilização de rua,17000.0
250002548512,"Encargos financeiros, taxas bancárias e/ou op. cartão de crédito",2.0
250002548512,Serviços advocatícios,2247.0
250002548512,Serviços contábeis,750.0
250002548513,Correspondências e despesas postais,19300.05
250002548513,Despesas com pessoal,15800.0
250002548513,Diversas a especificar,868.0
250002548513,"Encargos financeiros, taxas bancárias e/ou op. cartão de crédito",3.0
250002548513,Serviços contábeis,5000.0
250002548513,Serviços prestados por terceiros,17750.0
250002548514,"Encargos financeiros, taxas bancárias e/ou op. cartão de crédito",1.5
250002548514,Publicidade por materiais impressos,3192.0
250002548514,Serviços advocatícios,2250.0
250002548514,Serviços contábeis,750.0
250002548515,Despesa com Impulsionamento de Conteúdos,10000.0
250002548515,"Produção de programas de rádio, televisão ou vídeo",10000.0
250002548515,Publicidade por materiais impressos,6636.0
250002548516,Despesa com Impulsionamento de Conteúdos,2500.0
250002548516,Diversas a especificar,21500.0
250002548516,"Encargos financeiros, taxas bancárias e/ou op. cartão de crédito",1.0
250002548516,Publicidade por materiais impressos,10270.0
250002548516,Serviços prestados por terceiros,2000.0
250002548517,Combustíveis e lubrificantes,214.11
250002548517,Despesa com Impulsionamento de Conteúdos,1000.0
250002548517,Publicidade por materiais impressos,3595.0
250002548517,Serviços advocatícios,2250.0
250002548517,Serviços contábeis,750.0
250002548518,Serviços advocatícios,2800.0
250002550349,Atividades de militância e mobilização de rua,2000.0
250002550349,Cessão ou locação de veículos,14000.0
250002550349,Combustíveis e lubrificantes,10497.75
250002550349,Despesa com Impulsionamento de Conteúdos,3000.0
250002550349,Despesas com pessoal,32500.0
250002550349,"Encargos financeiros, taxas bancárias e/ou op. cartão de crédito",6.0
250002550349,Locação/cessão de bens imóveis,5000.0
250002550349,"Produção de jingles, vinhetas e slogans",2000.0
250002550349,Publicidade por materiais impressos,108100.35
250002550349,Serviços advocatícios,50000.0
250002550349,Serviços prestados por terceiros,20000.0
250002550350,Atividades de militância e mobilização de rua,3721.0
250002550350,Combustíveis e lubrificantes,76.68
250002550350,"Encargos financeiros, taxas bancárias e/ou op. cartão de crédito",0.5
250002550351,Atividades de militância e mobilização de rua,5000.0
250002550351,Despesa com Impulsionamento de Conteúdos,1000.0
250002550351,Diversas a especificar,600.0
250002550351,"Encargos financeiros, taxas bancárias e/ou op. cartão de crédito",1.0
250002550352,Publicidade por materiais impressos,8850.0
250002550352,Serviços prestados por terceiros,90898.0
250002550352,Serviços próprios prestados por terceiros,2000.0
250002550354,Alimentação,1271.1
250002550354,Atividades de militância e mobilização de rua,63113.28
250002550354,Cessão ou locação de veículos,13750.0
250002550354,Combustíveis e lubrificantes,1720.87
250002550354,Despesas com pessoal,87000.0
250002550354,Locação/cessão de bens imóveis,5483.9
250002550354,Materiais de expediente,651.1
250002550354,"Produção de jingles, vinhetas e slogans",2250.0
250002550354,Publicidade por materiais impressos,64021.0
250002550354,Serviços advocatícios,7500.0
250002550354,Serviços contábeis,30000.0
250002550354,Serviços prestados por terceiros,7500.0
250002550357,Despesa com Impulsionamento de Conteúdos,1000.0
250002550357,Publicidade por materiais impressos,995.96
250002550361,Atividades de militância e mobilização de rua,4560.0
250002550361,Despesa com Impulsionamento de Conteúdos,1000.0
250002550361,"Encargos financeiros, taxas bancárias e/ou op. cartão de crédito",9.5
250002550361,Locação/cessão de bens imóveis,2000.0
250002550361,Publicidade por materiais impressos,7000.0
250002550361,Serviços advocatícios,6490.0
250002550361,Serviços contábeis,20000.0
250002550361,Serviços prestados por terceiros,10000.0
250002550363,Alimentação,466.0
250002550363,Atividades de militância e mobilização de rua,17500.0
250002550363,Despesa com Impulsionamento de Conteúdos,7000.0
250002550363,"Encargos financeiros, taxas bancárias e/ou op. cartão de crédito",18.6
250002550363,Locação/cessão de bens imóveis,17500.0
250002550363,Publicidade por adesivos,562.2
250002550363,Publicidade por materiais impressos,7450.92
250002550363,Serviços prestados por terceiros,34076.0
250002550365,Atividades de militância e mobilização de rua,6600.0
250002550365,"Encargos financeiros, taxas bancárias e/ou op. cartão de crédito",0.5
250002550365,Publicidade por materiais impressos,68661.0
250002550367,Publicidade por materiais impressos,760.0
250002550367,Serviços prestados por terceiros,2500.0
250002550369,Correspondências e despesas postais,58.95
250002550369,Despesa com Impulsionamento de Conteúdos,1950.0
250002550369,Despesas com pessoal,3200.0
250002550369,Diversas a especificar,698.0
250002550369,"Encargos financeiros, taxas bancárias e/ou op. cartão de crédito",0.5
250002550369,"Produção de jingles, vinhetas e slogans",250.0
250002550369,Publicidade por adesivos,735.0
250002550369,Publicidade por materiais impressos,20150.0
250002550371,Despesas com pessoal,2250.0
250002550371,Diversas a especificar,800.0
250002550371,Publicidade por adesivos,1947.0
250002550371,Publicidade por materiais impressos,8260.8
250002550371,Serviços prestados por terceiros,10000.0
250002550372,Atividades de militância e mobilização de rua,5000.0
250002550372,"Encargos financeiros, taxas bancárias e/ou op. cartão de crédito",1.0
250002550374,Publicidade por materiais impressos,150.0
250002550375,Publicidade por materiais impressos,975.0
250002550377,Despesas com pessoal,10300.0
250002550377,"Encargos financeiros, taxas bancárias e/ou op. cartão de crédito",3.5
250002550377,"Produção de programas de rádio, televisão ou vídeo",3000.0
250002550377,Publicidade por materiais impressos,23199.989999999998
250002550378,Atividades de militância e mobilização de rua,5000.0
250002550378,Combustíveis e lubrificantes,154.99
250002550378,Despesas com pessoal,5000.0
250002550378,Encargos sociais,2.5
250002550378,"Produção de programas de rádio, televisão ou vídeo",10000.0
250002550378,Publicidade por carros de som,8000.0
250002550381,Correspondências e despesas postais,28869.1
250002550381,Despesa com Impulsionamento de Conteúdos,44500.0
250002550381,"Produção de jingles, vinhetas e slogans",1500.0
250002550381,Publicidade por adesivos,11095.0
250002550381,Publicidade por jornais e revistas,4200.0
250002550381,Publicidade por materiais impressos,12380.0
250002550382,Cessão ou locação de veículos,5300.0
250002550386,Publicidade por materiais impressos,13151.2
250002550386,Serviços advocatícios,10000.0
250002550386,Serviços prestados por terceiros,20000.0
250002550387,Publicidade por materiais impressos,30500.0
250002550389,Serviços prestados por terceiros,5000.0
250002550390,Atividades de militância e mobilização de rua,7000.0
250002550390,Combustíveis e lubrificantes,323.13
250002550390,Despesas com transporte ou deslocamento,468.0
250002550392,"Encargos financeiros, taxas bancárias e/ou op. cartão de crédito",0.5
250002550392,"Produção de jingles, vinhetas e slogans",399.0
250002550392,Publicidade por adesivos,3999.8
250002550393,Combustíveis e lubrificantes,804.13
250002550393,Despesa com Impulsionamento de Conteúdos,600.0
250002550393,Diversas a especificar,3323.5299999999997
250002550393,"Encargos financeiros, taxas bancárias e/ou op. cartão de crédito",6.5
250002550393,"Produção de jingles, vinhetas e slogans",1000.0
250002550393,Pré-instalação física de comitê de campanha,3286.47
250002550393,Publicidade por adesivos,860.0
250002550393,Publicidade por materiais impressos,15841.25
250002550393,Serviços prestados por terceiros,2000.0
250002550394,Cessão ou locação de veículos,245000.0
250002550394,Combustíveis e lubrificantes,10353.86
250002550394,Despesa com Impulsionamento de Conteúdos,60000.0
250002550394,"Encargos financeiros, taxas bancárias e/ou op. cartão de crédito",3.0
250002550394,Locação/cessão de bens imóveis,39310.0
250002550394,Publicidade por adesivos,11770.8
250002550394,Publicidade por jornais e revistas,2000.0
250002550394,Publicidade por materiais impressos,305029.2
250002550394,Serviços advocatícios,25000.0
250002550394,Serviços contábeis,25000.0
250002550394,Serviços prestados por terceiros,420000.0
250002550394,Serviços próprios prestados por terceiros,4000.0
250002550395,Despesa com Impulsionamento de Conteúdos,28000.0
250002550396,Correspondências e despesas postais,38150.0
250002550396,Despesa com Impulsionamento de Conteúdos,13400.0
250002550396,Despesas com pessoal,219440.0
250002550396,Locação/cessão de bens imóveis,8000.0
250002550396,Locação/cessão de bens móveis (exceto veículos),10000.0
250002550396,Publicidade por adesivos,620.0
250002550396,Publicidade por materiais impressos,65431.0
250002550396,Serviços advocatícios,1500.0
250002550396,Serviços contábeis,1500.0
250002550396,Serviços prestados por terceiros,3000.0
250002550397,Despesa com Impulsionamento de Conteúdos,670.74
250002550397,Diversas a especificar,27.7
250002550397,Serviços prestados por terceiros,25000.0
250002550399,Alimentação,627.0
250002550399,Cessão ou locação de veículos,22100.0
250002550399,Despesa com Impulsionamento de Conteúdos,7000.0
250002550399,Despesas com pessoal,87121.0
250002550399,"Encargos financeiros, taxas bancárias e/ou op. cartão de crédito",4.5
250002550399,Publicidade por adesivos,4190.0
250002550399,Publicidade por materiais impressos,61609.0
250002550399,Serviços contábeis,5000.0
250002550402,Alimentação,32.7
250002550402,Publicidade por materiais impressos,220.0
250002550403,"Produção de jingles, vinhetas e slogans",1500.0
250002550404,Atividades de militância e mobilização de rua,7500.0
250002550404,Combustíveis e lubrificantes,50.0
250002550408,Despesa com Impulsionamento de Conteúdos,5100.0
250002550410,Alimentação,157.52
250002550410,Diversas a especificar,127.63
250002550410,"Encargos financeiros, taxas bancárias e/ou op. cartão de crédito",0.5
250002550411,Atividades de militância e mobilização de rua,3000.0
250002550411,"Encargos financeiros, taxas bancárias e/ou op. cartão de crédito",3.0
250002550411,Publicidade por materiais impressos,820.0
250002550411,Serviços contábeis,2500.0
250002550411,Serviços prestados por terceiros,2000.0
250002550412,Despesa com Impulsionamento de Conteúdos,3500.0
250002550412,Serviços advocatícios,3000.0
250002550412,Serviços contábeis,3000.0
250002550412,Serviços prestados por terceiros,10000.0
250002550413,Atividades de militância e mobilização de rua,4110.0
250002550413,Despesa com Impulsionamento de Conteúdos,173.64999999999998
250002550413,"Encargos financeiros, taxas bancárias e/ou op. cartão de crédito",4.0
250002550413,Serviços prestados por terceiros,2100.0
250002550414,Atividades de militância e mobilização de rua,2000.0
250002550414,Despesas com pessoal,18100.0
250002550414,Diversas a especificar,369.0
250002550414,"Encargos financeiros, taxas bancárias e/ou op. cartão de crédito",4.0
250002550414,Eventos de promoção da candidatura,300.0
250002550414,Locação/cessão de bens imóveis,10000.0
250002550414,"Produção de jingles, vinhetas e slogans",300.0
250002550414,Publicidade por jornais e revistas,1200.0
250002550414,Publicidade por materiais impressos,7578.0
250002550414,Serviços contábeis,10000.0
250002550414,Serviços prestados por terceiros,10000.0
250002550417,Publicidade por materiais impressos,1000.0
250002550777,Publicidade por materiais impressos,3766.73
250002550777,Taxa de Administração de Financiamento Coletivo,62.97
250002551048,Publicidade por materiais impressos,3800.0
250002551049,Combustíveis e lubrificantes,849.67
250002551049,Despesa com Impulsionamento de Conteúdos,95000.0
250002551049,Despesas com pessoal,65450.0
250002551049,"Encargos financeiros, taxas bancárias e/ou op. cartão de crédito",39.0
250002551049,Serviços advocatícios,50000.0
250002551049,Serviços prestados por terceiros,228500.0
250002551050,Eventos de promoção da candidatura,7000.0
250002551050,"Produção de programas de rádio, televisão ou vídeo",3700.0
250002551050,Serviços advocatícios,36000.0
250002551050,Serviços prestados por terceiros,45000.0
250002551050,Serviços próprios prestados por terceiros,6000.0
250002551052,Alimentação,3140.0
250002551052,Despesa com Impulsionamento de Conteúdos,8000.0
250002551052,"Encargos financeiros, taxas bancárias e/ou op. cartão de crédito",3.0
250002551052,Materiais de expediente,419.5
250002551052,Publicidade por materiais impressos,16175.0
250002551052,Serviços prestados por terceiros,2000.0
250002551053,Atividades de militância e mobilização de rua,222197.0
250002551053,Cessão ou locação de veículos,3000.0
250002551053,Combustíveis e lubrificantes,116.81
250002551053,Despesas com pessoal,4052.3
250002551053,Diversas a especificar,5000.0
250002551053,"Produção de programas de rádio, televisão ou vídeo",10000.0
250002551053,Publicidade por materiais impressos,21000.0
250002551054,Despesa com Impulsionamento de Conteúdos,7500.0
250002551058,Despesa com Impulsionamento de Conteúdos,1000.0
250002551060,Despesa com Impulsionamento de Conteúdos,6000.0
250002551060,"Encargos financeiros, taxas bancárias e/ou op. cartão de crédito",1.5
250002551060,Locação/cessão de bens imóveis,3500.0
250002551060,Publicidade por materiais impressos,17637.4
250002551061,Cessão ou locação de veículos,6000.0
250002551061,Combustíveis e lubrificantes,280.78
250002551061,Despesas com pessoal,3500.0
250002551061,"Encargos financeiros, taxas bancárias e/ou op. cartão de crédito",1.0
250002551061,Materiais de expediente,60.0
250002551061,Publicidade por materiais impressos,3200.0
250002551063,Atividades de militância e mobilização de rua,49900.0
250002551063,Despesa com Impulsionamento de Conteúdos,30000.0
250002551063,Diversas a especificar,555.85
250002551063,"Encargos financeiros, taxas bancárias e/ou op. cartão de crédito",9.0
250002551063,Locação/cessão de bens imóveis,10000.0
250002551063,Publicidade por adesivos,538.0
250002551063,Publicidade por materiais impressos,1700.0
250002551063,Serviços prestados por terceiros,10000.0
250002551063,Taxa de Administração de Financiamento Coletivo,142.16
250002551064,Cessão ou locação de veículos,4300.0
250002551064,Despesas com pessoal,4161.0
250002551066,Publicidade por materiais impressos,3710.0
250002551067,Despesa com Impulsionamento de Conteúdos,1435.0900000000001
250002551067,Publicidade por materiais impressos,2315.0
250002551068,Alimentação,797.0
250002551068,Combustíveis e lubrificantes,1833.51
250002551068,Despesa com Impulsionamento de Conteúdos,10000.0
250002551068,Locação/cessão de bens imóveis,4000.0
250002551068,Publicidade por materiais impressos,1000.0
250002551069,Combustíveis e lubrificantes,1796.81
250002551069,Despesa com Impulsionamento de Conteúdos,48000.0
250002551069,Despesas com pessoal,56605.0
250002551069,Publicidade por adesivos,485.0
250002551069,Publicidade por materiais impressos,6000.0
250002551070,Despesas com pessoal,64500.0
250002551074,Despesas com pessoal,6700.0
250002551075,Atividades de militância e mobilização de rua,42000.0
250002551075,Despesa com Impulsionamento de Conteúdos,85000.0
250002551075,Diversas a especificar,13200.0
250002551075,Locação/cessão de bens imóveis,5600.0
250002551075,Publicidade por materiais impressos,59756.76
250002551075,Serviços prestados por terceiros,38056.38
250002551076,Alimentação,271.81
250002551076,Combustíveis e lubrificantes,1112.1100000000001
250002551076,Despesas com transporte ou deslocamento,10150.0
250002551076,"Produção de programas de rádio, televisão ou vídeo",1350.0
250002551076,Publicidade por materiais impressos,2420.0
250002551076,Serviços prestados por terceiros,36000.0
250002551076,Serviços próprios prestados por terceiros,16700.0
250002551077,Atividades de militância e mobilização de rua,7250.0
250002551077,Criação e inclusão de páginas na internet,10800.0
250002551077,Despesa com Impulsionamento de Conteúdos,32130.0
250002551077,Diversas a especificar,500.0
250002551077,"Encargos financeiros, taxas bancárias e/ou op. cartão de crédito",2.5
250002551077,Publicidade por materiais impressos,1350.0
250002551077,Serviços prestados por terceiros,10000.0
250002551081,Despesas com pessoal,25000.0
250002551081,"Encargos financeiros, taxas bancárias e/ou op. cartão de crédito",2.0
250002551081,Publicidade por materiais impressos,19990.0
250002551081,Serviços prestados por terceiros,20000.0
250002551082,Atividades de militância e mobilização de rua,4630.0
250002551082,Cessão ou locação de veículos,2500.0
250002551082,Despesa com Impulsionamento de Conteúdos,10000.0
250002551082,Despesas com Hospedagem,179.88
250002551082,Despesas com pessoal,1750.0
250002551082,Locação/cessão de bens imóveis,3500.0
250002551082,"Produção de jingles, vinhetas e slogans",350.0
250002551082,"Produção de programas de rádio, televisão ou vídeo",2500.0
250002551082,Publicidade por materiais impressos,14900.0
250002551082,Serviços advocatícios,5000.0
250002551082,Serviços contábeis,4500.0
250002551082,Serviços prestados por terceiros,9000.0
250002551085,Atividades de militância e mobilização de rua,82000.0
250002551085,Despesa com Impulsionamento de Conteúdos,61000.0
250002551085,Diversas a especificar,40.0
250002551085,Doações financeiras a outros candidatos/partidos,30000.0
250002551085,"Encargos financeiros, taxas bancárias e/ou op. cartão de crédito",18.6
250002551085,Publicidade por adesivos,200.0
250002551085,Publicidade por materiais impressos,983.99
250002551085,Serviços prestados por terceiros,50000.0
250002551088,Atividades de militância e mobilização de rua,26000.0
250002551088,Despesa com Impulsionamento de Conteúdos,2000.0
250002551088,"Encargos financeiros, taxas bancárias e/ou op. cartão de crédito",3.5
250002551088,Publicidade por materiais impressos,3800.0
250002551088,Serviços contábeis,2000.0
250002551090,Atividades de militância e mobilização de rua,159900.0
250002551090,Despesa com Impulsionamento de Conteúdos,502305.5
250002551090,Despesas com pessoal,5000.0
250002551090,"Encargos financeiros, taxas bancárias e/ou op. cartão de crédito",14.5
250002551090,Locação/cessão de bens imóveis,32000.0
250002551090,Publicidade por materiais impressos,8968.0
250002551090,Serviços prestados por terceiros,35000.0
250002551091,Despesa com Impulsionamento de Conteúdos,41.02
250002551092,Criação e inclusão de páginas na internet,71.6
250002551092,Publicidade por adesivos,2350.0
250002551092,Publicidade por materiais impressos,1380.0
250002551093,Despesa com Impulsionamento de Conteúdos,1000.0
250002551093,Despesas com pessoal,5700.0
250002551095,Despesa com Impulsionamento de Conteúdos,119000.0
250002551095,Publicidade por materiais impressos,37885.0
250002551096,Atividades de militância e mobilização de rua,26368.64
250002551096,Combustíveis e lubrificantes,8789.94
250002551096,Despesa com Impulsionamento de Conteúdos,21000.0
250002551096,Despesas com pessoal,59200.0
250002551096,"Encargos financeiros, taxas bancárias e/ou op. cartão de crédito",9.5
250002551096,"Produção de jingles, vinhetas e slogans",1000.0
250002551096,Publicidade por materiais impressos,62800.0
250002551096,Serviços advocatícios,8083.33
250002551097,Despesa com Impulsionamento de Conteúdos,50.0
250002551098,Cessão ou locação de veículos,4500.0
250002551098,Combustíveis e lubrificantes,729.1
250002551098,Criação e inclusão de páginas na internet,10000.0
250002551098,Despesa com Impulsionamento de Conteúdos,59999.0
250002551098,Despesas com pessoal,19984.0
250002551098,"Encargos financeiros, taxas bancárias e/ou op. cartão de crédito",5.5
250002551098,Locação/cessão de bens imóveis,6000.0
250002551098,Locação/cessão de bens móveis (exceto veículos),1580.0
250002551098,"Produção de programas de rádio, televisão ou vídeo",5000.0
250002551098,Publicidade por materiais impressos,40780.0
250002551098,Serviços prestados por terceiros,6550.0
250002551099,Combustíveis e lubrificantes,150.0
250002551099,Despesa com Impulsionamento de Conteúdos,5759.59
250002551099,Despesas com pessoal,3529.99
250002551099,Diversas a especificar,460.9
250002551099,Publicidade por materiais impressos,698.0
250002551099,Serviços prestados por terceiros,9000.0
250002551102,Despesa com Impulsionamento de Conteúdos,8000.0
250002551102,Serviços contábeis,10000.0
250002551102,Serviços próprios prestados por terceiros,5000.0
250002551103,Cessão ou locação de veículos,1200.0
250002551103,Combustíveis e lubrificantes,150.0
250002551103,Despesa com Impulsionamento de Conteúdos,7990.0
250002551103,Despesas com pessoal,7497.44
250002551103,"Encargos financeiros, taxas bancárias e/ou op. cartão de crédito",18.1
250002551103,Publicidade por adesivos,2215.0
250002551103,Publicidade por materiais impressos,10906.7
250002551104,Despesa com Impulsionamento de Conteúdos,38487.43
250002551104,Despesas com pessoal,15444.54
250002551104,"Encargos financeiros, taxas bancárias e/ou op. cartão de crédito",2.0
250002551104,Publicidade por adesivos,59332.0
250002551104,Publicidade por jornais e revistas,15000.0
250002551104,Publicidade por materiais impressos,138530.0
250002551104,Serviços contábeis,30000.0
250002551105,Despesas com pessoal,9000.0
250002551105,"Encargos financeiros, taxas bancárias e/ou op. cartão de crédito",2.0
250002551106,Despesa com Impulsionamento de Conteúdos,1384.0
250002551106,Despesas com transporte ou deslocamento,232.7
250002551106,"Encargos financeiros, taxas bancárias e/ou op. cartão de crédito",23.4
250002551106,Publicidade por materiais impressos,2727.5
250002551107,Atividades de militância e mobilização de rua,14000.0
250002551107,Despesa com Impulsionamento de Conteúdos,491.18
250002551107,Despesas com pessoal,1500.0
250002551107,"Encargos financeiros, taxas bancárias e/ou op. cartão de crédito",3.0
250002551107,Publicidade por materiais impressos,4580.0
250002551107,Serviços prestados por terceiros,6000.0
250002551108,Despesa com Impulsionamento de Conteúdos,15000.0
250002551109,Correspondências e despesas postais,155.6
250002551109,Despesa com Impulsionamento de Conteúdos,3000.0
250002551109,Despesas com pessoal,6000.0
250002551109,Diversas a especificar,1800.0
250002551109,Publicidade por materiais impressos,4700.0
250002551113,"Encargos financeiros, taxas bancárias e/ou op. cartão de crédito",1.0
250002551113,Locação/cessão de bens imóveis,8000.0
250002551114,Combustíveis e lubrificantes,469.37
250002551114,Diversas a especificar,239.08
250002551114,"Produção de jingles, vinhetas e slogans",200.0
250002551114,Publicidade por materiais impressos,2070.0
250002551116,Despesa com Impulsionamento de Conteúdos,5014.91
250002551116,Despesas com pessoal,8121.0
250002551116,Diversas a especificar,1080.0
250002551116,Publicidade por adesivos,21385.0
250002551117,Despesa com Impulsionamento de Conteúdos,8000.0
250002551117,"Encargos financeiros, taxas bancárias e/ou op. cartão de crédito",0.5
250002551118,Serviços prestados por terceiros,10000.0
250002551610,Encargos sociais,69.2
250002551610,Publicidade por materiais impressos,780.0
250002551610,Serviços contábeis,1620.0
250002551615,Taxa de Administração de Financiamento Coletivo,7.72
250002552594,Atividades de militância e mobilização de rua,16008.33
250002552594,"Encargos financeiros, taxas bancárias e/ou op. cartão de crédito",3.5
250002552594,Publicidade por materiais impressos,5306.0
250002552594,Serviços prestados por terceiros,30000.0
250002552613,Publicidade por materiais impressos,1014.0
250002552615,Despesa com Impulsionamento de Conteúdos,6000.0
250002552616,Publicidade por materiais impressos,745.0
250002552616,Serviços advocatícios,1000.0
250002552616,Serviços contábeis,250.0
250002552616,Serviços prestados por terceiros,200.0
250002552618,Despesa com Impulsionamento de Conteúdos,121.1
250002552631,Publicidade por materiais impressos,1068.0
250002552631,Serviços prestados por terceiros,25500.0
250002552634,Alimentação,1221.29
250002552634,Combustíveis e lubrificantes,1829.12
250002552634,Diversas a especificar,3183.02
250002552634,"Encargos financeiros, taxas bancárias e/ou op. cartão de crédito",1.0
250002552634,Publicidade por adesivos,1600.0
250002552634,Publicidade por materiais impressos,4123.81
250002552634,Serviços prestados por terceiros,5500.0
250002552637,Publicidade por materiais impressos,950.0
250002552638,Despesa com Impulsionamento de Conteúdos,7000.0
250002552638,Diversas a especificar,3740.0
250002552638,Locação/cessão de bens imóveis,2000.0
250002552638,"Produção de jingles, vinhetas e slogans",1000.0
250002552638,Publicidade por materiais impressos,4400.0
250002552640,Diversas a especificar,9575.0
250002552640,"Encargos financeiros, taxas bancárias e/ou op. cartão de crédito",2.5
250002552640,Publicidade por materiais impressos,4500.0
250002552647,Publicidade por materiais impressos,1400.0
250002552651,Publicidade por materiais impressos,283.2
250002552651,Serviços prestados por terceiros,28000.0
250002552652,Publicidade por materiais impressos,2600.0
250002552658,Diversas a especificar,820.0
250002552658,Publicidade por materiais impressos,300.0
250002552672,Despesa com Impulsionamento de Conteúdos,8.0
250002552680,Publicidade por adesivos,9237.0
250002552680,Publicidade por materiais impressos,1400.0
250002554013,Publicidade por materiais impressos,1160.0
250002554014,Publicidade por materiais impressos,1160.0
250002554016,Publicidade por materiais impressos,1160.0
250002554017,Publicidade por materiais impressos,1160.0
250002554021,Publicidade por materiais impressos,1160.0
250002554022,Publicidade por materiais impressos,1160.0
250002554023,Publicidade por materiais impressos,1160.0
250002554024,Publicidade por materiais impressos,1160.0
250002554025,Publicidade por materiais impressos,1160.0
250002554026,Publicidade por materiais impressos,1160.0
250002554027,Publicidade por materiais impressos,1160.0
250002554030,Publicidade por materiais impressos,1160.0
250002554032,Publicidade por materiais impressos,1160.0
250002554105,Atividades de militância e mobilização de rua,8750.0
250002554105,Cessão ou locação de veículos,6700.0
250002554105,Criação e inclusão de páginas na internet,438.0
250002554105,Despesa com Impulsionamento de Conteúdos,10000.0
250002554105,Despesas com pessoal,37500.0
250002554105,Locação/cessão de bens imóveis,22000.0
250002554105,Publicidade por materiais impressos,21804.86
250002554105,Serviços contábeis,25000.0
250002554105,Serviços prestados por terceiros,124312.4
250002554106,Despesa com Impulsionamento de Conteúdos,5000.0
250002554106,Publicidade por materiais impressos,18000.0
250002554107,Despesas com pessoal,38200.0
250002554107,"Encargos financeiros, taxas bancárias e/ou op. cartão de crédito",6.0
250002554107,Locação/cessão de bens imóveis,3000.0
250002554107,Materiais de expediente,486.61
250002554213,Cessão ou locação de veículos,4000.0
250002554213,Despesas com pessoal,7500.0
250002554213,Locação/cessão de bens imóveis,5000.0
